student_id,total_risk,risk_rank
pjxyqwbj673,0.7681,1
pjxyqwbj276,0.7369,2
pjxyqxbk217,0.7046,3
pjxyqwbk551,0.7045,4
pjxrqxbj988,0.6841,5
pjxuqwbj594,0.6803,6
pjxyqxbk140,0.6782,7
pjxyqxbj762,0.6776,8
pjxyqwbj409,0.6716,9
pjwtqxbj971,0.6623,10
pjxyqxbj448,0.6587,11
pjxuzvbj991,0.6535,12
pjxyqwbj825,0.6453,13
pjxyqxbj718,0.6453,14
pjxqzxbj967,0.6452,15
pjxyqwbk686,0.645,16
pjxyqxbk685,0.6397,17
pjxyqwbj288,0.6368,18
pjxyqxbl755,0.6364,19
pjxyqwbj397,0.6331,20
pjxwxxbj963,0.6317,21
pjxyqxbj048,0.6299,22
pjxuqwbj861,0.6292,23
pjxyqwbj542,0.629,24
pjxyqxbk257,0.6288,25
pjxyqwbj659,0.6281,26
pjxuqwbj974,0.6257,27
pjxuqwbj497,0.625,28
pjxyqwbj149,0.6222,29
pjxuqwbj955,0.6207,30
pjxyqxbj347,0.6188,31
pjxrqxbj905,0.6187,32
pjxyqxbk723,0.6169,33
pjxyqwbk799,0.6089,34
pjxyqxbk746,0.6076,35
pjxyqxbj710,0.6041,36
pjxyqwbk511,0.6022,37
pjxyqxbl713,0.5994,38
pjxuqwbj799,0.5984,39
pjxyqwbj913,0.5978,40
pjxuqwbj701,0.5971,41
pjxrqxbj916,0.5961,42
pjxyqwbj876,0.5946,43
pjxyqxbl746,0.5937,44
pjxrqxbj914,0.5925,45
pjxyqxbk468,0.5909,46
pjxyqxbl723,0.5908,47
pjxsqxbj823,0.5904,48
pjxuqwbj695,0.5902,49
pjxyqwbj986,0.5871,50
pjxsqxbj751,0.5811,51
pjxyqwbk724,0.5796,52
pjxyqwbj924,0.579,53
pjxqzxbj982,0.5787,54
pjxyqwbk777,0.5778,55
pjxyqwbj692,0.5706,56
pjxyqwbk504,0.5679,57
pjxyqwbk920,0.5651,58
pjxyqwbk896,0.5648,59
pjxuqwbj589,0.5628,60
pjxyqxbl703,0.5627,61
pjxuqwbj772,0.5618,62
pjxyqxbk261,0.5608,63
pjxyqxbl980,0.5583,64
pjxyqwbj059,0.5579,65
pjxyqxbj743,0.5527,66
pjxyqxbk895,0.5508,67
pjxyqxbk825,0.5447,68
pjxsqxbj921,0.5444,69
pjxyqxbj642,0.5434,70
200307700011,0.5427,71
pjxyqxbj054,0.5424,72
pjxyqwbj971,0.5419,73
pjxyqwbj625,0.5416,74
pjxyqxbj980,0.5413,75
pjwrqxbj998,0.5399,76
pjxuqwbj558,0.5399,77
pjxwxxbj924,0.5398,78
pjxyqxbl789,0.5397,79
pjxuqwbj492,0.5395,80
pjxyqwbj585,0.536,81
pjxpqxbj930,0.5345,82
pjxyqwbk510,0.5331,83
pjxyqxbl839,0.5312,84
pjxyqxbj327,0.5297,85
pjxyqxbk505,0.5272,86
pjxyqxbj015,0.5261,87
pjxyqxbj545,0.5258,88
pjxyqwbj007,0.5257,89
pjxxxxbj963,0.5252,90
pjxyqwbj253,0.5248,91
pjxyqxbk419,0.5238,92
pjxyqwbj664,0.5203,93
pjwtqxbj942,0.5198,94
pjxyqxbj469,0.5196,95
pjxuqwbj806,0.5191,96
pjxsqxbj864,0.5188,97
pjxyqwbk622,0.5186,98
pjxxztbj995,0.5177,99
pjxuqwbj489,0.5177,100
pjxyqwbk859,0.5175,101
pjxuqwbj988,0.5174,102
pjxyqxbl712,0.5149,103
pjxyqxbk501,0.5148,104
pjxyqxbk370,0.5143,105
pjxyqwbj941,0.5136,106
pjxyqxbj827,0.5118,107
pjxyqwbk922,0.5118,108
pjxyqxbk911,0.51,109
pjxyqwbj248,0.5095,110
pjxyqwbj193,0.5083,111
pjxyqxbj312,0.5068,112
pjxtztbj985,0.5064,113
pjxyqwbj305,0.5062,114
pjxyqxbk445,0.5059,115
pjxpqxbj946,0.5047,116
pjxyqwbj579,0.5045,117
pjxyqwbj262,0.5038,118
pjxuqwbj474,0.5037,119
pjxyqxbl745,0.5029,120
pjxyqwbj090,0.5028,121
pjxyqwbj710,0.5027,122
pjxyqxbj896,0.5025,123
pjxyqwbj112,0.5019,124
pjxyqxbk158,0.5011,125
pjxyqxbl808,0.5001,126
pjxyqwbj688,0.4985,127
pjxyqwbj737,0.4984,128
pjxyqwbj344,0.4971,129
pjxuqwbj985,0.4968,130
pjxyqwbj086,0.4961,131
pjxpqxbj963,0.496,132
pjxyqwbj842,0.4952,133
pjxyqxbk228,0.4939,134
pjxyqwbj525,0.4932,135
pjxrqxbj963,0.4928,136
pjxyqwbk559,0.4928,137
pjxyqwbj621,0.4912,138
pjxyqwbj237,0.4908,139
pjxsqxbj962,0.4905,140
pjxyqxbj250,0.4903,141
pjxrqxbj962,0.4903,142
pjxpqxbj944,0.4901,143
pjxyqxbk243,0.4888,144
pjxyqxbj653,0.4886,145
pjxuqwbj783,0.4872,146
pjwrqxbj890,0.487,147
pjxyqxbk195,0.487,148
pjxyqxbj290,0.4862,149
pjxyqxbj261,0.4853,150
pjxyqxbj337,0.4847,151
pjxyqxbl684,0.4834,152
pjxyqxbl797,0.4822,153
pjxyqwbk603,0.4822,154
pjxyqxbl910,0.4802,155
pjxyqxbl847,0.4799,156
pjxyqxbk950,0.4786,157
pjxyqxbk024,0.4785,158
pjxyqxbk319,0.4781,159
pjxyqwbk700,0.4776,160
pjxyqwbk736,0.4773,161
pjxyqxbk065,0.4771,162
pjxyqxbk760,0.4769,163
pjxyqwbj219,0.4766,164
pjxyqxbj241,0.4764,165
pjxyqwbj485,0.4761,166
pjxyqxbk317,0.4755,167
pjxyqwbk991,0.4741,168
pjxyqwbj054,0.4733,169
pjxyqxbk329,0.4732,170
pjxyqxbj433,0.4731,171
pjxyqxbj207,0.4728,172
pjxyqxbj935,0.4727,173
pjxyqxbj818,0.4715,174
pjxyqxbk458,0.4711,175
pjxyqwbk807,0.4708,176
pjxyqxbj521,0.4707,177
pjxyqxbj540,0.47,178
pjxyqxbk705,0.4692,179
pjxyqxbl929,0.4685,180
pjxyqwbj100,0.4683,181
pjxpqxbj977,0.4683,182
pjxyqwbj154,0.4677,183
pjxyqwbj192,0.4674,184
pjxyqwbj464,0.4672,185
pjxyqwbj985,0.4654,186
pjxyqxbk076,0.4651,187
pjxyqxbk486,0.4648,188
pjxsqxbj906,0.4646,189
pjxyqxbk578,0.4646,190
pjxyqxbl896,0.4646,191
pjxyqxbj096,0.464,192
pjxyqwbk720,0.4637,193
pjxqzxbj975,0.4635,194
pjxyqwbj741,0.4627,195
pjxyqwbk666,0.4625,196
pjxyqxbk980,0.4623,197
pjxsqxbj876,0.4613,198
pjxyqxbk655,0.4606,199
pjxyqwbj695,0.4602,200
pjxyqxbk816,0.4595,201
pjxsqxbj944,0.4592,202
pjxyqxbk019,0.4592,203
pjxyqxbj570,0.4592,204
pjxyqxbl866,0.4589,205
pjxyqxbj113,0.4588,206
pjxyqwbj129,0.4584,207
pjxyqwbj293,0.4583,208
pjxsqxbj829,0.458,209
pjxyqxbk606,0.458,210
pjxyqxbk791,0.4578,211
pjxyqxbj119,0.4566,212
pjxuqwbj800,0.456,213
pjxyqxbk398,0.455,214
pjxyqxbk662,0.455,215
pjwtqxbj914,0.4547,216
pjxyqxbk621,0.4543,217
pjxyqxbj419,0.4536,218
pjxyqxbk965,0.4536,219
pjxyqxbk101,0.4535,220
pjxyqxbj012,0.4534,221
pjxyqxbk865,0.4533,222
pjxyqwbj640,0.4532,223
pjxyqxbk000,0.4526,224
pjxyqxbk391,0.4526,225
pjxqqxbj985,0.4519,226
pjxuqwbj784,0.4518,227
pjxyqxbj947,0.4517,228
pjwuzxbj992,0.4514,229
pjxyqxbk415,0.4511,230
pjxyqxbk626,0.4504,231
pjxqzxbj983,0.4502,232
pjxuqwbj573,0.4495,233
pjxyqxbj950,0.4494,234
pjxyqxbk414,0.4488,235
pjxyqxbl673,0.4487,236
pjxrqxbj903,0.4484,237
pjxyqxbk378,0.4479,238
pjxyqwbk756,0.4477,239
pjxtztbj986,0.4467,240
pjxyqwbj190,0.4465,241
pjxyqwbj336,0.4463,242
pjxyqwbj857,0.4461,243
pjxyqwbk931,0.4458,244
pjxyqwbj117,0.4458,245
pjxyqxbj884,0.4451,246
pjxyqwbj944,0.4447,247
pjxpqxbj994,0.4446,248
pjxyqxbk339,0.4436,249
pjxyqxbk551,0.4435,250
pjxyqwbj732,0.4432,251
pjxyqwbj089,0.4423,252
pjxyqxbj470,0.4415,253
pjxwzxfj991,0.4413,254
pjxyqwbk928,0.4409,255
pjxqqxbj957,0.4409,256
pjxvzxbj996,0.4404,257
pjxyqwbk615,0.4397,258
pjxyqxbj599,0.4391,259
pjxqqxbj974,0.439,260
pjxyqwbj109,0.4389,261
pjxwxxbj899,0.4387,262
pjxuqwbj605,0.4385,263
pjxyqwbj946,0.4383,264
pjwrqxbj911,0.4381,265
pjxyqxbk107,0.438,266
pjxuqwbj986,0.4379,267
pjxyqxbk894,0.4378,268
pjxqqxbj959,0.4376,269
pjxuqwbj845,0.4375,270
pjxyqwbj594,0.4373,271
pjxyqxbk936,0.437,272
pjxpqxbj915,0.4368,273
pjxyqwbk721,0.4367,274
pjxyqxbk630,0.4365,275
pjxuqwbj898,0.4365,276
pjxyqwbj884,0.4361,277
pjxuqwbj500,0.4361,278
pjxyqxbj032,0.4358,279
pjxyqwbk544,0.4357,280
pjxyqxbl737,0.4347,281
pjxyqxbk839,0.4346,282
pjxyqwbj646,0.4337,283
pjxyqwbj478,0.4324,284
pjxyqxbj658,0.4323,285
pjxuqwbj552,0.4314,286
pjxyqwbj367,0.4313,287
pjxyqwbk761,0.4312,288
pjxyqxbj151,0.4308,289
pjxuqwbj663,0.4299,290
pjxuqwbj837,0.4298,291
pjxyqwbk537,0.4294,292
pjxyqwbj742,0.4289,293
pjxrqxbj957,0.4281,294
pjxyqwbk536,0.4281,295
pjxyqxbj146,0.4276,296
pjxyqwbj088,0.4275,297
pjxyqxbk853,0.4269,298
pjxwxxbj970,0.4267,299
pjxxxxbj986,0.4266,300
pjxyqwbj468,0.4256,301
pjxyqxbj527,0.4254,302
pjxuqwbj714,0.4248,303
pjxyqxbk794,0.4245,304
pjxyqxbj253,0.4234,305
pjxyqwbj368,0.423,306
pjxuqwbj610,0.4225,307
pjxyqwbj838,0.4213,308
pjxyqxbk935,0.4209,309
pjxwxxbj916,0.4207,310
pjxqqxbj961,0.4204,311
pjxpqxbj967,0.4203,312
pjxyqxbj769,0.4202,313
pjxyqxbk307,0.4201,314
pjxuqwbj770,0.419,315
pjxuqwbj582,0.419,316
pjxyqxbj198,0.4179,317
pjxyqwbk631,0.4178,318
pjxyqxbk097,0.4174,319
pjxyqwbk698,0.4167,320
pjxyqxbj750,0.4165,321
pjxyqxbj679,0.416,322
pjxyqwbj656,0.4141,323
pjxyqxbj726,0.414,324
pjxpqxbj937,0.4139,325
pjxyqxbk582,0.4135,326
pjxwzxbj993,0.4134,327
pjxuqwbj528,0.4129,328
pjxwxxbj930,0.4128,329
pjxuqwbj818,0.4126,330
pjxyqxbk644,0.4124,331
pjxyqwbk889,0.4114,332
pjxyqwbj327,0.4106,333
pjxyqwbj085,0.4088,334
pjxyqxbk094,0.4075,335
pjxyqwbj191,0.4073,336
pjxyqxbj160,0.4073,337
pjxyqwbj847,0.4069,338
pjxuqwbj781,0.4059,339
pjxuqwbj450,0.4057,340
pjxyqxbl830,0.4056,341
pjxrqxbj973,0.4054,342
pjxyqwbk953,0.4049,343
pjxyqxbk043,0.4042,344
pjxyqwbj588,0.404,345
pjxyqxbj893,0.4038,346
pjxyqwbk583,0.4037,347
pjxuqwbj525,0.4033,348
pjxuqwbj750,0.4027,349
pjxrqxbj943,0.4022,350
pjxyqwbk826,0.4021,351
pjxyqxbk742,0.402,352
pjxuqwbj698,0.4013,353
pjxrqxbj955,0.4007,354
pjxuqwbj890,0.4005,355
pjxyqxbj507,0.4002,356
pjxuqwbj639,0.4001,357
pjxuqwbj705,0.3988,358
pjxyqwbk845,0.3985,359
pjxyqxbj895,0.3983,360
pjxyqwbj888,0.3981,361
pjxyqxbj681,0.3971,362
pjxuqwbj585,0.3961,363
pjxyqxbk733,0.3955,364
pjxrqxbj996,0.3954,365
pjxyqwbk620,0.3951,366
pjxyqxbl886,0.395,367
pjxyqxbl858,0.3947,368
pjxyqwbj555,0.3946,369
pjxsqxbj862,0.3939,370
pjxyqwbj205,0.3935,371
pjxuqwbj591,0.3934,372
pjxqqxbj964,0.3933,373
pjxyqxbl828,0.3929,374
pjxsqxbj877,0.3926,375
pjxrqxbj990,0.3926,376
pjxyqxbk399,0.3925,377
pjxyqxbj262,0.3919,378
pjxyqxbk125,0.3917,379
pjxyqxbl815,0.3914,380
pjxuqwbj804,0.3913,381
pjxsqxbj831,0.3908,382
pjxyqwbk668,0.3897,383
pjxyqwbj598,0.3896,384
pjxyqxbj869,0.3893,385
pjxyqxbj795,0.389,386
pjxyqwbk538,0.3887,387
pjxyqwbj691,0.3881,388
pjxyqwbj156,0.3879,389
pjxyqwbj356,0.3877,390
pjxuqwbj593,0.3876,391
pjxuqwbj538,0.3876,392
pjxyqxbk775,0.3876,393
pjxyqwbj754,0.3871,394
pjxyqwbj592,0.3858,395
pjxyqxbj857,0.3857,396
pjxyqxbk745,0.3856,397
pjxyqxbl817,0.3855,398
pjxyqwbj718,0.3855,399
pjxyqxbj512,0.3849,400
pjxuqwbj496,0.3849,401
pjxyqwbj760,0.3849,402
pjwrqxbj916,0.3848,403
pjxyqxbk302,0.384,404
pjxyqxbj760,0.3832,405
pjxsqxbj983,0.383,406
pjxyqwbk893,0.3829,407
pjxsqxbj857,0.3825,408
pjxuqwbj830,0.3823,409
pjxrqxbj898,0.3812,410
pjxyqwbj658,0.3812,411
pjxyqxbk031,0.3804,412
pjxyqwbj518,0.3802,413
pjxxxxbj941,0.3797,414
pjxyqxbk772,0.3794,415
pjxyqwbk951,0.3794,416
pjxqzxbj979,0.3792,417
pjwrqxbj948,0.3792,418
pjwtqxbj965,0.379,419
pjxuqwbj847,0.3788,420
pjxuqwbj679,0.3788,421
pjxyqxbl804,0.3785,422
pjxyqwbj380,0.3783,423
pjxyqwbk540,0.3783,424
pjxyqwbk996,0.3779,425
pjxyqxbj968,0.3777,426
pjxyqxbk731,0.3775,427
pjxyqxbk609,0.3774,428
pjxyqwbj522,0.377,429
pjxuqwbj445,0.3769,430
pjxyqxbk524,0.3762,431
pjxyqwbj454,0.3762,432
pjxyqwbj321,0.3761,433
pjxyqxbk495,0.3758,434
pjxyqwbk701,0.3755,435
pjxyqwbj340,0.3755,436
pjxyqxbl955,0.3754,437
pjxyqwbk808,0.3754,438
pjxyqwbj589,0.3752,439
pjwrqxbj898,0.3747,440
pjxyqwbj787,0.3744,441
pjxyqxbk294,0.3736,442
pjxyqwbj033,0.3734,443
pjxyqwbk824,0.3734,444
pjwrqxbj919,0.3734,445
pjxxxxbj970,0.3732,446
pjxyqxbk954,0.3731,447
pjxuqwbj490,0.3731,448
pjxyqxbj607,0.373,449
pjxyqxbk916,0.3729,450
pjxqzxbj985,0.3729,451
pjxqqxbj986,0.3726,452
pjxyqxbl759,0.3724,453
pjxyqxbj214,0.3723,454
pjwrqxbj918,0.3721,455
pjxyqxbk067,0.372,456
pjxyqxbj374,0.3717,457
pjxyqwbk919,0.3716,458
pjxuzvbj996,0.3716,459
pjxyqxbk780,0.3715,460
pjxyqwbj366,0.3715,461
pjxyqxbk201,0.3715,462
pjxyqxbk350,0.3712,463
pjxyqwbj671,0.3704,464
pjxyqxbl763,0.3703,465
pjxxxxbj955,0.3703,466
pjxuqwbj787,0.3703,467
pjxyqwbk542,0.3703,468
pjxyqwbj077,0.3699,469
pjxyqwbj174,0.3698,470
pjxyqwbj444,0.3697,471
pjxyqwbj785,0.3696,472
pjxyqxbj922,0.3696,473
pjxuqwbj796,0.3696,474
pjxyqxbk629,0.3695,475
pjxpqxbj927,0.3695,476
pjxyqxbk680,0.3695,477
pjxyqwbk541,0.3692,478
pjxwxxbj908,0.3688,479
pjxuqwbj574,0.3683,480
pjxyqxbl717,0.3682,481
pjxyqwbk521,0.3681,482
pjxyqwbj632,0.3681,483
pjxyqwbj347,0.368,484
pjxyqxbk520,0.3679,485
pjxyqwbj043,0.3673,486
pjxyqwbj391,0.367,487
pjxyqxbl957,0.3669,488
pjxyqxbj277,0.3669,489
pjxxzxkj979,0.3669,490
pjxyqwbj159,0.3667,491
pjxyqwbj755,0.3665,492
pjxyqxbj933,0.3662,493
pjxyqxbl796,0.3659,494
pjxyqxbk298,0.3659,495
pjxyqwbk604,0.3658,496
pjxyqwbk815,0.3657,497
pjxsqxbj916,0.3655,498
pjxsqxbj820,0.3652,499
pjxyqxbj124,0.3651,500
pjxyqwbj577,0.3651,501
pjxyqwbj584,0.365,502
pjxyqwbj126,0.3649,503
pjxuqwbj903,0.3649,504
pjxyqxbk211,0.3647,505
pjxyqwbj036,0.3647,506
pjxyqwbj433,0.3646,507
pjxuqwbj545,0.3646,508
pjxyqxbk803,0.3646,509
pjxyqxbj114,0.3644,510
pjxuqwbj606,0.3644,511
pjxxzxbj998,0.3642,512
pjxyqwbk884,0.3642,513
pjxyqwbj651,0.3642,514
pjxyqxbj955,0.3641,515
pjxpqxbj932,0.364,516
pjxyqxbj415,0.364,517
pjxuqwbj905,0.3639,518
pjxyqxbl921,0.3639,519
pjxyqxbk841,0.3639,520
pjxuqwbj805,0.3638,521
pjxyqwbk653,0.3636,522
pjxuqwbj503,0.3634,523
pjxyqwbk796,0.3634,524
pjxyqxbj169,0.3631,525
pjxyqxbk263,0.363,526
pjxuqwbj778,0.3629,527
pjxyqwbk735,0.3626,528
pjwrqxbj924,0.3625,529
pjxwxxbj964,0.3622,530
pjxsqxbj971,0.3622,531
pjxyqwbk585,0.3617,532
pjxyqwbk925,0.3613,533
pjxyqxbk497,0.361,534
pjxyqwbk999,0.361,535
pjxyqxbk013,0.3609,536
pjxyqxbj776,0.3608,537
pjxyqwbk895,0.3608,538
pjxyqwbk741,0.3607,539
pjxyqwbj660,0.3604,540
pjxyqwbj617,0.3604,541
pjxyqwbk871,0.3603,542
pjwtqxbj967,0.3603,543
pjxxxxbj987,0.3603,544
pjxyqxbk782,0.3603,545
pjxyqxbk273,0.3602,546
pjxyqxbk604,0.3601,547
pjxyqxbl779,0.3601,548
pjxyqxbj777,0.3599,549
pjxyqxbj753,0.3599,550
pjxuqwbj904,0.3598,551
pjxxxxbj922,0.3598,552
pjxyqxbk789,0.3597,553
pjxsqxbj918,0.3597,554
pjwrqxbj935,0.3596,555
pjxqqxbj982,0.3593,556
pjxyqwbj830,0.3591,557
pjxyqwbj333,0.359,558
pjxuqwbj634,0.3589,559
pjxyqxbl990,0.3588,560
pjxyqwbj764,0.3588,561
pjxyqwbj139,0.3587,562
pjxxxxbj901,0.3586,563
pjxsqxbj787,0.3584,564
pjxyqxbl963,0.3583,565
pjxyqwbj631,0.3581,566
pjxxztbj998,0.358,567
pjxuqwbj676,0.3577,568
pjxyqwbj560,0.3576,569
pjxuqwbj517,0.3575,570
pjxxxxbj921,0.3574,571
pjxyqwbj004,0.3572,572
pjxsqxbj925,0.3572,573
pjxyqwbj699,0.3571,574
pjxyqwbj104,0.3567,575
pjxyqwbk727,0.3567,576
pjxuqwbj666,0.3566,577
pjxyqxbj162,0.3566,578
pjxpqxbj955,0.3563,579
pjxyqxbk882,0.3563,580
pjxyqxbl919,0.3562,581
pjxwxxbj934,0.3562,582
pjxxxxbj975,0.3562,583
pjxyqwbj452,0.3561,584
pjxyqwbk795,0.3561,585
pjxyqxbj399,0.356,586
pjxyqwbj455,0.356,587
pjxyqxbj740,0.356,588
pjxyqxbj669,0.3558,589
pjxyqxbl687,0.3557,590
pjxyqxbk232,0.3557,591
pjxyqwbk769,0.3555,592
pjxyqwbj035,0.3555,593
pjxyqxbk909,0.3554,594
pjxyqxbk513,0.3554,595
pjxyqxbk150,0.3553,596
pjxyqwbj914,0.3552,597
pjxyqxbk679,0.3551,598
pjxyqxbk700,0.355,599
pjxyqxbj132,0.3549,600
pjxuqwbj925,0.3549,601
pjxyqwbj590,0.3548,602
pjxyqxbk827,0.3548,603
pjxyqxbj323,0.3546,604
pjxyqwbj146,0.3546,605
pjxyqwbj685,0.3546,606
pjxyqxbj410,0.3546,607
pjxyqxbj027,0.3544,608
pjxyqxbj701,0.3542,609
pjxsqxbj812,0.3542,610
pjxwzxbj996,0.3542,611
pjxuqwbj933,0.354,612
pjxyqwbj027,0.3539,613
pjxyqwbj249,0.3539,614
pjxuqwbj803,0.3538,615
pjxyqxbk961,0.3536,616
pjxyqxbl753,0.3535,617
pjxuqwbj631,0.3534,618
pjxyqxbk840,0.3533,619
pjxyqxbk583,0.3533,620
pjxyqwbj868,0.3532,621
pjxyqwbk862,0.3532,622
pjxyqxbj147,0.3531,623
pjxuqwbj609,0.353,624
pjxyqxbj102,0.3528,625
pjxyqxbk039,0.3528,626
pjxyqxbj541,0.3527,627
pjxyqwbk868,0.3527,628
pjxyqxbl730,0.3526,629
pjxxxxbj980,0.3525,630
pjxyqxbk287,0.3525,631
pjxuqwbj654,0.3524,632
pjxuqwbj917,0.3523,633
pjwrqxbj980,0.352,634
pjxsqxbj996,0.3519,635
pjxyqxbk500,0.3518,636
pjxyqwbj811,0.3518,637
pjxyqwbk855,0.3517,638
pjxsqxbj981,0.3516,639
pjwtqxbj969,0.3516,640
pjxyqxbk627,0.3516,641
pjxyqwbj418,0.3516,642
pjxrqxbj951,0.3516,643
pjxwxxbj949,0.3514,644
pjxyqxbl812,0.3514,645
pjxyqwbk636,0.3514,646
pjxyqxbk535,0.3513,647
pjxuqwbj460,0.3513,648
pjxyqxbj092,0.3512,649
pjxyqxbj909,0.3512,650
pjwtqxbj952,0.3511,651
pjxyqxbk437,0.351,652
pjxyqwbj185,0.351,653
pjxyqwbk782,0.3509,654
pjxyqxbj771,0.3505,655
pjxrqxbj945,0.3505,656
pjxyqxbl827,0.3502,657
pjxyqxbk434,0.3501,658
pjxuqwbj953,0.35,659
pjxyqxbj501,0.35,660
pjxyqxbj405,0.35,661
pjxyqxbj066,0.3499,662
pjwtqxbj935,0.3499,663
pjxyqxbk631,0.3499,664
pjxyqwbj627,0.3499,665
pjxxxxbj942,0.3499,666
pjxyqxbj451,0.3498,667
pjxyqxbj334,0.3497,668
pjxyqxbl869,0.3497,669
pjxyqxbk799,0.3496,670
pjxyqwbj506,0.3495,671
pjxyqwbj285,0.3495,672
pjxyqwbj044,0.3495,673
pjxyqwbj041,0.3494,674
pjxyqxbl872,0.3494,675
pjxuqwbj686,0.3494,676
pjxyqxbj492,0.3494,677
pjxyqxbk676,0.3494,678
pjxyqwbk831,0.3493,679
pjxyqwbj031,0.3492,680
pjxyqxbj121,0.3492,681
pjxuqwbj692,0.3491,682
pjxsqxbj780,0.3491,683
pjwrqxbj901,0.349,684
pjxsqxbj936,0.3489,685
pjxyqwbk623,0.3487,686
pjxyqxbk470,0.3487,687
pjxyqxbj812,0.3486,688
pjxyqwbk710,0.3484,689
pjxyqwbk513,0.3483,690
pjxyqwbj278,0.3482,691
pjxyqxbk926,0.3482,692
pjxyqwbk632,0.3482,693
pjxyqwbj422,0.3482,694
pjxyqwbk899,0.3481,695
pjxyqxbj173,0.348,696
pjxyqwbj834,0.348,697
pjxyqxbj562,0.348,698
pjxyqxbl793,0.3478,699
pjwrqxbj991,0.3478,700
pjxyqwbj408,0.3478,701
pjxyqxbj905,0.3477,702
pjxyqwbj895,0.3477,703
pjxyqxbl708,0.3476,704
pjxpqxbj918,0.3476,705
pjxyqwbk661,0.3476,706
pjxyqxbk522,0.3475,707
pjxyqxbk546,0.3474,708
pjxyqwbj463,0.3471,709
pjxyqwbk548,0.347,710
pjxuzxbj986,0.347,711
pjwtqxbj976,0.347,712
pjxyqwbj744,0.347,713
pjxyqwbj608,0.347,714
pjxyqwbk865,0.347,715
pjxsqxbj888,0.3469,716
pjxyqwbk764,0.3469,717
pjxuqwbj615,0.3469,718
pjxyqwbk531,0.3469,719
pjxyqwbk671,0.3467,720
pjxuqwbj586,0.3467,721
pjxyqxbk253,0.3466,722
pjxyqxbj780,0.3463,723
pjxyqwbk810,0.3463,724
pjxyqwbj223,0.3463,725
pjxyqxbj063,0.346,726
pjxyqwbj003,0.346,727
pjxyqxbl900,0.3459,728
pjxyqwbj122,0.3458,729
pjxyqxbk596,0.3458,730
pjxyqxbk953,0.3457,731
pjxyqxbk905,0.3457,732
pjxyqxbj835,0.3455,733
pjxxzxkj978,0.3454,734
pjxsqxbj922,0.3453,735
pjxyqxbj035,0.3453,736
pjxyqwbk673,0.3452,737
pjxwzxkj985,0.3451,738
pjxyqxbj610,0.3451,739
pjxyqxbj315,0.3448,740
pjxyqxbj984,0.3447,741
pjxyqxbk649,0.3446,742
pjxyqxbj630,0.3446,743
pjwtqxbj932,0.3445,744
pjxyqxbj397,0.3445,745
pjxyqwbj662,0.3445,746
pjxyqwbj084,0.3445,747
pjxyqxbj765,0.3443,748
pjxuqwbj535,0.3443,749
pjwtqxbj939,0.3442,750
pjxyqwbk828,0.3442,751
pjxyqxbj044,0.3441,752
pjxyqwbj669,0.344,753
pjxyqxbk144,0.3439,754
pjvyzxbj995,0.3439,755
pjxqzxbj984,0.3438,756
pjxyqxbk074,0.3438,757
pjxrqxbj928,0.3438,758
pjxyqxbl893,0.3437,759
pjxyqxbj756,0.3437,760
pjxyqwbj221,0.3437,761
pjxyqwbj802,0.3436,762
pjxyqwbj087,0.3436,763
pjwtqxbj968,0.3436,764
pjxyqxbj584,0.3431,765
pjxyqxbj868,0.343,766
pjxyqxbj578,0.3429,767
pjxuqwbj723,0.3428,768
pjxsqxbj815,0.3428,769
pjxyqwbk562,0.3428,770
pjxyqwbk962,0.3427,771
pjxrqxbj918,0.3427,772
pjxyqxbj031,0.3427,773
pjxyqwbj713,0.3427,774
pjxyqwbj896,0.3426,775
pjxsqxbj985,0.3425,776
pjxyqwbj939,0.3425,777
pjxyqwbj864,0.3425,778
pjxuqwbj476,0.3425,779
pjxwxxbj928,0.3425,780
pjxyqxbk005,0.3425,781
pjxuqwbj479,0.3424,782
pjxxxxbj958,0.3423,783
pjxsqxbj792,0.3422,784
pjwrqxbj905,0.342,785
pjxwxxbj941,0.342,786
pjxyqxbj018,0.3419,787
pjxyqxbj889,0.3419,788
pjxyqwbj927,0.3418,789
pjxyqxbk997,0.3417,790
pjxyqxbj574,0.3417,791
pjxwxxbj967,0.3413,792
pjxvzxbj997,0.3413,793
pjxyqwbj078,0.3413,794
pjxyqxbk163,0.3412,795
pjxsqxbj764,0.3412,796
pjxyqwbj902,0.3411,797
pjxyqxbk022,0.3411,798
pjxyqwbk514,0.341,799
pjxyqxbj319,0.3408,800
pjxyqwbj991,0.3407,801
pjxuqwbj992,0.3407,802
pjxyqwbj488,0.3407,803
pjxyqwbj108,0.3407,804
pjxyqwbj903,0.3406,805
pjxwxxbj972,0.3406,806
pjxuqwbj954,0.3405,807
pjxyqxbj663,0.3404,808
pjxyqxbk674,0.3403,809
pjxsqxbj796,0.3403,810
pjxyqxbj581,0.3401,811
pjxyqwbj979,0.3401,812
pjxyqwbj532,0.34,813
pjxyqxbk603,0.3399,814
pjxuqwbj678,0.3398,815
pjxsqxbj997,0.3398,816
pjxsqxbj789,0.3396,817
pjxyqxbj224,0.3396,818
pjxsqxbj942,0.3396,819
pjxyqwbk509,0.3396,820
pjwtqxbj977,0.3396,821
pjwtqxbj928,0.3396,822
pjwrqxbj984,0.3395,823
pjxyqwbj023,0.3395,824
pjxyqxbk594,0.3395,825
pjxyqwbk746,0.3395,826
pjxyqxbk236,0.3394,827
pjxyqwbj479,0.3394,828
pjxyqxbj333,0.3393,829
pjxyqxbk182,0.3393,830
pjxyqwbj472,0.3393,831
pjxyqwbj236,0.3391,832
pjxqqxbj996,0.339,833
pjxuqwbj761,0.339,834
pjxxxxbj953,0.339,835
pjxyqwbj697,0.3389,836
pjxrqxbj944,0.3389,837
pjxyqwbk713,0.3389,838
pjxuqwbj879,0.3388,839
pjxyqxbj043,0.3388,840
pjxyqxbk751,0.3388,841
pjxyqxbj832,0.3387,842
pjxwzxkj989,0.3387,843
pjxyqxbj391,0.3386,844
pjxyqwbk665,0.3385,845
pjxyqwbk802,0.3385,846
pjxyqxbk131,0.3385,847
pjxyqwbj763,0.3385,848
pjxsqxbj994,0.3383,849
pjxyqwbj566,0.3383,850
pjxyqwbj872,0.3382,851
pjxyqwbj015,0.3382,852
pjxyqxbj024,0.3382,853
pjxyqxbk562,0.3382,854
pjxyqxbj159,0.3381,855
pjxyqwbj476,0.3381,856
pjwtqxbj993,0.3381,857
pjxyqwbj935,0.338,858
pjxyqxbk640,0.338,859
pjxyqxbj490,0.3378,860
pjxyqwbj615,0.3377,861
pjxqzxbj996,0.3377,862
pjxyqxbj683,0.3376,863
pjxyqwbj150,0.3376,864
pjxsqxbj908,0.3375,865
pjxwxxbj927,0.3374,866
pjxyqwbk745,0.3374,867
pjxyqxbk331,0.3374,868
pjxyqxbk477,0.3373,869
pjxyqwbj101,0.3372,870
pjxrqxbj911,0.3372,871
pjxyqxbj907,0.3371,872
pjxsqxbj779,0.3371,873
pjxyqxbk349,0.3369,874
pjxsqxbj982,0.3369,875
pjxyqwbj856,0.3368,876
pjxyqxbk878,0.3366,877
pjxyqwbj789,0.3363,878
pjxsqxbj825,0.3363,879
pjxuqwbj980,0.3363,880
pjxyqwbk779,0.3362,881
pjxyqxbk528,0.3362,882
pjxuqwbj694,0.3361,883
pjxuqwbj854,0.3361,884
pjxuzxbj987,0.3361,885
pjxxxxbj957,0.336,886
pjxyqxbj978,0.336,887
pjxyqwbk923,0.3359,888
pjxqqxbj979,0.3358,889
pjxuqwbj876,0.3358,890
pjwrqxbj955,0.3358,891
pjxyqwbj497,0.3357,892
pjxyqwbj889,0.3357,893
pjxyqxbj294,0.3356,894
pjxyqxbk765,0.3356,895
pjxyqxbk295,0.3355,896
pjxyqxbj305,0.3355,897
pjxuqwbj870,0.3354,898
pjxyqwbj808,0.3353,899
pjxyqwbk806,0.3351,900
pjxyqwbj328,0.335,901
pjxyqxbj225,0.335,902
pjxyqxbj052,0.3349,903
pjxyqxbj945,0.3349,904
pjxuqwbj498,0.3348,905
pjxyqwbj188,0.3348,906
pjxyqxbl930,0.3348,907
pjxyqwbj833,0.3347,908
pjxyqxbj864,0.3346,909
pjwrqxbj938,0.3346,910
pjxsqxbj821,0.3345,911
pjxyqxbl836,0.3345,912
pjxyqwbj837,0.3344,913
pjxyqwbj540,0.3343,914
pjxsqxbj949,0.3343,915
pjxyqwbk804,0.3342,916
pjxuqwbj491,0.3342,917
pjxyqxbj348,0.3342,918
pjxyqxbk527,0.3342,919
pjxyqxbk663,0.3342,920
pjxyqxbk661,0.3342,921
pjxxzxkj983,0.3341,922
pjxyqxbk872,0.3341,923
pjxyqwbj315,0.3341,924
pjxyqwbk772,0.3341,925
pjxyqwbj425,0.3341,926
pjxyqwbj777,0.334,927
pjxyqwbk793,0.334,928
pjxuqwbj622,0.3339,929
pjxyqwbj082,0.3339,930
pjxyqwbj394,0.3339,931
pjxyqxbk530,0.3338,932
pjxyqxbk843,0.3338,933
pjxyqxbj554,0.3337,934
pjxwxxbj938,0.3336,935
pjxyqxbk148,0.3336,936
pjxsqxbj886,0.3334,937
pjxyqxbl950,0.3334,938
pjxyqwbj169,0.3333,939
pjwrzxbj996,0.3331,940
pjxyqxbk364,0.3331,941
pjxqqxbj981,0.333,942
pjxyqwbj203,0.3329,943
pjxyqwbj961,0.3328,944
pjxyqwbj224,0.3327,945
pjxrqxbj983,0.3326,946
pjxyqxbj533,0.3326,947
pjxyqwbj050,0.3326,948
pjxyqxbj217,0.3326,949
pjwtqxbj921,0.3326,950
pjxyqwbj072,0.3326,951
pjxyqxbl758,0.3326,952
pjxyqxbk811,0.3326,953
pjxyqwbj636,0.3325,954
pjxpqxbj985,0.3325,955
pjxpqxbj956,0.3323,956
pjxyqxbk224,0.3323,957
pjxyqwbj591,0.3321,958
pjxuqwbj738,0.332,959
pjwrqxbj929,0.332,960
pjxyqwbk812,0.332,961
pjxyqxbj428,0.332,962
pjxxzxbj995,0.332,963
pjxyqxbk918,0.3319,964
pjxuqwbj857,0.3318,965
pjxyqwbj809,0.3318,966
pjwrqxbj926,0.3318,967
pjxyqwbj852,0.3317,968
pjxyqwbj949,0.3317,969
pjxyqxbj278,0.3317,970
pjxqzxbj997,0.3317,971
pjxyqxbk325,0.3316,972
pjxyqwbk578,0.3316,973
pjxyqxbl752,0.3315,974
pjxyqwbk814,0.3315,975
pjxyqwbj701,0.3313,976
pjxuqwbj918,0.3313,977
pjxuqwbj814,0.3312,978
pjxyqwbk717,0.3312,979
pjxsqxbj957,0.3312,980
pjxyqwbj049,0.3312,981
pjxuqwbj511,0.3312,982
pjxyqwbj207,0.3312,983
pjxuqwbj658,0.3312,984
pjxyqxbl891,0.3311,985
pjxyqxbk937,0.3311,986
pjxyqxbl982,0.331,987
pjxyqwbj769,0.331,988
pjxyqxbk820,0.3309,989
pjxyqxbj524,0.3309,990
pjxpqxbj916,0.3308,991
pjxrqxbj937,0.3308,992
pjxyqxbk066,0.3307,993
pjxyqxbk718,0.3306,994
pjxyqwbk601,0.3306,995
pjxyqxbl907,0.3306,996
pjxyqwbk647,0.3305,997
pjwtqxbj930,0.3305,998
pjxwxxbj951,0.3304,999
pjxyqwbj758,0.3304,1000
pjxyqxbk737,0.3304,1001
pjxyqwbk844,0.3304,1002
pjxuqwbj745,0.3304,1003
pjxuqwbj757,0.3303,1004
pjxtztbj997,0.3303,1005
pjxyqwbj613,0.3303,1006
pjxwzxbj997,0.3302,1007
pjxyqwbj348,0.3302,1008
pjxyqxbj038,0.3301,1009
pjxsqxbj808,0.3301,1010
pjwtqxbj950,0.33,1011
pjxyqxbk934,0.3299,1012
pjxyqwbk767,0.3298,1013
pjxpqxbj969,0.3297,1014
pjxyqxbk632,0.3297,1015
pjxyqxbl686,0.3296,1016
pjxyqxbk318,0.3294,1017
pjxyqxbj491,0.3293,1018
pjxyqxbk210,0.3292,1019
pjwtqxbj998,0.3291,1020
pjxwzxbj985,0.3291,1021
pjxyqwbj266,0.3291,1022
pjxyqxbj293,0.329,1023
pjxyqwbj932,0.329,1024
pjxuqwbj763,0.3289,1025
pjxyqxbj065,0.3288,1026
pjxyqxbl962,0.3288,1027
pjxyqxbk516,0.3288,1028
pjxyqxbj148,0.3288,1029
pjxyqxbk047,0.3287,1030
pjxxzxkj998,0.3286,1031
pjxyqwbj958,0.3286,1032
pjxyqwbj509,0.3285,1033
pjxyqxbl988,0.3285,1034
pjxyqwbj046,0.3285,1035
pjxyqwbk910,0.3284,1036
pjxyqwbj251,0.3283,1037
pjxyqwbk964,0.3282,1038
pjxyqwbj402,0.3282,1039
pjwtqxbj946,0.3282,1040
pjxyqwbj062,0.3282,1041
pjxrqxbj942,0.3281,1042
pjxyqxbk595,0.3281,1043
pjxyqxbj636,0.328,1044
pjxyqxbj629,0.328,1045
pjxyqxbj667,0.3279,1046
pjxyqwbk967,0.3276,1047
pjxyqwbj782,0.3276,1048
pjxyqwbj733,0.3275,1049
pjxyqwbj885,0.3275,1050
pjxyqxbj637,0.3274,1051
pjxyqxbj279,0.3274,1052
pjxsqxbj840,0.3274,1053
pjxyqxbk023,0.3273,1054
pjxyqwbj300,0.3273,1055
pjxyqxbk341,0.3273,1056
pjxuqwbj633,0.3273,1057
pjxyqxbk903,0.3273,1058
pjxyqxbj129,0.3272,1059
pjxyqwbj869,0.3272,1060
pjxyqxbj659,0.3271,1061
pjxyqwbj318,0.3271,1062
pjxyqwbj799,0.327,1063
pjxuqwbj786,0.327,1064
pjxyqxbj155,0.3269,1065
pjxyqwbk866,0.3269,1066
pjxyqxbk915,0.3269,1067
pjxsqxbj788,0.3269,1068
pjxyqwbj515,0.3268,1069
pjxsqxbj851,0.3268,1070
pjxyqwbk747,0.3267,1071
pjxpqxbj934,0.3267,1072
pjxwxxbj907,0.3266,1073
pjxyqxbk388,0.3266,1074
pjxyqwbj492,0.3266,1075
pjxyqxbk863,0.3266,1076
pjxyqxbj577,0.3266,1077
pjxyqxbl975,0.3266,1078
pjxqqxbj989,0.3266,1079
pjxyqxbk105,0.3265,1080
pjxyqxbk472,0.3265,1081
pjxyqwbk788,0.3264,1082
pjxyqwbk520,0.3264,1083
pjxrqxbj969,0.3264,1084
pjxyqwbj634,0.3264,1085
pjxyqxbk549,0.3263,1086
pjxyqxbj729,0.3263,1087
pjxyqxbj002,0.3262,1088
pjxsqxbj884,0.3262,1089
pjxxxxbj988,0.3261,1090
pjxyqwbj937,0.3261,1091
pjxyqxbk402,0.326,1092
pjxuqwbj648,0.326,1093
pjxwxxbj960,0.326,1094
pjxuqwbj812,0.326,1095
pjxyqxbk015,0.3259,1096
pjxyqwbj018,0.3259,1097
pjwrqxbj974,0.3258,1098
pjxyqxbl965,0.3257,1099
pjxyqxbk375,0.3257,1100
pjwtqxbj933,0.3257,1101
pjxyqwbk642,0.3257,1102
pjxpqxbj919,0.3256,1103
pjxyqwbj677,0.3256,1104
pjxyqwbj905,0.3256,1105
pjxsqxbj881,0.3256,1106
pjxwxxbj914,0.3256,1107
pjxyqxbl964,0.3255,1108
pjxyqwbk770,0.3255,1109
pjxrqxbj978,0.3254,1110
pjxyqxbj340,0.3253,1111
pjxyqwbj022,0.3253,1112
pjxyqxbl807,0.3253,1113
pjxyqwbj530,0.3251,1114
pjxyqwbk621,0.325,1115
pjxuqwbj858,0.325,1116
pjxuqwbj962,0.325,1117
pjxqzxbj980,0.3249,1118
pjxyqxbl743,0.3248,1119
pjxqqxbj970,0.3248,1120
pjxuqwbj958,0.3247,1121
pjxyqxbk601,0.3247,1122
pjxyqwbj322,0.3247,1123
pjxyqwbj569,0.3247,1124
pjxyqwbk729,0.3246,1125
pjxwxxbj993,0.3245,1126
pjxyqwbj527,0.3245,1127
pjxyqwbk595,0.3245,1128
pjxyqwbj611,0.3244,1129
pjxuqwbj873,0.3244,1130
pjxyqxbk880,0.3244,1131
pjxyqxbk276,0.3243,1132
pjxyqxbj628,0.3242,1133
pjxyqxbk643,0.3242,1134
pjxyqxbl704,0.3242,1135
pjwtqxbj984,0.3241,1136
pjxqqxbj998,0.3241,1137
pjxyqwbk708,0.324,1138
pjxyqxbj736,0.324,1139
pjxuzxbj997,0.3239,1140
pjxyqwbj648,0.3239,1141
pjxuqwbj826,0.3238,1142
pjwtqxbj929,0.3237,1143
pjxuqwbj774,0.3236,1144
pjxwzxkj993,0.3235,1145
pjxyqxbk469,0.3235,1146
pjxyqwbj966,0.3234,1147
pjxyqxbj144,0.3234,1148
pjxyqwbk675,0.3233,1149
pjxyqwbk549,0.3233,1150
pjxyqxbj105,0.3232,1151
pjxyqxbj088,0.3232,1152
pjwrqxbj949,0.3231,1153
pjxxxxbj917,0.3231,1154
pjxyqxbj559,0.3231,1155
pjxyqxbk481,0.3231,1156
pjxyqxbj645,0.3231,1157
pjxyqxbk899,0.323,1158
pjxyqxbk861,0.323,1159
pjxyqxbj691,0.3229,1160
pjxuqwbj712,0.3229,1161
pjxyqxbk828,0.3228,1162
pjxyqxbj703,0.3228,1163
pjxyqxbl806,0.3228,1164
pjxyqxbj355,0.3228,1165
pjwrqxbj994,0.3228,1166
pjxyqwbj850,0.3227,1167
pjxyqwbj302,0.3227,1168
pjxyqxbj269,0.3227,1169
pjxyqxbj317,0.3227,1170
pjxyqxbk943,0.3226,1171
pjxyqxbk446,0.3225,1172
pjxyqxbj638,0.3225,1173
pjxyqwbj922,0.3224,1174
pjxsqxbj965,0.3223,1175
pjxyqxbk121,0.3223,1176
pjxyqxbj586,0.3223,1177
pjxyqxbj098,0.3223,1178
pjxsqxbj790,0.3222,1179
pjxyqwbj379,0.3222,1180
pjxrqxbj952,0.3221,1181
pjxyqxbl874,0.3221,1182
pjxwzxkj996,0.3221,1183
pjxuqwbj838,0.322,1184
pjxyqxbl966,0.322,1185
pjwtqxbj918,0.322,1186
pjxyqxbj320,0.3218,1187
pjxyqxbk460,0.3217,1188
pjxyqxbj051,0.3216,1189
pjxuqwbj536,0.3216,1190
pjxrqxbj981,0.3215,1191
pjxyqwbj334,0.3215,1192
pjxyqwbj828,0.3215,1193
pjxyqxbj949,0.3215,1194
pjxyqwbk954,0.3214,1195
pjxyqxbj145,0.3214,1196
pjxyqxbk290,0.3213,1197
pjxyqwbk829,0.3212,1198
pjxyqxbk855,0.3211,1199
pjxqqxbj988,0.321,1200
pjxyqxbl736,0.3209,1201
pjxyqxbk683,0.3209,1202
pjxsqxbj966,0.3209,1203
pjxyqxbj255,0.3208,1204
pjxyqxbj520,0.3208,1205
pjxyqwbj977,0.3207,1206
pjxyqwbj375,0.3207,1207
pjxyqwbj441,0.3206,1208
pjxyqxbl826,0.3206,1209
pjxxxxbj995,0.3205,1210
pjxyqxbk889,0.3204,1211
pjxyqwbj508,0.3204,1212
pjxyqwbj940,0.3203,1213
pjxuqwbj621,0.3202,1214
pjxyqwbj400,0.3202,1215
pjxyqxbk556,0.3201,1216
pjxyqwbj687,0.32,1217
pjxyqwbj822,0.3199,1218
pjxyqxbj192,0.3199,1219
pjxyqxbl765,0.3198,1220
pjxyqxbk826,0.3198,1221
pjxyqwbj001,0.3198,1222
pjxyqxbj565,0.3198,1223
pjxyqwbj564,0.3198,1224
pjxyqxbj995,0.3197,1225
pjxuqwbj581,0.3197,1226
pjxyqxbj709,0.3197,1227
pjxyqwbj663,0.3197,1228
pjxpqxbj978,0.3196,1229
pjxyqxbj400,0.3196,1230
pjxyqxbj910,0.3196,1231
pjxyqxbj731,0.3196,1232
pjxxzxkj997,0.3195,1233
pjxyqxbl969,0.3194,1234
pjxyqxbk543,0.3194,1235
pjxsqxbj826,0.3193,1236
pjxyqwbj548,0.3193,1237
pjxsqxbj844,0.3193,1238
pjxyqxbk642,0.319,1239
pjxyqxbj039,0.319,1240
pjxyqxbj714,0.3189,1241
pjxyqxbl709,0.3189,1242
pjxyqxbk448,0.3189,1243
pjxyqwbj339,0.3189,1244
pjxyqxbj772,0.3188,1245
pjwtzxbj996,0.3188,1246
pjxyqxbk958,0.3187,1247
pjxyqxbk277,0.3187,1248
pjxyqwbj791,0.3187,1249
pjxyqwbj245,0.3186,1250
pjxyqwbj605,0.3186,1251
pjxuqwbj928,0.3184,1252
pjxyqxbl992,0.3183,1253
pjxyqxbk633,0.3182,1254
pjxyqxbk272,0.3182,1255
pjxuqwbj726,0.3182,1256
pjxyqxbj964,0.3182,1257
pjxyqwbj095,0.3182,1258
pjxyqxbj921,0.3182,1259
pjxyqxbk314,0.3182,1260
pjxyqwbj554,0.318,1261
pjxyqwbj164,0.318,1262
pjxuqwbj643,0.318,1263
pjxyqxbj784,0.3179,1264
pjxyqwbj242,0.3179,1265
pjxyqxbj969,0.3179,1266
pjxyqxbj789,0.3179,1267
pjxyqwbj926,0.3179,1268
pjxyqxbk706,0.3179,1269
pjxyqxbk346,0.3178,1270
pjxyqwbk644,0.3178,1271
pjxrqxbj901,0.3178,1272
pjxyqwbj604,0.3177,1273
pjxyqwbk638,0.3177,1274
pjxuqwbj691,0.3176,1275
pjxuqwbj641,0.3175,1276
pjxyqwbk943,0.3175,1277
pjwrqxbj983,0.3175,1278
pjxuqwbj967,0.3174,1279
pjxyqxbl854,0.3174,1280
pjxwzxbj986,0.3174,1281
pjxyqxbk902,0.3174,1282
pjxuqwbj853,0.3174,1283
pjxsqxbj969,0.3173,1284
pjwtqxbj947,0.3172,1285
pjxyqxbk908,0.3172,1286
pjxyqxbj828,0.3171,1287
pjxyqwbj092,0.3171,1288
pjxyqxbj682,0.3171,1289
pjxxxxbj966,0.317,1290
pjxsqxbj810,0.317,1291
pjxyqxbj120,0.317,1292
pjxyqwbk529,0.317,1293
pjxyqxbl774,0.3169,1294
pjxyqwbj844,0.3169,1295
pjxyqxbj885,0.3168,1296
pjxyqxbj282,0.3168,1297
pjxyqwbj277,0.3167,1298
pjxyqxbk159,0.3167,1299
pjxyqxbj694,0.3166,1300
pjxyqxbj918,0.3166,1301
pjxyqwbk879,0.3164,1302
pjwuzxbj995,0.3163,1303
pjxyqwbk813,0.3162,1304
pjxyqxbl904,0.3162,1305
pjxyqxbj770,0.3162,1306
pjxyqxbl678,0.3161,1307
pjxsqxbj786,0.3161,1308
pjxyqwbk584,0.316,1309
pjxyqwbk716,0.3158,1310
pjxyqxbl735,0.3158,1311
pjxuqwbj785,0.3156,1312
pjxyqxbj272,0.3155,1313
pjxyqxbj125,0.3154,1314
pjxyqxbk927,0.3154,1315
pjxyqxbj728,0.3153,1316
pjxuqwbj584,0.3153,1317
pjxyqwbk902,0.3153,1318
pjxyqwbk678,0.3152,1319
pjxyqwbk618,0.3152,1320
pjxyqwbj772,0.3151,1321
pjxyqwbj232,0.3151,1322
pjxyqxbk052,0.315,1323
pjxuqwbj638,0.3149,1324
pjxyqwbk527,0.3148,1325
pjxsqxbj863,0.3148,1326
pjxyqxbk167,0.3147,1327
pjxyqxbk138,0.3147,1328
pjxyqwbj678,0.3147,1329
pjxyqwbj727,0.3146,1330
pjxwxxbj940,0.3146,1331
pjxyqwbj052,0.3146,1332
pjxyqxbk715,0.3146,1333
pjxyqwbj989,0.3145,1334
pjxsqxbj984,0.3145,1335
pjxyqwbk592,0.3144,1336
pjxyqwbj013,0.3144,1337
pjxyqwbj384,0.3144,1338
pjxyqxbj511,0.3143,1339
pjxyqxbj060,0.3143,1340
pjxyqxbk080,0.3142,1341
pjxrqxbj958,0.3139,1342
pjxsqxbj809,0.3138,1343
pjxqqxbj951,0.3138,1344
pjxsqxbj765,0.3138,1345
pjxyqxbj525,0.3138,1346
pjxyqxbk068,0.3138,1347
pjxyqwbj871,0.3138,1348
pjxyqxbk457,0.3138,1349
pjxyqxbk373,0.3138,1350
pjxyqxbk335,0.3136,1351
pjxuqwbj527,0.3135,1352
pjxyqwbj361,0.3134,1353
pjxyqwbj388,0.3132,1354
pjwtqxbj920,0.3132,1355
pjxuqwbj848,0.3132,1356
pjxyqwbk581,0.3132,1357
pjxyqxbj897,0.3132,1358
pjxyqwbj776,0.3131,1359
pjxuqwbj618,0.313,1360
pjxxxxbj904,0.313,1361
pjxyqxbj807,0.3128,1362
pjxyqwbj163,0.3128,1363
pjxyqxbj034,0.3128,1364
pjxuqwbj721,0.3126,1365
pjxyqwbj252,0.3126,1366
pjxyqwbj453,0.3125,1367
pjxyqxbj953,0.3125,1368
pjxyqxbj242,0.3125,1369
pjxyqxbl985,0.3124,1370
pjxyqwbj873,0.3124,1371
pjxyqxbk531,0.3124,1372
pjxuqwbj748,0.3123,1373
pjxyqwbj574,0.3123,1374
pjxuqwbj600,0.3123,1375
pjwtqxbj944,0.3123,1376
pjxyqwbk907,0.3122,1377
pjxyqxbk506,0.3122,1378
pjxpqxbj925,0.3122,1379
pjxyqwbj582,0.312,1380
pjxyqxbj872,0.312,1381
pjxrqxbj961,0.312,1382
pjxyqxbk474,0.312,1383
pjwrqxbj988,0.312,1384
pjxyqxbj505,0.3119,1385
pjwrqxbj978,0.3118,1386
pjxpqxbj981,0.3118,1387
pjxuqwbj674,0.3117,1388
pjxyqxbk230,0.3117,1389
pjxuqwbj996,0.3116,1390
pjxyqxbj271,0.3114,1391
pjxwxxbj910,0.3114,1392
pjxuqwbj944,0.3114,1393
pjxqqxbj969,0.3114,1394
pjwrqxbj979,0.3114,1395
pjxyqxbj957,0.3114,1396
pjxrqxbj892,0.3113,1397
pjvyzxbj998,0.3113,1398
pjwtqxbj954,0.3113,1399
pjxyqxbk180,0.3112,1400
pjxyqwbj069,0.3112,1401
pjxyqxbk075,0.3111,1402
pjxyqxbk147,0.3111,1403
pjxyqxbk218,0.3111,1404
pjwtqxbj953,0.3111,1405
pjxyqxbl751,0.3111,1406
pjxyqxbj815,0.3111,1407
pjxuqwbj540,0.311,1408
pjxyqwbk694,0.311,1409
pjxyqxbj952,0.3109,1410
pjxyqwbk594,0.3108,1411
pjxyqxbl714,0.3108,1412
pjxuqwbj734,0.3107,1413
pjxyqxbk539,0.3107,1414
pjxsqxbj811,0.3106,1415
pjxyqxbj879,0.3106,1416
pjxuqwbj894,0.3105,1417
pjxyqxbk885,0.3104,1418
pjxsqxbj946,0.3104,1419
pjxyqxbk155,0.3104,1420
pjxyqxbj648,0.3104,1421
pjwtqxbj988,0.3103,1422
pjxyqxbk971,0.3103,1423
pjxyqxbl781,0.3103,1424
pjxyqxbk525,0.3102,1425
pjxyqxbj361,0.3102,1426
pjxyqxbk822,0.3101,1427
pjxyqwbj299,0.3101,1428
pjwrqxbj985,0.3101,1429
pjxsqxbj801,0.31,1430
pjxyqwbk791,0.31,1431
pjxyqxbk484,0.3099,1432
pjwrqxbj913,0.3099,1433
pjxyqxbj528,0.3099,1434
pjxyqxbj459,0.3099,1435
pjxyqwbj886,0.3098,1436
pjxuqwbj651,0.3098,1437
pjxyqwbj301,0.3097,1438
pjxyqxbj626,0.3096,1439
pjxuqwbj773,0.3096,1440
pjxyqxbj180,0.3095,1441
pjxyqxbj725,0.3094,1442
pjxsqxbj752,0.3094,1443
pjwrqxbj977,0.3093,1444
pjxyqxbk846,0.3093,1445
pjxuqwbj468,0.3093,1446
pjxyqxbj325,0.3093,1447
pjxyqwbj965,0.3092,1448
pjxuqwbj483,0.3092,1449
pjxyqxbj153,0.3092,1450
pjxyqxbj583,0.3091,1451
pjxyqwbj430,0.3091,1452
pjxyqxbj898,0.3091,1453
pjxyqwbj933,0.3091,1454
pjxyqxbj919,0.3091,1455
pjxyqxbj761,0.309,1456
pjxsqxbj882,0.3088,1457
pjxyqxbl688,0.3088,1458
pjxxzxkj995,0.3088,1459
pjxyqwbj883,0.3087,1460
pjxpqxbj954,0.3086,1461
pjxsqxbj954,0.3086,1462
pjxyqxbk021,0.3085,1463
pjxyqwbj396,0.3085,1464
pjxsqxbj834,0.3084,1465
pjxyqxbj670,0.3084,1466
pjxyqxbk697,0.3084,1467
pjxyqwbj398,0.3083,1468
pjxxxxbj912,0.3081,1469
pjxrqxbj894,0.308,1470
pjxyqxbk615,0.3079,1471
pjwtqxbj974,0.3079,1472
pjxyqwbj947,0.3079,1473
pjxyqxbj862,0.3077,1474
pjxyqxbj739,0.3077,1475
pjxuqwbj878,0.3077,1476
pjxsqxbj843,0.3076,1477
pjxyqxbj972,0.3076,1478
pjxuqwbj751,0.3076,1479
pjxyqxbj460,0.3075,1480
pjxsqxbj827,0.3075,1481
pjxyqwbk607,0.3075,1482
pjxyqwbj950,0.3075,1483
pjxuqwbj642,0.3074,1484
pjxyqwbk652,0.3074,1485
pjxyqxbj537,0.3072,1486
pjxsqxbj976,0.3071,1487
pjxuqwbj833,0.3071,1488
pjxyqxbl996,0.3071,1489
pjxuqwbj839,0.3071,1490
pjxuqwbj485,0.307,1491
pjxyqwbk650,0.307,1492
pjxqqxbj977,0.3069,1493
pjxyqxbj643,0.3069,1494
pjxuqwbj916,0.3069,1495
pjxqqxbj983,0.3066,1496
pjxyqxbk757,0.3065,1497
pjxyqxbj283,0.3064,1498
pjxuqwbj562,0.3064,1499
pjxyqwbk679,0.3064,1500
pjxyqxbl857,0.3063,1501
pjxsqxbj953,0.3063,1502
pjxyqxbl925,0.3062,1503
pjxxxxbj989,0.3062,1504
pjxyqxbk154,0.3062,1505
pjxqqxbj949,0.3062,1506
pjxuqwbj608,0.3062,1507
pjwrqxbj920,0.3061,1508
pjxyqwbj325,0.3061,1509
pjxuqwbj461,0.3059,1510
pjxuqwbj519,0.3058,1511
pjxuqwbj914,0.3058,1512
pjxyqxbl710,0.3057,1513
pjxpqxbj957,0.3057,1514
pjxyqxbk220,0.3056,1515
pjxyqwbk792,0.3056,1516
pjxyqwbk781,0.3055,1517
pjxyqxbl937,0.3054,1518
pjxyqwbj955,0.3053,1519
pjxyqxbl816,0.3052,1520
pjxyqwbj274,0.3052,1521
pjxyqwbj773,0.3051,1522
pjxyqxbk519,0.3051,1523
pjxyqwbk966,0.3051,1524
pjxyqxbk137,0.3051,1525
pjxyqxbk281,0.3049,1526
pjxrqxbj919,0.3048,1527
pjxuqwbj927,0.3048,1528
pjxyqwbj421,0.3048,1529
pjxyqxbj646,0.3047,1530
pjxyqxbj851,0.3047,1531
pjxyqxbk590,0.3045,1532
pjwrqxbj882,0.3045,1533
pjxyqxbj182,0.3045,1534
pjxrqxbj908,0.3045,1535
pjwrqxbj944,0.3044,1536
pjxyqxbj973,0.3044,1537
pjxyqxbk198,0.3043,1538
pjxrqxbj971,0.3043,1539
pjxyqwbj410,0.3043,1540
pjxyqwbk755,0.3043,1541
pjxyqxbj707,0.3043,1542
pjxsqxbj872,0.3042,1543
pjxyqxbj687,0.3042,1544
pjxyqxbk573,0.3042,1545
pjxuqwbj566,0.3041,1546
pjxyqwbj531,0.3041,1547
pjxyqwbj836,0.304,1548
pjxxxxbj923,0.304,1549
pjxyqwbj967,0.3039,1550
pjxuqwbj881,0.3039,1551
pjxyqwbj803,0.3039,1552
pjxyqxbj757,0.3039,1553
pjxpqxbj926,0.3038,1554
pjxsqxbj938,0.3038,1555
pjxyqwbj130,0.3037,1556
pjxyqwbj917,0.3036,1557
pjxyqwbj393,0.3036,1558
pjxsqxbj816,0.3036,1559
pjxuqwbj877,0.3036,1560
pjxyqxbk867,0.3035,1561
pjxyqxbj285,0.3034,1562
pjwrqxbj884,0.3034,1563
pjxyqxbl738,0.3033,1564
pjxyqxbj519,0.3033,1565
pjxyqxbj722,0.3033,1566
pjxyqxbl742,0.3032,1567
pjxyqxbj576,0.3032,1568
pjxyqxbj744,0.3031,1569
pjxyqxbj353,0.3031,1570
pjxyqwbk839,0.3031,1571
pjxuqwbj952,0.303,1572
pjxyqxbj068,0.303,1573
pjxuqwbj488,0.303,1574
pjxsqxbj900,0.303,1575
pjxwzxkj992,0.3029,1576
pjxyqxbk162,0.3029,1577
pjxyqwbj401,0.3028,1578
pjxuqwbj930,0.3028,1579
pjxpqxbj975,0.3028,1580
pjxyqxbj737,0.3028,1581
pjxsqxbj904,0.3027,1582
pjxsqxbj784,0.3027,1583
pjxyqxbk873,0.3027,1584
pjxyqwbj775,0.3026,1585
pjxyqwbj630,0.3025,1586
pjxuqwbj831,0.3024,1587
pjxyqwbk830,0.3023,1588
pjxuqwbj473,0.3023,1589
pjxyqwbj461,0.3022,1590
pjxyqxbj605,0.3022,1591
pjxuqwbj739,0.3022,1592
pjxyqwbk856,0.3021,1593
pjxqqxbj991,0.302,1594
pjxyqxbk995,0.3018,1595
pjxyqwbj098,0.3018,1596
pjxyqxbk941,0.3018,1597
pjxyqwbj563,0.3017,1598
pjxyqxbk011,0.3016,1599
pjxyqxbj365,0.3015,1600
pjxsqxbj909,0.3015,1601
pjxyqxbj692,0.3015,1602
pjwrqxbj993,0.3015,1603
pjxyqxbj067,0.3014,1604
pjxyqwbk993,0.3014,1605
pjxyqxbk566,0.3014,1606
pjxyqxbj548,0.3013,1607
pjwrqxbj952,0.3012,1608
pjxyqwbk731,0.3012,1609
pjxyqxbj046,0.3011,1610
pjxyqxbj432,0.3011,1611
pjxyqwbk624,0.3011,1612
pjxyqxbj779,0.301,1613
pjxyqxbk025,0.301,1614
pjxyqxbk614,0.3009,1615
pjxyqxbj876,0.3008,1616
pjxyqwbk870,0.3006,1617
pjxyqwbk762,0.3004,1618
pjxyqwbj272,0.3004,1619
pjxyqxbj064,0.3003,1620
pjxyqxbk792,0.3002,1621
pjxyqwbj486,0.3002,1622
pjxyqxbk086,0.3002,1623
pjxyqxbl780,0.3001,1624
pjxsqxbj941,0.3001,1625
pjxyqxbj021,0.3001,1626
pjxyqxbk503,0.3,1627
pjxyqwbk697,0.2999,1628
pjxyqxbj798,0.2999,1629
pjxyqxbk183,0.2998,1630
pjxyqxbj991,0.2998,1631
pjxyqxbj082,0.2996,1632
pjxxxxbj981,0.2995,1633
pjxyqwbk543,0.2994,1634
pjxyqwbj739,0.2994,1635
pjxwxxbj918,0.2993,1636
pjxyqxbl934,0.2993,1637
pjxyqxbj662,0.2993,1638
pjxyqxbk777,0.2992,1639
pjxyqxbk581,0.2992,1640
pjxyqwbj793,0.299,1641
pjxyqwbj820,0.2989,1642
pjxyqxbk160,0.2988,1643
pjxuqwbj588,0.2988,1644
pjxyqwbj728,0.2987,1645
pjxsqxbj980,0.2987,1646
pjxyqwbj006,0.2987,1647
pjxqqxbj967,0.2986,1648
pjxqqxbj997,0.2986,1649
pjxyqwbj624,0.2986,1650
pjxyqxbl918,0.2984,1651
pjxyqxbk743,0.2983,1652
pjxyqxbj158,0.2983,1653
pjxyqxbl837,0.2983,1654
pjxuqwbj472,0.2982,1655
pjxyqxbk787,0.2981,1656
pjxyqxbk907,0.2981,1657
pjxyqwbj243,0.2981,1658
pjxyqwbj734,0.2981,1659
pjxyqxbk804,0.298,1660
pjxyqwbk505,0.298,1661
pjxyqwbj487,0.2979,1662
pjwrqxbj967,0.2979,1663
pjxyqxbj454,0.2979,1664
pjxuqwbj871,0.2978,1665
pjxyqxbk095,0.2977,1666
pjxyqxbk048,0.2977,1667
pjxpqxbj986,0.2976,1668
pjxuqwbj580,0.2976,1669
pjxyqwbj412,0.2976,1670
pjxsqxbj772,0.2976,1671
pjxyqwbj870,0.2976,1672
pjxyqxbj608,0.2974,1673
pjxyqwbj312,0.2974,1674
pjxyqxbk304,0.2973,1675
pjwrqxbj973,0.2972,1676
pjxyqwbj255,0.2972,1677
pjxyqwbj431,0.2971,1678
pjxuqwbj454,0.297,1679
pjwrqxbj932,0.297,1680
pjxxzxkj990,0.2968,1681
pjxyqwbj665,0.2967,1682
pjwtqxbj979,0.2967,1683
pjwtqxbj982,0.2967,1684
pjxsqxbj893,0.2967,1685
pjxyqxbk079,0.2967,1686
pjxsqxbj777,0.2966,1687
pjxuqwbj637,0.2965,1688
pjxuqwbj797,0.2964,1689
pjxsqxbj998,0.2963,1690
pjxyqwbj552,0.2959,1691
pjxyqxbj418,0.2959,1692
pjxyqwbk734,0.2958,1693
pjxyqxbk939,0.2958,1694
pjxyqxbj589,0.2958,1695
pjxrqxbj992,0.2958,1696
pjxyqxbj979,0.2957,1697
pjxyqxbj095,0.2957,1698
pjxyqxbk042,0.2956,1699
pjxwxxbj981,0.2956,1700
pjxyqxbk168,0.2956,1701
pjxyqxbk807,0.2956,1702
pjxuqwbj735,0.2955,1703
pjxyqxbl911,0.2955,1704
pjxyqxbk852,0.2955,1705
pjxyqxbj712,0.2955,1706
pjxyqwbj002,0.2954,1707
pjxsqxbj940,0.2954,1708
pjxyqxbk369,0.2954,1709
pjxyqxbk070,0.2954,1710
pjwrqxbj956,0.2953,1711
pjxrqxbj909,0.2952,1712
pjxyqwbj867,0.2951,1713
pjxuqwbj539,0.295,1714
pjxuqwbj478,0.2948,1715
pjxuqwbj446,0.2945,1716
pjxuqwbj619,0.2944,1717
pjxyqwbk749,0.2943,1718
pjxyqxbl739,0.2943,1719
pjxyqwbk872,0.2943,1720
pjwtqxbj985,0.2942,1721
pjwrqxbj992,0.2941,1722
pjxpqxbj997,0.294,1723
pjxyqwbj726,0.2939,1724
pjxuqwbj947,0.2939,1725
pjxsqxbj897,0.2939,1726
pjxsqxbj800,0.2937,1727
pjxyqwbj116,0.2936,1728
pjxyqxbj280,0.2935,1729
pjxyqxbk328,0.2934,1730
pjxyqxbk987,0.2933,1731
pjxyqxbj040,0.2933,1732
pjxyqxbj476,0.2933,1733
pjxwzxbj990,0.2933,1734
pjxyqwbj807,0.2933,1735
pjxqzxbj995,0.2933,1736
pjxyqwbj642,0.2931,1737
pjxyqxbj084,0.293,1738
pjxxztbj990,0.293,1739
pjxuqwbj840,0.2929,1740
pjxyqwbk838,0.2928,1741
pjxyqxbk185,0.2928,1742
pjxyqxbj580,0.2927,1743
pjxyqxbk778,0.2926,1744
pjxsqxbj929,0.2925,1745
pjxyqwbj456,0.2924,1746
pjxsqxbj920,0.2924,1747
pjwtqxbj925,0.2924,1748
pjxsqxbj968,0.2923,1749
pjxxxxbj911,0.2923,1750
pjxuqwbj708,0.2923,1751
pjxwzxbj989,0.2921,1752
pjxsqxbj995,0.292,1753
pjxsqxbj905,0.292,1754
pjxyqxbj392,0.292,1755
pjxpqxbj998,0.2919,1756
pjxyqxbj238,0.2918,1757
pjxuqwbj449,0.2914,1758
pjxyqxbk411,0.2914,1759
pjxyqxbk334,0.2913,1760
pjxsqxbj778,0.2911,1761
pjxyqxbj422,0.2911,1762
pjxyqwbk818,0.2911,1763
pjxyqxbj464,0.291,1764
pjxyqxbj106,0.291,1765
pjxxxxbj932,0.2909,1766
pjxyqxbl701,0.2909,1767
pjxyqwbj890,0.2909,1768
pjxyqxbj417,0.2908,1769
pjxuqwbj788,0.2906,1770
pjxsqxbj894,0.2906,1771
pjxyqwbj197,0.2904,1772
pjxyqxbj871,0.2903,1773
pjxyqwbj158,0.2903,1774
pjxsqxbj874,0.2902,1775
pjxyqxbl916,0.2902,1776
pjxyqwbj459,0.2901,1777
pjxuqwbj512,0.2901,1778
pjxyqxbk165,0.29,1779
pjxyqwbj748,0.2899,1780
pjxyqxbj676,0.2899,1781
pjwrqxbj951,0.2899,1782
pjxyqwbj859,0.2897,1783
pjxyqxbk401,0.2895,1784
pjxyqxbl747,0.2895,1785
pjxuqwbj811,0.2895,1786
pjxqzxbj989,0.2894,1787
pjxyqxbj440,0.2893,1788
pjxyqxbj791,0.2892,1789
pjxqqxbj975,0.2892,1790
pjwtqxbj913,0.2892,1791
pjxyqxbk610,0.2891,1792
pjxpqxbj973,0.2891,1793
pjxyqxbj915,0.289,1794
pjxyqxbj544,0.289,1795
pjxyqwbj358,0.289,1796
pjxuqwbj508,0.2889,1797
pjxyqxbj635,0.2888,1798
pjxyqxbj187,0.2887,1799
pjxyqxbk637,0.2886,1800
pjxyqxbj888,0.2886,1801
pjxsqxbj885,0.2885,1802
pjxyqwbk656,0.2885,1803
pjxyqwbj698,0.2885,1804
pjxyqwbk664,0.2885,1805
pjxyqxbj717,0.2883,1806
pjxyqxbk064,0.2883,1807
pjxyqwbj993,0.2883,1808
pjxyqwbj047,0.2882,1809
pjxyqxbj616,0.2882,1810
pjxyqxbj800,0.2882,1811
pjxyqwbj316,0.2881,1812
pjxuqwbj731,0.2881,1813
pjxyqxbl954,0.288,1814
pjxrqxbj972,0.2879,1815
pjxyqxbk579,0.2879,1816
pjxsqxbj986,0.2879,1817
pjxyqxbj273,0.2879,1818
pjxyqxbk681,0.2879,1819
pjxyqwbj053,0.2878,1820
pjxyqxbj314,0.2877,1821
pjxsqxbj867,0.2875,1822
pjxuqwbj724,0.2875,1823
pjxyqwbj282,0.2875,1824
pjxyqxbk537,0.2874,1825
pjxuqwbj547,0.2873,1826
pjxuqwbj529,0.2873,1827
pjxyqxbj914,0.287,1828
pjxxxxbj913,0.287,1829
pjxyqxbj023,0.2869,1830
pjxsqxbj912,0.2869,1831
pjxwzxbj987,0.2868,1832
pjxyqxbj987,0.2868,1833
pjxyqwbj709,0.2867,1834
pjxyqxbj195,0.2867,1835
pjxyqxbj430,0.2863,1836
pjxyqwbj061,0.2863,1837
pjxuqwbj994,0.2861,1838
pjxsqxbj887,0.2861,1839
pjxsqxbj899,0.2861,1840
pjxyqxbj131,0.2859,1841
pjxyqwbj395,0.2858,1842
pjxyqwbj469,0.2857,1843
pjxyqwbk775,0.2856,1844
pjxuqwbj699,0.2855,1845
pjxyqxbk717,0.2854,1846
pjxtztbj996,0.2854,1847
pjxsqxbj932,0.2851,1848
pjxyqwbj535,0.285,1849
pjxsqxbj873,0.285,1850
pjxyqwbk617,0.2849,1851
pjxwzxkj991,0.2848,1852
pjxyqwbj311,0.2848,1853
pjxuqwbj956,0.2848,1854
pjxyqxbj625,0.2848,1855
pjxyqxbj007,0.2845,1856
pjxsqxbj859,0.2845,1857
pjxyqxbk947,0.2843,1858
pjxyqxbj332,0.2842,1859
pjxuzxbj984,0.2842,1860
pjxyqxbj288,0.2841,1861
pjxuqwbj583,0.2841,1862
pjxyqxbj150,0.284,1863
pjxyqxbk368,0.2839,1864
pjxyqxbl716,0.2837,1865
pjxyqxbl946,0.2836,1866
pjxpqxbj976,0.2835,1867
pjxyqxbk974,0.2835,1868
pjxyqxbk269,0.2834,1869
pjxuqwbj677,0.2834,1870
pjxpqxbj941,0.2833,1871
pjxyqxbk316,0.2832,1872
pjxyqwbk740,0.2831,1873
pjxuqwbj463,0.2831,1874
pjxpqxbj933,0.2831,1875
pjxyqxbj854,0.2831,1876
pjwrqxbj945,0.283,1877
pjxyqwbj269,0.2829,1878
pjxuqwbj565,0.2828,1879
pjxyqxbj595,0.2828,1880
pjxyqxbk190,0.2827,1881
pjxyqxbj496,0.2826,1882
pjxyqxbj284,0.2825,1883
pjxuqwbj564,0.2825,1884
pjxyqxbj221,0.2825,1885
pjxyqxbl906,0.2825,1886
pjxyqwbj073,0.2824,1887
pjxyqxbk429,0.2824,1888
pjxyqxbj866,0.2821,1889
pjxyqxbk993,0.282,1890
pjxyqwbk754,0.2819,1891
pjxyqxbk797,0.2819,1892
pjxuqwbj687,0.2818,1893
pjxuqwbj850,0.2817,1894
pjxyqwbj853,0.2816,1895
pjvyzxbj997,0.2815,1896
pjxyqxbj985,0.2815,1897
pjxyqwbk955,0.2813,1898
pjxsqxbj849,0.2813,1899
pjxyqwbj360,0.2811,1900
pjxyqwbj841,0.2808,1901
pjxyqxbk962,0.2807,1902
pjxyqxbj483,0.2807,1903
pjxyqwbj904,0.2806,1904
pjxyqxbk795,0.2804,1905
pjxsqxbj927,0.2804,1906
pjxyqxbk090,0.2803,1907
pjxyqxbk665,0.2802,1908
pjxyqxbk798,0.2801,1909
pjxyqxbj867,0.2797,1910
pjwtqxbj983,0.2796,1911
pjxyqxbl943,0.2795,1912
pjxyqwbj331,0.2795,1913
pjxyqxbk521,0.2794,1914
pjxuqwbj516,0.2793,1915
pjxyqwbk885,0.2793,1916
pjxyqxbj594,0.2793,1917
pjxyqwbj445,0.2792,1918
pjxyqxbj688,0.2792,1919
pjxyqwbj403,0.2791,1920
pjxuqwbj883,0.2791,1921
pjxyqxbj412,0.2791,1922
pjxyqwbj225,0.279,1923
pjxyqwbk728,0.2788,1924
pjxuqwbj507,0.2787,1925
pjxsqxbj892,0.2786,1926
pjxxxxbj997,0.2786,1927
pjxyqxbj345,0.2785,1928
pjxyqwbj385,0.2784,1929
pjxyqxbj359,0.2784,1930
pjxyqxbk382,0.2784,1931
pjwtqxbj957,0.2784,1932
pjxyqxbl953,0.2784,1933
pjxuqwbj760,0.2782,1934
pjxyqxbj117,0.2781,1935
pjxuqwbj661,0.278,1936
pjxyqxbj961,0.278,1937
pjxyqwbk605,0.2779,1938
pjxyqwbk572,0.2779,1939
pjxyqxbl912,0.2779,1940
pjxyqxbl984,0.2778,1941
pjxyqwbj351,0.2777,1942
pjxxxxbj910,0.2776,1943
pjxyqwbj788,0.2776,1944
pjxuqwbj711,0.2775,1945
pjxuqwbj719,0.2775,1946
pjxyqxbj861,0.2775,1947
pjxyqxbk957,0.2774,1948
pjxsqxbj880,0.2774,1949
pjxyqwbj929,0.2774,1950
pjxuqwbj624,0.2773,1951
pjxpqxbj992,0.2773,1952
pjxyqxbk199,0.2771,1953
pjxyqxbk755,0.2771,1954
pjxrqxbj930,0.277,1955
pjxyqxbl699,0.277,1956
pjxsqxbj989,0.277,1957
pjxyqxbk788,0.2769,1958
pjxyqwbj369,0.2769,1959
pjwtqxbj987,0.2768,1960
pjxuqwbj659,0.2768,1961
pjxxxxbj944,0.2767,1962
pjxqqxbj954,0.2766,1963
pjxyqwbk869,0.2766,1964
pjxyqxbj749,0.2764,1965
pjxyqxbl905,0.2764,1966
pjxyqxbk464,0.2763,1967
pjxuqwbj976,0.2762,1968
pjxwxxbj915,0.2758,1969
pjxuqwbj559,0.2756,1970
pjxyqwbj034,0.2755,1971
pjxyqwbj437,0.2755,1972
pjxuqwbj499,0.2755,1973
pjxyqwbj341,0.2753,1974
pjxxzxkj981,0.2752,1975
pjxyqxbk036,0.2752,1976
pjxyqwbj209,0.2752,1977
pjxyqwbj020,0.2751,1978
pjwtqxbj922,0.275,1979
pjxyqwbj945,0.275,1980
pjxsqxbj871,0.2749,1981
pjxyqxbj089,0.2749,1982
pjxyqxbj403,0.2746,1983
pjxyqxbj954,0.2746,1984
pjxyqxbj073,0.2746,1985
pjxyqxbl867,0.2746,1986
pjxyqxbj927,0.2745,1987
pjxyqxbk810,0.2744,1988
pjxyqwbj912,0.2743,1989
pjxyqxbk553,0.2743,1990
pjxuqwbj477,0.274,1991
pjxyqxbk489,0.2739,1992
pjxyqxbj257,0.2739,1993
pjxyqxbk063,0.2738,1994
pjxyqxbk222,0.2737,1995
pjxyqwbk787,0.2737,1996
pjxyqwbj622,0.2737,1997
pjxyqxbk720,0.2737,1998
pjxpqxbj914,0.2737,1999
pjxyqwbj524,0.2736,2000
pjxyqxbk547,0.2735,2001
pjxyqwbj897,0.2735,2002
pjxyqxbj370,0.2735,2003
pjxyqxbj223,0.2733,2004
pjxyqwbj201,0.2733,2005
pjxrqxbj939,0.2732,2006
pjwrqxbj925,0.2731,2007
pjxyqwbj326,0.273,2008
pjxyqxbk072,0.2729,2009
pjxyqxbj932,0.2729,2010
pjxyqxbk027,0.2728,2011
pjxyqxbj981,0.2725,2012
pjxqzxbj994,0.2724,2013
pjxyqxbj929,0.2723,2014
pjxpqxbj972,0.2723,2015
pjxyqwbk949,0.2723,2016
pjxyqxbj698,0.2722,2017
pjxyqxbj571,0.272,2018
pjxyqwbk972,0.2717,2019
pjwtqxbj931,0.2717,2020
pjxpqxbj979,0.2716,2021
pjxuqwbj829,0.2715,2022
pjxyqxbk592,0.2715,2023
pjxyqwbk834,0.2714,2024
pjxwxxbj992,0.2713,2025
pjxuqwbj470,0.2712,2026
pjxyqwbj936,0.2712,2027
pjxyqxbj103,0.2712,2028
pjxyqxbj404,0.271,2029
pjxyqxbj841,0.271,2030
pjxuqwbj505,0.271,2031
pjxsqxbj934,0.2709,2032
pjxyqxbk115,0.2707,2033
pjxyqxbj455,0.2705,2034
pjwtqxbj959,0.2704,2035
pjxxxxbj933,0.2703,2036
pjxyqwbj988,0.2703,2037
pjxrqxbj891,0.2702,2038
pjxyqwbk706,0.2702,2039
pjxyqwbj602,0.2701,2040
pjxyqwbj038,0.27,2041
pjxsqxbj856,0.2699,2042
pjxyqwbj338,0.2699,2043
pjxyqxbk208,0.2697,2044
pjxyqxbj474,0.2697,2045
pjxtztbj998,0.2695,2046
pjxyqxbl878,0.2695,2047
pjxyqwbj428,0.2695,2048
pjxyqxbk969,0.2694,2049
pjxyqxbl987,0.2693,2050
pjxyqxbk767,0.2692,2051
pjxyqxbj754,0.2689,2052
pjxxxxbj930,0.2686,2053
pjxuqwbj758,0.2685,2054
pjxyqwbk935,0.2685,2055
pjxwxxbj905,0.2685,2056
pjxyqxbj557,0.2679,2057
pjxxxxbj943,0.2678,2058
pjxuqwbj950,0.2676,2059
pjxrqxbj954,0.2675,2060
pjxyqwbj557,0.2673,2061
pjxuqwbj993,0.2671,2062
pjxuqwbj915,0.2671,2063
pjxyqwbj628,0.267,2064
pjxyqwbk760,0.267,2065
pjxyqxbk242,0.2668,2066
pjxyqxbj352,0.2667,2067
pjxyqwbj407,0.2667,2068
pjxyqxbk910,0.2665,2069
pjxyqwbj534,0.2663,2070
pjxyqxbk297,0.2663,2071
pjwrqxbj923,0.2662,2072
pjxuqwbj572,0.2659,2073
pjxyqxbk300,0.2658,2074
pjxyqxbj522,0.2658,2075
pjxyqwbk662,0.2658,2076
pjxyqxbk555,0.2658,2077
pjxwxxbj946,0.2656,2078
pjxsqxbj807,0.2656,2079
pjxyqxbj330,0.2654,2080
pjxyqxbk597,0.2648,2081
pjxyqxbj813,0.2648,2082
pjxyqxbj858,0.2648,2083
pjxtztbj987,0.2648,2084
pjxyqxbl757,0.2642,2085
pjxyqwbj309,0.264,2086
pjxyqxbj846,0.2638,2087
pjxsqxbj760,0.2636,2088
pjxyqwbj839,0.2636,2089
pjxyqxbk403,0.2636,2090
pjxyqxbk336,0.2635,2091
pjxyqxbk732,0.2635,2092
pjxyqxbj371,0.2634,2093
pjxyqxbk426,0.2634,2094
pjxyqxbl821,0.2633,2095
pjxyqwbj435,0.2632,2096
pjxuqwbj515,0.2632,2097
pjxyqwbj877,0.2631,2098
pjxyqwbj780,0.263,2099
pjxyqwbj865,0.2629,2100
pjxxxxbj916,0.2626,2101
pjxyqxbj029,0.2625,2102
pjxyqxbl952,0.2624,2103
pjxxxxbj908,0.2622,2104
pjxyqwbj058,0.2622,2105
pjxyqxbj167,0.2621,2106
pjxyqwbj616,0.262,2107
pjxyqxbj075,0.2613,2108
pjxyqxbk598,0.2612,2109
pjxuqwbj650,0.2612,2110
pjvyzxbj993,0.2609,2111
pjxyqwbk547,0.2608,2112
pjxyqxbl794,0.2608,2113
pjxxxxbj907,0.2607,2114
pjxyqxbj794,0.2606,2115
pjxuqwbj766,0.2605,2116
pjxyqxbj237,0.26,2117
pjxyqxbl766,0.2597,2118
pjxuqwbj937,0.2596,2119
pjxyqxbk098,0.2595,2120
pjxyqwbj166,0.2593,2121
pjxyqxbk209,0.2592,2122
pjxwxxbj995,0.259,2123
pjxxxxbj915,0.2589,2124
pjxsqxbj970,0.2588,2125
pjxyqxbk868,0.2588,2126
pjxpqxbj961,0.2585,2127
pjxuqwbj568,0.2585,2128
pjxyqwbk900,0.2584,2129
pjxyqxbj911,0.2582,2130
pjxyqxbk358,0.2577,2131
pjxyqxbl889,0.2574,2132
pjxyqxbk338,0.2573,2133
pjxyqxbk330,0.2571,2134
pjxxxxbj914,0.2564,2135
pjxyqxbk647,0.2564,2136
pjxyqwbk577,0.2563,2137
pjxyqxbj903,0.256,2138
pjxtzxfj980,0.2558,2139
pjxtzxfj981,0.2558,2140
pjxtzxfj994,0.2558,2141
pjxyqxbk929,0.2556,2142
pjxyqxbk779,0.2556,2143
pjxyqxbj008,0.2555,2144
pjxyqxbl769,0.2555,2145
pjxyqxbk848,0.2555,2146
pjxpqxbj962,0.2552,2147
pjxyqxbl876,0.2551,2148
pjxyqwbj267,0.2547,2149
pjxyqxbk669,0.2546,2150
pjxyqxbj724,0.2541,2151
pjxuqwbj935,0.254,2152
pjxyqwbk956,0.2538,2153
pjxyqxbk231,0.2538,2154
pjxyqwbj674,0.2537,2155
pjxyqwbk519,0.2536,2156
pjxyqxbk812,0.2535,2157
pjxyqxbj379,0.253,2158
pjxyqwbj181,0.2524,2159
pjwrqxbj965,0.2524,2160
pjxyqwbj080,0.2523,2161
pjxwxxbj913,0.2519,2162
pjxyqwbk942,0.2518,2163
pjxyqxbl993,0.2517,2164
pjxyqxbj940,0.2517,2165
pjwtqxbj960,0.2515,2166
pjxyqxbj228,0.2514,2167
pjxyqwbj796,0.251,2168
pjxyqxbl991,0.2505,2169
pjxyqxbj220,0.2505,2170
pjxvzxbj989,0.2503,2171
pjxyqxbj838,0.2503,2172
pjxyqxbk703,0.2502,2173
pjxsqxbj768,0.2497,2174
pjxyqxbk823,0.2495,2175
pjxyqxbj154,0.2494,2176
pjxyqxbl724,0.2492,2177
pjxqqxbj973,0.249,2178
pjxyqxbk166,0.2488,2179
pjxyqxbj575,0.2486,2180
pjxyqwbj928,0.2485,2181
pjxyqxbj967,0.2485,2182
pjxyqxbk491,0.2483,2183
pjxuqwbj495,0.2482,2184
pjwtqxbj943,0.2482,2185
pjxyqxbj093,0.2481,2186
pjxrqxbj994,0.2481,2187
pjwtqxbj941,0.2474,2188
pjxyqwbj261,0.2473,2189
pjxyqwbj907,0.247,2190
pjxuqwbj892,0.2468,2191
pjxyqwbj930,0.2466,2192
pjxyqwbk534,0.2466,2193
pjxyqxbk710,0.2463,2194
pjxyqxbl931,0.2462,2195
pjxxxxbj937,0.2454,2196
pjxuqwbj733,0.2453,2197
pjxyqxbj569,0.2446,2198
pjxyqxbk479,0.2442,2199
pjxyqwbj570,0.2441,2200
pjxyqxbk854,0.244,2201
pjxyqxbk695,0.244,2202
pjxyqwbj706,0.2439,2203
pjxyqxbk354,0.2436,2204
pjxyqwbj016,0.2434,2205
pjxwxxbj944,0.2434,2206
pjxyqxbj546,0.2433,2207
pjxqqxbj947,0.2432,2208
pjxyqxbj733,0.2432,2209
pjxyqxbk534,0.243,2210
pjxyqxbk992,0.2429,2211
pjxyqwbj538,0.2429,2212
pjxyqxbk342,0.2429,2213
pjxyqxbj799,0.2426,2214
pjxyqxbj296,0.2426,2215
pjxyqxbk667,0.2426,2216
pjxyqxbk552,0.2425,2217
pjxuqwbj717,0.2423,2218
pjxyqxbl913,0.2423,2219
pjxyqwbk864,0.242,2220
pjxyqxbj993,0.2409,2221
pjxyqwbj133,0.2408,2222
pjxwxxbj945,0.2407,2223
pjxyqxbk836,0.2405,2224
pjxpqxbj911,0.24,2225
pjxyqxbk634,0.2398,2226
pjxsqxbj824,0.2393,2227
pjxyqxbj301,0.2392,2228
pjxyqxbk945,0.2387,2229
pjxyqxbj989,0.2386,2230
pjxyqxbj948,0.2383,2231
pjxyqxbk713,0.238,2232
pjxtztbj989,0.2376,2233
pjxyqxbk611,0.2375,2234
pjxuqwbj571,0.2373,2235
pjxuqwbj665,0.2369,2236
pjxyqxbk565,0.2364,2237
pjxyqxbj240,0.236,2238
pjxyqxbk442,0.2358,2239
pjxyqxbj452,0.2354,2240
pjxyqxbj384,0.2351,2241
pjxyqxbk046,0.2349,2242
pjxyqxbj734,0.2348,2243
pjxyqxbk900,0.2343,2244
pjxyqwbj910,0.234,2245
pjxyqxbj529,0.2338,2246
pjxyqxbl750,0.2337,2247
pjxyqwbj307,0.2336,2248
pjxyqxbl677,0.2331,2249
pjxyqxbj830,0.233,2250
pjxyqxbk686,0.2329,2251
pjxuqwbj715,0.2327,2252
pjxwxxbj983,0.2326,2253
pjxyqwbj171,0.2326,2254
pjxyqxbk032,0.2324,2255
pjxyqxbj588,0.2322,2256
pjxyqxbj152,0.2314,2257
pjxyqxbk444,0.2314,2258
pjxuqwbj755,0.2313,2259
pjxyqxbj633,0.2312,2260
pjxyqxbj230,0.2312,2261
pjxyqxbl879,0.2306,2262
pjxyqxbk898,0.2306,2263
pjxuqwbj906,0.2305,2264
pjxyqxbk035,0.2304,2265
pjxyqxbj615,0.23,2266
pjxyqwbj523,0.23,2267
pjxpqxbj971,0.23,2268
pjxtztbj990,0.23,2269
pjxwzxbj988,0.2299,2270
pjxyqxbk656,0.2298,2271
pjxxxxbj968,0.2296,2272
pjxyqxbk343,0.2295,2273
pjxyqwbj279,0.2294,2274
pjxyqwbj153,0.2288,2275
pjxyqxbj823,0.2285,2276
pjxyqxbk728,0.2281,2277
pjxyqxbj657,0.2281,2278
pjxxztbj994,0.228,2279
pjxyqwbj125,0.2277,2280
pjxyqxbj358,0.2272,2281
pjxyqxbj647,0.2269,2282
pjxuqwbj443,0.2265,2283
pjxyqxbj080,0.2261,2284
pjxyqxbk262,0.2259,2285
pjxyqxbk081,0.2259,2286
pjxyqxbl939,0.2259,2287
pjxyqxbl825,0.2256,2288
pjxyqxbj829,0.2255,2289
pjxyqxbj928,0.2255,2290
pjxyqxbk764,0.225,2291
pjwqzwbj998,0.2248,2292
pjxyqxbk677,0.2248,2293
pjxyqxbk801,0.2243,2294
pjxyqwbj283,0.2236,2295
pjxuqwbj647,0.2236,2296
pjxyqxbk869,0.2217,2297
pjxyqwbj172,0.2214,2298
pjxyqxbj094,0.2204,2299
pjxuqwbj537,0.2201,2300
pjxyqxbj506,0.22,2301
pjxyqwbk523,0.2199,2302
pjxyqxbj585,0.2194,2303
pjxpqxbj920,0.2187,2304
pjxyqxbk194,0.2187,2305
pjxyqxbl884,0.2177,2306
pjxsqxbj774,0.217,2307
pjxyqwbj923,0.2168,2308
pjxyqwbj821,0.2168,2309
pjxyqxbj853,0.2163,2310
pjxyqxbk981,0.216,2311
pjxyqxbj831,0.2157,2312
pjxyqwbj362,0.2152,2313
pjxxzxkj991,0.2148,2314
pjxyqxbj251,0.2148,2315
pjxyqxbj164,0.2146,2316
pjxyqxbk567,0.2138,2317
pjxyqxbj058,0.2135,2318
pjxyqxbk149,0.213,2319
pjxyqxbl843,0.2126,2320
pjxyqxbk264,0.2125,2321
pjxyqxbk452,0.2121,2322
pjxyqxbj686,0.2119,2323
pjxyqxbj840,0.2116,2324
pjxyqxbj443,0.2116,2325
pjxyqwbk646,0.2114,2326
pjxyqxbk783,0.2109,2327
pjxpqxbj912,0.2107,2328
pjxtzxbj997,0.2103,2329
pjxyqxbj781,0.2096,2330
pjxyqxbj566,0.2092,2331
pjxyqwbk575,0.2091,2332
pjxyqxbk116,0.2088,2333
pjxyqxbl945,0.2084,2334
pjxyqxbj074,0.2068,2335
pjxyqwbk901,0.2067,2336
pjxuqwbj526,0.2063,2337
pjxyqxbj139,0.2061,2338
pjxyqxbj286,0.2057,2339
pjxyqxbj239,0.2057,2340
pjxyqxbj801,0.2054,2341
pjxyqxbk844,0.2053,2342
pjxqzxbj973,0.2053,2343
pjxyqxbk377,0.2052,2344
pjxrqxbj947,0.204,2345
pjxyqxbk059,0.2038,2346
pjxyqxbj788,0.2024,2347
pjxyqxbk135,0.2021,2348
pjxwzxbj998,0.2018,2349
pjxyqxbj174,0.2014,2350
pjxyqxbj086,0.2013,2351
pjxyqwbj417,0.2012,2352
pjxyqxbk389,0.201,2353
pjxyqxbj834,0.2006,2354
pjxyqwbj849,0.2001,2355
pjxyqxbk151,0.1992,2356
pjxyqxbk682,0.1989,2357
pjxuqwbj546,0.198,2358
pjxyqxbj006,0.1979,2359
pjxwxxbj943,0.1976,2360
pjxyqxbk305,0.1971,2361
pjxpqxbj945,0.1965,2362
pjxyqxbk748,0.1964,2363
pjxyqxbk991,0.1959,2364
pjxyqxbj485,0.1957,2365
pjxyqxbl731,0.1956,2366
pjxyqxbj395,0.1954,2367
pjxyqxbl927,0.1953,2368
pjxyqxbk613,0.1949,2369
pjxyqxbk571,0.1942,2370
pjxyqxbj609,0.1942,2371
pjxyqxbj188,0.1939,2372
pjxyqxbk813,0.1924,2373
pjxyqxbk625,0.1923,2374
pjxpqxbj924,0.1911,2375
pjxsqxbj771,0.1902,2376
pjxyqwbk835,0.1901,2377
pjxxzxkj987,0.1892,2378
pjxyqxbj484,0.1889,2379
pjxxxxbj945,0.1888,2380
pjxpqxbj987,0.1885,2381
pjxyqxbk684,0.1884,2382
pjxyqxbl727,0.1878,2383
pjxyqxbk286,0.1873,2384
pjxyqxbl970,0.1868,2385
pjxuqwbj713,0.1862,2386
pjxyqxbj817,0.1861,2387
pjxyqwbj216,0.1853,2388
pjxyqxbj465,0.1851,2389
pjxyqxbj439,0.1848,2390
pjxuqwbj673,0.1845,2391
pjxyqxbk657,0.1844,2392
pjxyqxbk847,0.1843,2393
pjxyqxbk572,0.184,2394
pjxyqxbj848,0.1835,2395
pjxuqwbj655,0.1823,2396
pjxyqxbj049,0.1822,2397
pjxyqxbl767,0.1817,2398
pjxyqxbk722,0.1807,2399
pjxyqxbk835,0.1773,2400
pjxyqxbj478,0.1748,2401
pjxyqxbk978,0.1746,2402
pjxyqxbl989,0.1733,2403
pjxyqxbk351,0.1724,2404
pjxyqxbj243,0.1719,2405
pjxyqxbl768,0.1715,2406
pjxyqwbj998,0.1702,2407
pjxyqwbj797,0.1695,2408
pjxyqwbk971,0.1695,2409
pjxyqxbk951,0.169,2410
pjxyqxbj640,0.1679,2411
pjxyqxbk753,0.1664,2412
pjxyqxbl895,0.1663,2413
pjxyqxbk171,0.1661,2414
pjxyqxbk454,0.1657,2415
pjxyqxbk268,0.1654,2416
pjxyqwbj500,0.1654,2417
pjxyqxbk923,0.1651,2418
pjxyqxbk053,0.1646,2419
pjxxztfj972,0.1645,2420
pjxuqwbj632,0.1637,2421
pjxyqxbl810,0.1619,2422
pjxuqwbj767,0.1614,2423
pjxyqxbk246,0.1603,2424
pjxyqxbl999,0.1597,2425
pjxyqwbj790,0.1587,2426
pjxwzxkj998,0.1581,2427
pjxwzxfj992,0.1563,2428
pjxtzxfj982,0.1559,2429
pjxyqxbj100,0.1559,2430
pjxuqwbj644,0.1557,2431
pjxyqwbj925,0.1554,2432
pjxyqxbk100,0.1543,2433
pjxuqwbj551,0.1522,2434
pjxyqxbk204,0.1512,2435
pjxyqxbj165,0.1484,2436
pjxyqxbk007,0.1471,2437
pjxyqxbk759,0.1458,2438
pjxyqxbk533,0.1452,2439
pjxyqxbk239,0.1447,2440
pjxqzxbj971,0.1442,2441
pjxyqwbj155,0.1379,2442
pjxyqxbk428,0.1345,2443
pjxyqwbk608,0.13,2444
pjxwxxbj953,0.1295,2445
pjwtqxbj972,0.1232,2446
pjxyqxbj001,0.1134,2447
pjxsqxbj939,0.105,2448
pjxxztfj988,0.0926,2449
pjxsqxbj758,0.0733,2450
pjxwzxfj987,0.0634,2451
pjvyzvfj974,0.0554,2452
pjvyzvfj977,0.0544,2453
pjxwzxfj983,0.0538,2454
pjvyzvfj994,0.0522,2455
pjvyzvfj998,0.0522,2456
pjxtzxfj978,0.038,2457
pjxvztfj980,0.0365,2458
pjxvztfj976,0.0362,2459
pjxvztfj974,0.033,2460
pjvyzvfj989,0.0328,2461
pjxvztfj977,0.0216,2462
pjxvzrfj997,0.0214,2463
pjxvztfj985,0.0174,2464
pjxvztfj990,0.0174,2465
pjxvztfj991,0.0174,2466
pjxvztfj992,0.0174,2467
pjxuzsfj995,0.0101,2468
pjxwzxfj984,0.0101,2469
pjxxztfj995,0.0101,2470
pjxxztfj997,0.0101,2471
pjxtzxfj983,0.0097,2472
pjxtzxfj986,0.0097,2473
pjxuzsfj977,0.0097,2474
pjxuzsfj978,0.0097,2475
pjxuzsfj980,0.0097,2476
pjxuzsfj981,0.0097,2477
pjxuzsfj983,0.0097,2478
pjxuzsfj984,0.0097,2479
pjxuzsfj988,0.0097,2480
pjxwzxfj975,0.0097,2481
pjxwzxfj977,0.0097,2482
pjxwzxfj981,0.0097,2483
pjxwzxfj993,0.0097,2484
pjxxztfj975,0.0097,2485
pjxxztfj982,0.0097,2486
pjxxztfj986,0.0097,2487
pjxxztfj991,0.0097,2488
pjxxztfj992,0.0097,2489
pjxvzrfj975,0.007,2490
pjxvzxfj970,0.007,2491
pjxwzxfj994,0.0058,2492
pjxvztfj994,0.0056,2493
pjxvzrfj981,0.0045,2494
pjxvzxfj980,0.0045,2495
pjxvzxfj972,0.0044,2496
pjxvzxfj998,0.0044,2497
pjxvzxfj982,0.0043,2498
pjxvzxfj988,0.0043,2499
pjxvzxfj987,0.0042,2500
pjxvzrfj978,0.0041,2501
