student_id,life_risk,study_risk,sport_risk,total_risk
pjxyqwbj673,0.96,0.9237,0.4206,0.7681
pjxyqwbj276,,0.9235,0.5503,0.7369
pjxyqxbk217,,0.8907,0.5185,0.7046
pjxyqwbk551,,0.9127,0.4962,0.7045
pjxrqxbj988,0.6936,0.8264,0.5322,0.6841
pjxuqwbj594,,0.9006,0.46,0.6803
pjxyqxbk140,0.5015,0.996,0.537,0.6782
pjxyqxbj762,0.9446,0.678,0.4101,0.6776
pjxyqwbj409,0.5015,0.9183,0.595,0.6716
pjwtqxbj971,0.9937,0.7046,0.2886,0.6623
pjxyqxbj448,0.5015,0.9581,0.5166,0.6587
pjxuzvbj991,0.5015,0.9189,0.54,0.6535
pjxyqwbj825,0.5015,0.9368,0.4976,0.6453
pjxyqxbj718,0.5015,0.9341,0.5003,0.6453
pjxqzxbj967,0.5015,0.9378,0.4964,0.6452
pjxyqwbk686,0.5015,0.9517,0.4819,0.645
pjxyqxbk685,,0.8325,0.4469,0.6397
pjxyqwbj288,,0.7913,0.4824,0.6368
pjxyqxbl755,,0.7524,0.5204,0.6364
pjxyqwbj397,0.5015,0.8598,0.5382,0.6331
pjxwxxbj963,0.5015,0.9344,0.4593,0.6317
pjxyqxbj048,0.5015,0.9491,0.4391,0.6299
pjxuqwbj861,0.5015,0.9674,0.4186,0.6292
pjxyqwbj542,0.5015,0.977,0.4085,0.629
pjxyqxbk257,0.5015,0.8716,0.5132,0.6288
pjxyqwbj659,0.5015,0.9769,0.4059,0.6281
pjxuqwbj974,0.5015,0.9198,0.4558,0.6257
pjxuqwbj497,0.5015,0.8224,0.5512,0.625
pjxyqwbj149,0.5015,0.8208,0.5443,0.6222
pjxuqwbj955,0.5015,0.8731,0.4875,0.6207
pjxyqxbj347,0.5015,0.8311,0.5239,0.6188
pjxrqxbj905,0.5015,0.7987,0.5559,0.6187
pjxyqxbk723,,0.7497,0.4841,0.6169
pjxyqwbk799,0.5015,0.9219,0.4034,0.6089
pjxyqxbk746,,0.8731,0.3421,0.6076
pjxyqxbj710,0.5015,0.7637,0.5471,0.6041
pjxyqwbk511,,0.7129,0.4915,0.6022
pjxyqxbl713,,0.7098,0.489,0.5994
pjxuqwbj799,0.5015,0.8624,0.4312,0.5984
pjxyqwbj913,,0.6777,0.5179,0.5978
pjxuqwbj701,0.5015,0.8966,0.3931,0.5971
pjxrqxbj916,0.5015,0.8872,0.3996,0.5961
pjxyqwbj876,0.5015,0.8616,0.4208,0.5946
pjxyqxbl746,,0.6561,0.5314,0.5937
pjxrqxbj914,,0.8094,0.3756,0.5925
pjxyqxbk468,0.5015,0.806,0.4652,0.5909
pjxyqxbl723,0.5015,0.6762,0.5947,0.5908
pjxsqxbj823,0.5015,0.8412,0.4284,0.5904
pjxuqwbj695,0.5015,0.8574,0.4117,0.5902
pjxyqwbj986,0.5015,0.8331,0.4268,0.5871
pjxsqxbj751,0.5015,0.8879,0.3538,0.5811
pjxyqwbk724,0.5015,0.8465,0.3909,0.5796
pjxyqwbj924,,0.6679,0.4901,0.579
pjxqzxbj982,0.5015,0.7452,0.4894,0.5787
pjxyqwbk777,,0.7153,0.4403,0.5778
pjxyqwbj692,0.5015,0.7487,0.4616,0.5706
pjxyqwbk504,0.5015,0.8263,0.376,0.5679
pjxyqwbk920,,0.6053,0.525,0.5651
pjxyqwbk896,0.995,0.2068,0.4925,0.5648
pjxuqwbj589,0.5015,0.8328,0.3543,0.5628
pjxyqxbl703,0.5015,0.6775,0.5091,0.5627
pjxuqwbj772,0.5015,0.6561,0.5278,0.5618
pjxyqxbk261,0.5015,0.6561,0.5249,0.5608
pjxyqxbl980,0.5015,0.5581,0.6154,0.5583
pjxyqwbj059,0.5015,0.76,0.4123,0.5579
pjxyqxbj743,0.5015,0.6561,0.5006,0.5527
pjxyqxbk895,0.5015,0.625,0.5258,0.5508
pjxyqxbk825,0.5015,0.5968,0.5358,0.5447
pjxsqxbj921,0.5015,0.6426,0.4892,0.5444
pjxyqxbj642,0.5015,0.5896,0.5391,0.5434
200307700011,,0.5427,,0.5427
pjxyqxbj054,0.9875,0.0834,0.5562,0.5424
pjxyqwbj971,0.5015,0.7184,0.4059,0.5419
pjxyqwbj625,0.5015,0.8121,0.3114,0.5416
pjxyqxbj980,0.5015,0.703,0.4193,0.5413
pjwrqxbj998,0.5015,0.6545,0.4638,0.5399
pjxuqwbj558,0.5015,0.6192,0.499,0.5399
pjxwxxbj924,0.5015,0.704,0.414,0.5398
pjxyqxbl789,0.5015,0.5754,0.5422,0.5397
pjxuqwbj492,0.5015,0.7138,0.4033,0.5395
pjxyqwbj585,0.5015,0.5522,0.5542,0.536
pjxpqxbj930,,0.4511,0.618,0.5345
pjxyqwbk510,0.9981,0.1439,0.4572,0.5331
pjxyqxbl839,0.9476,0.0386,0.6073,0.5312
pjxyqxbj327,0.5015,0.5163,0.5713,0.5297
pjxyqxbk505,0.989,0.0184,0.5741,0.5272
pjxyqxbj015,,0.5706,0.4816,0.5261
pjxyqxbj545,0.5015,0.619,0.457,0.5258
pjxyqwbj007,0.5015,0.5672,0.5084,0.5257
pjxxxxbj963,0.9175,0.242,0.4162,0.5252
pjxyqwbj253,0.5015,0.5469,0.5259,0.5248
pjxyqxbk419,0.5015,0.5426,0.5273,0.5238
pjxyqwbj664,0.9981,0.0982,0.4645,0.5203
pjwtqxbj942,0.5015,0.6821,0.376,0.5198
pjxyqxbj469,0.9987,0.0806,0.4795,0.5196
pjxuqwbj806,0.5015,0.551,0.5048,0.5191
pjxsqxbj864,0.5015,0.5959,0.4589,0.5188
pjxyqwbk622,0.5015,0.6152,0.4393,0.5186
pjxxztbj995,0.3823,0.7435,0.4274,0.5177
pjxuqwbj489,1.0,0.0193,0.5339,0.5177
pjxyqwbk859,0.5015,0.4671,0.5838,0.5175
pjxuqwbj988,0.9471,0.0752,0.53,0.5174
pjxyqxbl712,0.5015,0.5742,0.469,0.5149
pjxyqxbk501,0.5015,0.6046,0.4383,0.5148
pjxyqxbk370,0.9975,0.0316,0.5138,0.5143
pjxyqwbj941,0.8975,0.1705,0.4728,0.5136
pjxyqxbj827,0.8581,0.0656,0.6116,0.5118
pjxyqwbk922,1.0,0.0259,0.5094,0.5118
pjxyqxbk911,0.9778,0.0388,0.5132,0.51
pjxyqwbj248,0.9931,0.0918,0.4435,0.5095
pjxyqwbj193,0.985,0.0445,0.4955,0.5083
pjxyqxbj312,0.9975,0.0153,0.5076,0.5068
pjxtztbj985,,0.5933,0.4195,0.5064
pjxyqwbj305,0.9327,0.0259,0.5601,0.5062
pjxyqxbk445,0.965,0.0267,0.5259,0.5059
pjxpqxbj946,0.5015,0.5504,0.4623,0.5047
pjxyqwbj579,0.9871,0.0411,0.4854,0.5045
pjxyqwbj262,0.9457,0.0395,0.5261,0.5038
pjxuqwbj474,0.9587,0.0167,0.5357,0.5037
pjxyqxbl745,0.9327,0.0233,0.5527,0.5029
pjxyqwbj090,0.9925,0.0325,0.4835,0.5028
pjxyqwbj710,0.9692,0.0349,0.5039,0.5027
pjxyqxbj896,0.9599,0.0285,0.5193,0.5025
pjxyqwbj112,0.9969,0.0347,0.4742,0.5019
pjxyqxbk158,0.9789,0.1073,0.4171,0.5011
pjxyqxbl808,0.9673,0.0267,0.5065,0.5001
pjxyqwbj688,0.9049,0.0482,0.5422,0.4985
pjxyqwbj737,0.9825,0.0502,0.4625,0.4984
pjxyqwbj344,,0.4416,0.5527,0.4971
pjxuqwbj985,0.5015,0.4602,0.5287,0.4968
pjxyqwbj086,0.9871,0.1439,0.3572,0.4961
pjxpqxbj963,0.5015,0.543,0.4436,0.496
pjxyqwbj842,1.0,0.0487,0.4369,0.4952
pjxyqxbk228,0.5015,0.6561,0.324,0.4939
pjxyqwbj525,1.0,0.0701,0.4096,0.4932
pjxrqxbj963,0.52,0.4031,0.5555,0.4928
pjxyqwbk559,0.9737,0.1941,0.3106,0.4928
pjxyqwbj621,0.9969,0.0275,0.4492,0.4912
pjxyqwbj237,0.8586,0.1679,0.4459,0.4908
pjxsqxbj962,0.5015,0.5154,0.4546,0.4905
pjxyqxbj250,0.4863,0.5695,0.4153,0.4903
pjxrqxbj962,0.959,0.0278,0.4841,0.4903
pjxpqxbj944,1.0,0.0779,0.3925,0.4901
pjxyqxbk243,0.9825,0.0146,0.4694,0.4888
pjxyqxbj653,0.9964,0.0146,0.4549,0.4886
pjxuqwbj783,0.9297,0.0184,0.5134,0.4872
pjwrqxbj890,0.984,0.0571,0.42,0.487
pjxyqxbk195,,0.5599,0.414,0.487
pjxyqxbj290,0.9959,0.0244,0.4383,0.4862
pjxyqxbj261,0.9394,0.0244,0.4922,0.4853
pjxyqxbj337,0.96,0.0328,0.4614,0.4847
pjxyqxbl684,0.9969,0.0267,0.4267,0.4834
pjxyqxbl797,0.9726,0.0275,0.4465,0.4822
pjxyqwbk603,0.9925,0.0267,0.4273,0.4822
pjxyqxbl910,0.9349,0.0146,0.4912,0.4802
pjxyqxbl847,0.995,0.049,0.3957,0.4799
pjxyqxbk950,0.9825,0.0193,0.4341,0.4786
pjxyqxbk024,0.925,0.0184,0.4921,0.4785
pjxyqxbk319,0.9525,0.0193,0.4624,0.4781
pjxyqwbk700,0.9981,0.0267,0.4079,0.4776
pjxyqwbk736,0.9587,0.2115,0.2617,0.4773
pjxyqxbk065,0.93,0.0193,0.4821,0.4771
pjxyqxbk760,0.865,0.139,0.4268,0.4769
pjxyqwbj219,0.9463,0.0223,0.4613,0.4766
pjxyqxbj241,0.9975,0.0176,0.4142,0.4764
pjxyqwbj485,0.9653,0.0267,0.4363,0.4761
pjxyqxbk317,1.0,0.0201,0.4064,0.4755
pjxyqwbk991,0.995,0.0223,0.405,0.4741
pjxyqwbj054,0.9713,0.0325,0.416,0.4733
pjxyqxbk329,1.0,0.0093,0.4103,0.4732
pjxyqxbj433,0.9875,0.0267,0.4053,0.4731
pjxyqxbj207,1.0,0.0161,0.4022,0.4728
pjxyqxbj935,0.89,0.0156,0.5126,0.4727
pjxyqxbj818,0.8975,0.0485,0.4685,0.4715
pjxyqxbk458,0.9049,0.0277,0.4807,0.4711
pjxyqwbk807,0.5015,0.3303,0.5807,0.4708
pjxyqxbj521,0.99,0.0285,0.3936,0.4707
pjxyqxbj540,0.9213,0.0146,0.4742,0.47
pjxyqxbk705,0.5015,0.3741,0.5321,0.4692
pjxyqxbl929,0.9001,0.0308,0.4744,0.4685
pjxyqwbj100,0.9938,0.0516,0.3597,0.4683
pjxpqxbj977,0.9975,0.0648,0.3426,0.4683
pjxyqwbj154,0.9981,0.0278,0.3772,0.4677
pjxyqwbj192,0.5015,0.3786,0.522,0.4674
pjxyqwbj464,0.9925,0.0308,0.3783,0.4672
pjxyqwbj985,0.9979,0.0267,0.3717,0.4654
pjxyqxbk076,0.965,0.0267,0.4036,0.4651
pjxyqxbk486,0.9225,0.0852,0.3866,0.4648
pjxsqxbj906,0.9975,0.0156,0.3808,0.4646
pjxyqxbk578,0.994,0.0146,0.3851,0.4646
pjxyqxbl896,,0.4797,0.4494,0.4646
pjxyqxbj096,0.9861,0.0153,0.3905,0.464
pjxyqwbk720,0.92,0.0349,0.4363,0.4637
pjxqzxbj975,0.9689,0.0313,0.3902,0.4635
pjxyqwbj741,0.94,0.0281,0.4199,0.4627
pjxyqwbk666,0.8858,0.1407,0.361,0.4625
pjxyqxbk980,0.9728,0.0184,0.3955,0.4623
pjxsqxbj876,1.0,0.0182,0.3658,0.4613
pjxyqxbk655,1.0,0.0233,0.3584,0.4606
pjxyqwbj695,0.9406,0.0257,0.4145,0.4602
pjxyqxbk816,0.8581,0.0327,0.4877,0.4595
pjxsqxbj944,0.9725,0.0328,0.3723,0.4592
pjxyqxbk019,0.9662,0.0195,0.3919,0.4592
pjxyqxbj570,0.9906,0.0267,0.3603,0.4592
pjxyqxbl866,0.8639,0.0165,0.4963,0.4589
pjxyqxbj113,1.0,0.0208,0.3556,0.4588
pjxyqwbj129,0.9225,0.0157,0.437,0.4584
pjxyqwbj293,0.9275,0.0322,0.4152,0.4583
pjxsqxbj829,0.9875,0.0167,0.3699,0.458
pjxyqxbk606,0.9456,0.0277,0.4008,0.458
pjxyqxbk791,0.98,0.0195,0.3739,0.4578
pjxyqxbj119,,0.4574,0.4557,0.4566
pjxuqwbj800,0.9728,0.0146,0.3808,0.456
pjxyqxbk398,0.9692,0.0154,0.3805,0.455
pjxyqxbk662,0.965,0.0093,0.3908,0.455
pjwtqxbj914,1.0,0.0145,0.3495,0.4547
pjxyqxbk621,0.9975,0.0093,0.3561,0.4543
pjxyqxbj419,0.999,0.0146,0.3471,0.4536
pjxyqxbk965,0.8752,0.0244,0.461,0.4536
pjxyqxbk101,0.97,0.0249,0.3655,0.4535
pjxyqxbj012,0.8928,0.0281,0.4392,0.4534
pjxyqxbk865,0.9789,0.0195,0.3617,0.4533
pjxyqwbj640,0.9662,0.0267,0.3668,0.4532
pjxyqxbk000,0.5015,0.1439,0.7124,0.4526
pjxyqxbk391,0.5015,0.5204,0.3358,0.4526
pjxqqxbj985,0.9812,0.0445,0.3299,0.4519
pjxuqwbj784,0.9975,0.0162,0.3417,0.4518
pjxyqxbj947,0.9119,0.0316,0.4117,0.4517
pjwuzxbj992,0.9599,0.0249,0.3695,0.4514
pjxyqxbk415,0.9525,0.0167,0.384,0.4511
pjxyqxbk626,1.0,0.0086,0.3427,0.4504
pjxqzxbj983,,0.3636,0.5368,0.4502
pjxuqwbj573,0.802,0.0244,0.522,0.4495
pjxyqxbj950,0.9975,0.0097,0.341,0.4494
pjxyqxbk414,0.9525,0.0174,0.3766,0.4488
pjxyqxbl673,0.979,0.0238,0.3434,0.4487
pjxrqxbj903,0.9975,0.0169,0.3308,0.4484
pjxyqxbk378,0.9616,0.0395,0.3425,0.4479
pjxyqwbk756,0.9213,0.0244,0.3973,0.4477
pjxtztbj986,,0.4584,0.435,0.4467
pjxyqwbj190,0.9444,0.0411,0.3542,0.4465
pjxyqwbj336,0.9816,0.0162,0.341,0.4463
pjxyqwbj857,0.5015,0.2246,0.6121,0.4461
pjxyqwbk931,1.0,0.0238,0.3137,0.4458
pjxyqwbj117,0.9843,0.0163,0.3368,0.4458
pjxyqxbj884,0.9575,0.0146,0.3632,0.4451
pjxyqwbj944,0.5015,0.2449,0.5878,0.4447
pjxpqxbj994,0.9389,0.0643,0.3306,0.4446
pjxyqxbk339,0.9778,0.0094,0.3436,0.4436
pjxyqxbk551,0.5015,0.4433,0.3857,0.4435
pjxyqwbj732,0.9654,0.0267,0.3375,0.4432
pjxyqwbj089,0.9616,0.0154,0.35,0.4423
pjxyqxbj470,0.9975,0.0161,0.3108,0.4415
pjxwzxfj991,,0.4413,,0.4413
pjxyqwbk928,1.0,0.0169,0.3057,0.4409
pjxqqxbj957,0.9036,0.0263,0.3927,0.4409
pjxvzxbj996,1.0,0.0176,0.3035,0.4404
pjxyqwbk615,0.995,0.0298,0.2942,0.4397
pjxyqxbj599,0.9575,0.0251,0.3348,0.4391
pjxqqxbj974,0.805,0.05,0.4619,0.439
pjxyqwbj109,0.9225,0.0267,0.3675,0.4389
pjxwxxbj899,0.5015,0.3742,0.4405,0.4387
pjxuqwbj605,0.5015,0.4345,0.3795,0.4385
pjxyqwbj946,0.9471,0.0208,0.3471,0.4383
pjwrqxbj911,0.7507,0.1099,0.4536,0.4381
pjxyqxbk107,0.94,0.0169,0.3572,0.438
pjxuqwbj986,0.9948,0.0315,0.2874,0.4379
pjxyqxbk894,0.6936,0.1439,0.4759,0.4378
pjxqqxbj959,0.7625,0.0616,0.4888,0.4376
pjxuqwbj845,0.5015,0.2787,0.5323,0.4375
pjxyqwbj594,0.5015,0.3842,0.4262,0.4373
pjxyqxbk936,0.8463,0.0442,0.4206,0.437
pjxpqxbj915,0.7454,0.1295,0.4355,0.4368
pjxyqwbk721,0.98,0.0157,0.3145,0.4367
pjxyqxbk630,0.895,0.0257,0.3889,0.4365
pjxuqwbj898,0.882,0.0146,0.413,0.4365
pjxyqwbj884,0.5015,0.4089,0.3978,0.4361
pjxuqwbj500,0.9152,0.0193,0.3737,0.4361
pjxyqxbj032,0.7241,0.1439,0.4394,0.4358
pjxyqwbk544,0.836,0.0267,0.4444,0.4357
pjxyqxbl737,0.9689,0.0242,0.3109,0.4347
pjxyqxbk839,,0.4507,0.4186,0.4346
pjxyqwbj646,0.9763,0.0176,0.3073,0.4337
pjxyqwbj478,0.5015,0.3312,0.4646,0.4324
pjxyqxbj658,0.9823,0.0101,0.3045,0.4323
pjxuqwbj552,0.5015,0.4572,0.3354,0.4314
pjxyqwbj367,0.92,0.0244,0.3494,0.4313
pjxyqwbk761,0.8225,0.0278,0.4433,0.4312
pjxyqxbj151,0.9584,0.0162,0.318,0.4308
pjxuqwbj663,0.9225,0.0284,0.3388,0.4299
pjxuqwbj837,0.7112,0.0193,0.5589,0.4298
pjxyqwbk537,0.5015,0.2443,0.5424,0.4294
pjxyqwbj742,0.7507,0.0982,0.4377,0.4289
pjxrqxbj957,0.8044,0.0312,0.4489,0.4281
pjxyqwbk536,0.5015,0.2302,0.5527,0.4281
pjxyqxbj146,0.9074,0.0169,0.3585,0.4276
pjxyqwbj088,0.9775,0.0176,0.2873,0.4275
pjxyqxbk853,0.9662,0.0144,0.3,0.4269
pjxwxxbj970,1.0,0.0633,0.2168,0.4267
pjxxxxbj986,0.5015,0.2313,0.547,0.4266
pjxyqwbj468,0.9175,0.0169,0.3423,0.4256
pjxyqxbj527,0.9049,0.0193,0.3522,0.4254
pjxuqwbj714,0.981,0.0101,0.2834,0.4248
pjxyqxbk794,0.5015,0.1031,0.6689,0.4245
pjxyqxbj253,0.9301,0.0101,0.33,0.4234
pjxyqwbj368,0.5015,0.2449,0.5226,0.423
pjxuqwbj610,1.0,0.0224,0.2451,0.4225
pjxyqwbj838,0.9283,0.0301,0.3055,0.4213
pjxyqxbk935,0.5015,0.3671,0.394,0.4209
pjxwxxbj916,1.0,0.0101,0.252,0.4207
pjxqqxbj961,0.7791,0.0458,0.4363,0.4204
pjxpqxbj967,0.7975,0.1406,0.3228,0.4203
pjxyqxbj769,,0.4218,0.4185,0.4202
pjxyqxbk307,0.8429,0.0156,0.4016,0.4201
pjxuqwbj770,0.9465,0.0101,0.3006,0.419
pjxuqwbj582,0.5015,0.2325,0.5231,0.419
pjxyqxbj198,0.8577,0.0097,0.3864,0.4179
pjxyqwbk631,0.9056,0.0468,0.3009,0.4178
pjxyqxbk097,0.8756,0.0267,0.35,0.4174
pjxyqwbk698,0.7,0.0704,0.4796,0.4167
pjxyqxbj750,0.7775,0.0473,0.4248,0.4165
pjxyqxbj679,0.894,0.0162,0.3378,0.416
pjxyqwbj656,0.5015,0.2305,0.5102,0.4141
pjxyqxbj726,0.7075,0.0267,0.5079,0.414
pjxpqxbj937,0.731,0.1323,0.3783,0.4139
pjxyqxbk582,0.5015,0.1234,0.6155,0.4135
pjxwzxbj993,0.5015,0.3714,0.3673,0.4134
pjxuqwbj528,0.8734,0.0149,0.3505,0.4129
pjxwxxbj930,0.5015,0.0965,0.6404,0.4128
pjxuqwbj818,0.9587,0.0296,0.2494,0.4126
pjxyqxbk644,0.7066,0.1908,0.3399,0.4124
pjxyqwbk889,0.5015,0.2179,0.5149,0.4114
pjxyqwbj327,0.8061,0.0277,0.3982,0.4106
pjxyqwbj085,0.5015,0.3438,0.3811,0.4088
pjxyqxbk094,0.8496,0.0211,0.3517,0.4075
pjxyqwbj191,0.7259,0.1149,0.3811,0.4073
pjxyqxbj160,0.5713,0.0388,0.6118,0.4073
pjxyqwbj847,0.5015,0.3693,0.35,0.4069
pjxuqwbj781,,0.3268,0.4849,0.4059
pjxuqwbj450,0.5015,0.151,0.5647,0.4057
pjxyqxbl830,0.7325,0.0325,0.4518,0.4056
pjxrqxbj973,0.7608,0.0262,0.4292,0.4054
pjxyqwbk953,0.69,0.0782,0.4464,0.4049
pjxyqxbk043,,0.1626,0.6459,0.4042
pjxyqwbj588,0.5015,0.3695,0.3412,0.404
pjxyqxbj893,0.7075,0.0244,0.4794,0.4038
pjxyqwbk583,0.5015,0.1439,0.5656,0.4037
pjxuqwbj525,0.9411,0.0137,0.2551,0.4033
pjxuqwbj750,0.5015,0.0572,0.6494,0.4027
pjxrqxbj943,0.8325,0.1194,0.2547,0.4022
pjxyqwbk826,0.6981,0.0918,0.4165,0.4021
pjxyqxbk742,0.995,0.0214,0.1897,0.402
pjxuqwbj698,0.96,0.0137,0.2301,0.4013
pjxrqxbj955,0.9701,0.0345,0.1975,0.4007
pjxuqwbj890,0.5015,0.1439,0.556,0.4005
pjxyqxbj507,0.5015,0.2032,0.4958,0.4002
pjxuqwbj639,0.5015,0.1603,0.5386,0.4001
pjxuqwbj705,0.5015,0.1274,0.5676,0.3988
pjxyqwbk845,0.5015,0.132,0.562,0.3985
pjxyqxbj895,0.955,0.0419,0.198,0.3983
pjxyqwbj888,0.5015,0.194,0.4987,0.3981
pjxyqxbj681,0.9488,0.0204,0.2222,0.3971
pjxuqwbj585,0.8765,0.0097,0.302,0.3961
pjxyqxbk733,,0.2529,0.5382,0.3955
pjxrqxbj996,0.6086,0.1496,0.4279,0.3954
pjxyqwbk620,0.5015,0.1663,0.5176,0.3951
pjxyqxbl886,0.5015,0.0553,0.6282,0.395
pjxyqxbl858,0.5015,0.0478,0.6349,0.3947
pjxyqwbj555,0.9327,0.0278,0.2232,0.3946
pjxsqxbj862,0.5015,0.1219,0.5584,0.3939
pjxyqwbj205,0.5204,0.1663,0.4937,0.3935
pjxuqwbj591,0.8767,0.0093,0.2941,0.3934
pjxqqxbj964,0.6572,0.0505,0.4721,0.3933
pjxyqxbl828,0.7688,0.0156,0.3942,0.3929
pjxsqxbj877,0.5015,0.1755,0.5009,0.3926
pjxrqxbj990,0.9137,0.0217,0.2423,0.3926
pjxyqxbk399,0.7158,0.0193,0.4425,0.3925
pjxyqxbj262,0.7828,0.0144,0.3784,0.3919
pjxyqxbk125,0.5015,0.1439,0.5298,0.3917
pjxyqxbl815,0.8362,0.0208,0.3172,0.3914
pjxuqwbj804,0.5015,0.2023,0.4701,0.3913
pjxsqxbj831,0.5015,0.1876,0.4833,0.3908
pjxyqwbk668,0.5015,0.1439,0.5237,0.3897
pjxyqwbj598,0.7275,0.0259,0.4153,0.3896
pjxyqxbj869,,0.3024,0.4763,0.3893
pjxyqxbj795,0.5015,0.0243,0.6412,0.389
pjxyqwbk538,0.5015,0.089,0.5756,0.3887
pjxyqwbj691,0.8928,0.0275,0.2439,0.3881
pjxyqwbj156,0.5015,0.2101,0.4521,0.3879
pjxyqwbj356,0.69,0.0281,0.4449,0.3877
pjxuqwbj593,0.5369,0.0509,0.575,0.3876
pjxuqwbj538,0.5015,0.1439,0.5174,0.3876
pjxyqxbk775,0.5015,0.1439,0.5174,0.3876
pjxyqwbj754,0.5015,0.1439,0.5158,0.3871
pjxyqwbj592,0.5015,0.1132,0.5426,0.3858
pjxyqxbj857,0.5015,0.2078,0.4479,0.3857
pjxyqxbk745,,0.312,0.4592,0.3856
pjxyqxbl817,0.6783,0.0267,0.4516,0.3855
pjxyqwbj718,0.5015,0.134,0.5209,0.3855
pjxyqxbj512,0.8305,0.0101,0.3141,0.3849
pjxuqwbj496,0.5015,0.129,0.5241,0.3849
pjxyqwbj760,0.5015,0.176,0.4771,0.3849
pjwrqxbj916,0.5015,0.0982,0.5547,0.3848
pjxyqxbk302,0.5015,0.2534,0.3972,0.384
pjxyqxbj760,0.5015,0.5107,0.1373,0.3832
pjxsqxbj983,0.5015,0.0146,0.6331,0.383
pjxyqwbk893,0.6465,0.1343,0.3679,0.3829
pjxsqxbj857,0.5015,0.1253,0.5209,0.3825
pjxuqwbj830,0.5015,0.1439,0.5014,0.3823
pjxrqxbj898,0.5015,0.2493,0.3928,0.3812
pjxyqwbj658,0.5015,0.0267,0.6153,0.3812
pjxyqxbk031,0.7338,0.0193,0.3882,0.3804
pjxyqwbj518,0.5015,0.0953,0.5439,0.3802
pjxxxxbj941,0.5015,0.1236,0.5142,0.3797
pjxyqxbk772,0.5015,0.0974,0.5393,0.3794
pjxyqwbk951,0.5015,0.1439,0.4928,0.3794
pjxqzxbj979,0.5015,0.0858,0.5503,0.3792
pjwrqxbj948,0.5015,0.1099,0.5261,0.3792
pjwtqxbj965,0.7258,0.0242,0.3868,0.379
pjxuqwbj847,0.5015,0.1242,0.5108,0.3788
pjxuqwbj679,0.5015,0.0153,0.6196,0.3788
pjxyqxbl804,0.5015,0.1249,0.5091,0.3785
pjxyqwbj380,0.5015,0.1505,0.4828,0.3783
pjxyqwbk540,0.5015,0.0918,0.5415,0.3783
pjxyqwbk996,,0.1992,0.5565,0.3779
pjxyqxbj968,0.5015,0.0208,0.6107,0.3777
pjxyqxbk731,0.5015,0.1491,0.482,0.3775
pjxyqxbk609,0.5015,0.0325,0.5983,0.3774
pjxyqwbj522,0.5369,0.0284,0.5658,0.377
pjxuqwbj445,0.5015,0.1439,0.4855,0.3769
pjxyqxbk524,0.8129,0.0097,0.306,0.3762
pjxyqwbj454,0.5015,0.0885,0.5385,0.3762
pjxyqwbj321,0.5015,0.0244,0.6023,0.3761
pjxyqxbk495,0.5015,0.0356,0.5905,0.3758
pjxyqwbk701,0.5015,0.1071,0.5181,0.3755
pjxyqwbj340,0.5015,0.1439,0.4811,0.3755
pjxyqxbl955,0.5015,0.0223,0.6025,0.3754
pjxyqwbk808,0.675,0.0325,0.4186,0.3754
pjxyqwbj589,0.5015,0.1679,0.4562,0.3752
pjwrqxbj898,,0.3035,0.446,0.3747
pjxyqwbj787,0.7731,0.0257,0.3245,0.3744
pjxyqxbk294,,0.2098,0.5374,0.3736
pjxyqwbj033,0.5015,0.0551,0.5637,0.3734
pjxyqwbk824,0.5015,0.1,0.5186,0.3734
pjwrqxbj919,,0.1514,0.5953,0.3734
pjxxxxbj970,0.5015,0.242,0.3761,0.3732
pjxyqxbk954,0.5015,0.1635,0.4543,0.3731
pjxuqwbj490,0.5015,0.1439,0.4738,0.3731
pjxyqxbj607,0.5015,0.2293,0.3882,0.373
pjxyqxbk916,0.5015,0.1013,0.5161,0.3729
pjxqzxbj985,0.3642,0.3693,0.3853,0.3729
pjxqqxbj986,0.5015,0.0616,0.5546,0.3726
pjxyqxbl759,0.5015,0.0223,0.5933,0.3724
pjxyqxbj214,0.909,0.0149,0.193,0.3723
pjwrqxbj918,0.5015,0.0657,0.5493,0.3721
pjxyqxbk067,0.5015,0.0634,0.5511,0.372
pjxyqxbj374,0.5015,0.0156,0.5979,0.3717
pjxyqwbk919,0.5015,0.1,0.5134,0.3716
pjxuzvbj996,0.5015,0.2038,0.4095,0.3716
pjxyqxbk780,0.5015,0.0184,0.5947,0.3715
pjxyqwbj366,0.5015,0.0259,0.5871,0.3715
pjxyqxbk201,0.5015,0.1439,0.469,0.3715
pjxyqxbk350,0.7576,0.0352,0.3208,0.3712
pjxyqwbj671,0.5015,0.1151,0.4947,0.3704
pjxyqxbl763,0.5015,0.2012,0.4083,0.3703
pjxxxxbj955,0.6194,0.1301,0.3615,0.3703
pjxuqwbj787,0.5015,0.0153,0.5942,0.3703
pjxyqwbk542,0.5015,0.1534,0.4559,0.3703
pjxyqwbj077,0.5015,0.135,0.4731,0.3699
pjxyqwbj174,0.5015,0.1576,0.4504,0.3698
pjxyqwbj444,0.5015,0.2086,0.399,0.3697
pjxyqwbj785,0.5015,0.1439,0.4635,0.3696
pjxyqxbj922,0.5015,0.0565,0.5509,0.3696
pjxuqwbj796,0.5015,0.0184,0.5889,0.3696
pjxyqxbk629,0.6825,0.0195,0.4066,0.3695
pjxpqxbj927,0.5015,0.0557,0.5513,0.3695
pjxyqxbk680,0.7507,0.0176,0.3402,0.3695
pjxyqwbk541,0.5015,0.0296,0.5765,0.3692
pjxwxxbj908,0.5015,0.1198,0.485,0.3688
pjxuqwbj574,0.5015,0.0285,0.575,0.3683
pjxyqxbl717,0.5015,0.1282,0.4749,0.3682
pjxyqwbk521,0.5015,0.1786,0.4242,0.3681
pjxyqwbj632,0.5015,0.0527,0.5502,0.3681
pjxyqwbj347,0.8129,0.0157,0.2755,0.368
pjxyqxbk520,0.695,0.0231,0.3855,0.3679
pjxyqwbj043,0.5015,0.045,0.5554,0.3673
pjxyqwbj391,0.5015,0.0267,0.5728,0.367
pjxyqxbl957,0.5015,0.1439,0.4555,0.3669
pjxyqxbj277,0.5015,0.0281,0.5711,0.3669
pjxxzxkj979,0.5015,0.0154,0.5837,0.3669
pjxyqwbj159,0.5015,0.115,0.4837,0.3667
pjxyqwbj755,0.5015,0.0275,0.5705,0.3665
pjxyqxbj933,0.5015,0.0167,0.5803,0.3662
pjxyqxbl796,0.6815,0.012,0.4043,0.3659
pjxyqxbk298,0.5015,0.0537,0.5424,0.3659
pjxyqwbk604,0.5015,0.0259,0.57,0.3658
pjxyqwbk815,0.5015,0.0908,0.5047,0.3657
pjxsqxbj916,0.7171,0.0146,0.3647,0.3655
pjxsqxbj820,0.5015,0.0167,0.5774,0.3652
pjxyqxbj124,0.5015,0.0353,0.5586,0.3651
pjxyqwbj577,0.5015,0.1047,0.489,0.3651
pjxyqwbj584,0.5369,0.0982,0.4598,0.365
pjxyqwbj126,0.5015,0.134,0.4592,0.3649
pjxuqwbj903,0.5015,0.0156,0.5775,0.3649
pjxyqxbk211,0.6782,0.0281,0.3879,0.3647
pjxyqwbj036,0.5015,0.0386,0.5539,0.3647
pjxyqwbj433,0.5015,0.1707,0.4217,0.3646
pjxuqwbj545,0.5015,0.1439,0.4484,0.3646
pjxyqxbk803,0.5015,0.2693,0.323,0.3646
pjxyqxbj114,0.5015,0.0267,0.5651,0.3644
pjxuqwbj606,0.8019,0.0204,0.2708,0.3644
pjxxzxbj998,0.5015,0.1439,0.4473,0.3642
pjxyqwbk884,0.5015,0.1949,0.3962,0.3642
pjxyqwbj651,0.5015,0.1108,0.4802,0.3642
pjxyqxbj955,0.611,0.0267,0.4545,0.3641
pjxpqxbj932,0.5015,0.2072,0.3832,0.364
pjxyqxbj415,0.5015,0.0308,0.5595,0.364
pjxuqwbj905,0.5015,0.0284,0.5617,0.3639
pjxyqxbl921,0.5015,0.1364,0.4537,0.3639
pjxyqxbk841,0.5015,0.0223,0.5678,0.3639
pjxuqwbj805,0.7225,0.0093,0.3597,0.3638
pjxyqwbk653,0.5015,0.0885,0.501,0.3636
pjxuqwbj503,0.5015,0.0193,0.5694,0.3634
pjxyqwbk796,0.5015,0.191,0.3976,0.3634
pjxyqxbj169,0.5015,0.1205,0.4675,0.3631
pjxyqxbk263,0.5015,0.0201,0.5676,0.363
pjxuqwbj778,0.7025,0.0146,0.3715,0.3629
pjxyqwbk735,0.5015,0.0446,0.5416,0.3626
pjwrqxbj924,0.5015,0.0493,0.5367,0.3625
pjxwxxbj964,0.5015,0.1004,0.4847,0.3622
pjxsqxbj971,0.6841,0.0182,0.3842,0.3622
pjxyqwbk585,0.5015,0.089,0.4947,0.3617
pjxyqwbk925,0.5015,0.0606,0.5217,0.3613
pjxyqxbk497,0.5015,0.0259,0.5557,0.361
pjxyqwbk999,0.5015,0.0885,0.4929,0.361
pjxyqxbk013,0.5015,0.1249,0.4563,0.3609
pjxyqxbj776,0.5015,0.0184,0.5625,0.3608
pjxyqwbk895,0.5015,0.0281,0.5528,0.3608
pjxyqwbk741,0.5015,0.0487,0.532,0.3607
pjxyqwbj660,0.7333,0.0451,0.3028,0.3604
pjxyqwbj617,0.5015,0.0953,0.4842,0.3604
pjxyqwbk871,0.5015,0.0244,0.5551,0.3603
pjwtqxbj967,0.5015,0.0982,0.4812,0.3603
pjxxxxbj987,0.5015,0.146,0.4333,0.3603
pjxyqxbk782,0.5015,0.0885,0.4908,0.3603
pjxyqxbk273,0.5015,0.0642,0.515,0.3602
pjxyqxbk604,0.5015,0.0294,0.5495,0.3601
pjxyqxbl779,0.5015,0.1269,0.4519,0.3601
pjxyqxbj777,0.5015,0.1439,0.4343,0.3599
pjxyqxbj753,0.5015,0.1439,0.4343,0.3599
pjxuqwbj904,0.5015,0.0242,0.5537,0.3598
pjxxxxbj922,0.5015,0.1147,0.4632,0.3598
pjxyqxbk789,0.5015,0.2765,0.3012,0.3597
pjxsqxbj918,0.5015,0.1706,0.4071,0.3597
pjwrqxbj935,0.5015,0.0281,0.5492,0.3596
pjxqqxbj982,0.7408,0.0506,0.2865,0.3593
pjxyqwbj830,0.5015,0.0267,0.5491,0.3591
pjxyqwbj333,0.5015,0.0763,0.4991,0.359
pjxuqwbj634,0.5015,0.1241,0.451,0.3589
pjxyqxbl990,0.5015,0.0244,0.5505,0.3588
pjxyqwbj764,0.5015,0.0904,0.4846,0.3588
pjxyqwbj139,0.5015,0.0881,0.4866,0.3587
pjxxxxbj901,0.5015,0.1227,0.4517,0.3586
pjxsqxbj787,0.5015,0.0478,0.5259,0.3584
pjxyqxbl963,0.5015,0.0154,0.558,0.3583
pjxyqwbj631,0.5015,0.1441,0.4288,0.3581
pjxxztbj998,0.5015,0.0233,0.5493,0.358
pjxuqwbj676,0.5015,0.0167,0.5548,0.3577
pjxyqwbj560,0.5015,0.0259,0.5455,0.3576
pjxuqwbj517,0.5015,0.1473,0.4239,0.3575
pjxxxxbj921,0.5015,0.1776,0.3932,0.3574
pjxyqwbj004,0.5015,0.0259,0.5443,0.3572
pjxsqxbj925,0.5015,0.0281,0.542,0.3572
pjxyqwbj699,0.5015,0.13,0.4398,0.3571
pjxyqwbj104,0.5015,0.0277,0.541,0.3567
pjxyqwbk727,0.5015,0.0685,0.5001,0.3567
pjxuqwbj666,0.7397,0.0204,0.3097,0.3566
pjxyqxbj162,0.5015,0.0607,0.5076,0.3566
pjxpqxbj955,0.4666,0.2143,0.3881,0.3563
pjxyqxbk882,0.5015,0.1439,0.4236,0.3563
pjxyqxbl919,0.5015,0.052,0.5151,0.3562
pjxwxxbj934,0.5015,0.027,0.5402,0.3562
pjxxxxbj975,0.5015,0.0891,0.4779,0.3562
pjxyqwbj452,0.5015,0.1439,0.4229,0.3561
pjxyqwbk795,0.5015,0.1047,0.4621,0.3561
pjxyqxbj399,0.5015,0.1135,0.4531,0.356
pjxyqwbj455,0.5015,0.1215,0.4451,0.356
pjxyqxbj740,0.5015,0.0173,0.5491,0.356
pjxyqxbj669,0.5015,0.2401,0.3259,0.3558
pjxyqxbl687,0.5015,0.0161,0.5495,0.3557
pjxyqxbk232,0.5015,0.0353,0.5303,0.3557
pjxyqwbk769,0.5015,0.0969,0.4681,0.3555
pjxyqwbj035,0.5015,0.0267,0.5383,0.3555
pjxyqxbk909,0.5015,0.0244,0.5404,0.3554
pjxyqxbk513,0.5192,0.0317,0.5152,0.3554
pjxyqxbk150,0.5015,0.0275,0.5369,0.3553
pjxyqwbj914,0.5015,0.0999,0.4641,0.3552
pjxyqxbk679,0.5015,0.0231,0.5407,0.3551
pjxyqxbk700,0.5015,0.1278,0.4357,0.355
pjxyqxbj132,,0.0852,0.6247,0.3549
pjxuqwbj925,0.5015,0.0478,0.5153,0.3549
pjxyqwbj590,0.5015,0.0739,0.489,0.3548
pjxyqxbk827,0.5015,0.0233,0.5395,0.3548
pjxyqxbj323,,0.2555,0.4538,0.3546
pjxyqwbj146,0.5015,0.0487,0.5135,0.3546
pjxyqwbj685,0.5015,0.0349,0.5273,0.3546
pjxyqxbj410,0.5015,0.0146,0.5476,0.3546
pjxyqxbj027,0.5015,0.1133,0.4483,0.3544
pjxyqxbj701,0.5015,0.0459,0.5153,0.3542
pjxsqxbj812,0.5015,0.0208,0.5404,0.3542
pjxwzxbj996,0.5015,0.0208,0.5403,0.3542
pjxuqwbj933,0.5015,0.0585,0.5021,0.354
pjxyqwbj027,0.5015,0.1091,0.4513,0.3539
pjxyqwbj249,0.5015,0.1077,0.4524,0.3539
pjxuqwbj803,0.5015,0.0156,0.5444,0.3538
pjxyqxbk961,0.5015,0.0156,0.5436,0.3536
pjxyqxbl753,0.5015,0.0275,0.5317,0.3535
pjxuqwbj631,0.5015,0.0398,0.5189,0.3534
pjxyqxbk840,0.5015,0.0852,0.4733,0.3533
pjxyqxbk583,0.7285,0.0146,0.3168,0.3533
pjxyqwbj868,0.5015,0.0687,0.4895,0.3532
pjxyqwbk862,0.5015,0.0618,0.4962,0.3532
pjxyqxbj147,0.6382,0.0267,0.3944,0.3531
pjxuqwbj609,0.5015,0.0195,0.5381,0.353
pjxyqxbj102,0.5015,0.0648,0.4922,0.3528
pjxyqxbk039,0.5015,0.1044,0.4524,0.3528
pjxyqxbj541,0.5637,0.0267,0.4679,0.3527
pjxyqwbk868,0.5015,0.1,0.4568,0.3527
pjxyqxbl730,0.5015,0.0285,0.5278,0.3526
pjxxxxbj980,0.5015,0.101,0.455,0.3525
pjxyqxbk287,0.5015,0.0347,0.5213,0.3525
pjxuqwbj654,0.5015,0.0195,0.5363,0.3524
pjxuqwbj917,0.5015,0.1052,0.4501,0.3523
pjwrqxbj980,0.5015,0.0244,0.5302,0.352
pjxsqxbj996,0.5015,0.0146,0.5395,0.3519
pjxyqxbk500,,0.1071,0.5965,0.3518
pjxyqwbj811,0.5015,0.0281,0.5259,0.3518
pjxyqwbk855,0.5015,0.018,0.5356,0.3517
pjxsqxbj981,0.5015,0.0146,0.5389,0.3516
pjwtqxbj969,0.5015,0.0447,0.5086,0.3516
pjxyqxbk627,0.5015,0.0488,0.5045,0.3516
pjxyqwbj418,0.4931,0.0918,0.4699,0.3516
pjxrqxbj951,0.5015,0.0329,0.5203,0.3516
pjxwxxbj949,0.5015,0.0454,0.5074,0.3514
pjxyqxbl812,0.5015,0.0957,0.4572,0.3514
pjxyqwbk636,0.5015,0.0257,0.527,0.3514
pjxyqxbk535,0.5015,0.0132,0.5393,0.3513
pjxuqwbj460,0.5015,0.0184,0.5341,0.3513
pjxyqxbj092,0.5015,0.0806,0.4717,0.3512
pjxyqxbj909,0.5015,0.0322,0.52,0.3512
pjwtqxbj952,0.5015,0.0525,0.4992,0.3511
pjxyqxbk437,0.5015,0.0219,0.5298,0.351
pjxyqwbj185,0.5015,0.0965,0.455,0.351
pjxyqwbk782,0.5015,0.148,0.4033,0.3509
pjxyqxbj771,0.5015,0.0539,0.4962,0.3505
pjxrqxbj945,0.5015,0.0247,0.5252,0.3505
pjxyqxbl827,0.5015,0.0267,0.5226,0.3502
pjxyqxbk434,0.5015,0.0514,0.4975,0.3501
pjxuqwbj953,0.5015,0.0195,0.5292,0.35
pjxyqxbj501,0.5015,0.0246,0.5239,0.35
pjxyqxbj405,0.5015,0.0154,0.5331,0.35
pjxyqxbj066,0.5015,0.0684,0.4799,0.3499
pjwtqxbj935,0.5015,0.0821,0.4662,0.3499
pjxyqxbk631,0.5015,0.0717,0.4766,0.3499
pjxyqwbj627,0.5015,0.0852,0.463,0.3499
pjxxxxbj942,0.5015,0.146,0.4021,0.3499
pjxyqxbj451,0.5015,0.0605,0.4873,0.3498
pjxyqxbj334,0.5369,0.0259,0.4864,0.3497
pjxyqxbl869,0.5015,0.0811,0.4666,0.3497
pjxyqxbk799,0.5015,0.1668,0.3804,0.3496
pjxyqwbj506,0.5015,0.0277,0.5194,0.3495
pjxyqwbj285,0.5015,0.0946,0.4524,0.3495
pjxyqwbj044,0.5015,0.0269,0.5201,0.3495
pjxyqwbj041,0.5015,0.0602,0.4865,0.3494
pjxyqxbl872,,0.1534,0.5453,0.3494
pjxuqwbj686,0.5015,0.082,0.4646,0.3494
pjxyqxbj492,0.5015,0.0244,0.5222,0.3494
pjxyqxbk676,0.5015,0.0132,0.5334,0.3494
pjxyqwbk831,0.5015,0.0259,0.5206,0.3493
pjxyqwbj031,0.5015,0.0918,0.4544,0.3492
pjxyqxbj121,0.5015,0.0184,0.5275,0.3492
pjxuqwbj692,0.5015,0.0156,0.5303,0.3491
pjxsqxbj780,0.5015,0.1439,0.4018,0.3491
pjwrqxbj901,0.5015,0.0455,0.5001,0.349
pjxsqxbj936,0.5015,0.134,0.411,0.3489
pjxyqwbk623,,0.1688,0.5286,0.3487
pjxyqxbk470,0.5015,0.0258,0.5188,0.3487
pjxyqxbj812,0.5015,0.0208,0.5236,0.3486
pjxyqwbk710,0.5015,0.1047,0.4389,0.3484
pjxyqwbk513,0.5015,0.0688,0.4747,0.3483
pjxyqwbj278,0.5015,0.0223,0.5209,0.3482
pjxyqxbk926,0.5015,0.0156,0.5276,0.3482
pjxyqwbk632,0.5015,0.0322,0.5108,0.3482
pjxyqwbj422,0.5015,0.0908,0.4522,0.3482
pjxyqwbk899,0.5015,0.0908,0.452,0.3481
pjxyqxbj173,0.5015,0.0267,0.516,0.348
pjxyqwbj834,0.6696,0.0401,0.3343,0.348
pjxyqxbj562,0.5015,0.027,0.5155,0.348
pjxyqxbl793,0.5015,0.0154,0.5266,0.3478
pjwrqxbj991,0.5015,0.0349,0.5071,0.3478
pjxyqwbj408,0.5015,0.0275,0.5144,0.3478
pjxyqxbj905,0.5015,0.0277,0.5141,0.3477
pjxyqwbj895,0.5015,0.0602,0.4813,0.3477
pjxyqxbl708,0.5015,0.1855,0.3559,0.3476
pjxpqxbj918,0.5015,0.0555,0.4857,0.3476
pjxyqwbk661,0.5015,0.052,0.4892,0.3476
pjxyqxbk522,0.5015,0.0154,0.5256,0.3475
pjxyqxbk546,0.5015,0.0156,0.5251,0.3474
pjxyqwbj463,0.5015,0.0267,0.5132,0.3471
pjxyqwbk548,0.5015,0.0742,0.4655,0.347
pjxuzxbj986,0.5015,0.0588,0.4808,0.347
pjwtqxbj976,0.5015,0.0243,0.5152,0.347
pjxyqwbj744,0.5015,0.0918,0.4477,0.347
pjxyqwbj608,0.5015,0.0982,0.4412,0.347
pjxyqwbk865,,0.1436,0.5503,0.347
pjxsqxbj888,0.5015,0.0156,0.5238,0.3469
pjxyqwbk764,0.5015,0.0935,0.4459,0.3469
pjxuqwbj615,0.5015,0.0167,0.5226,0.3469
pjxyqwbk531,0.5015,0.1439,0.3952,0.3469
pjxyqwbk671,0.5015,0.1632,0.3754,0.3467
pjxuqwbj586,0.5015,0.0307,0.5078,0.3467
pjxyqxbk253,0.5015,0.0815,0.4569,0.3466
pjxyqxbj780,0.5582,0.0367,0.4441,0.3463
pjxyqwbk810,0.5015,0.0388,0.4985,0.3463
pjxyqwbj223,0.5015,0.0325,0.5048,0.3463
pjxyqxbj063,,0.1439,0.548,0.346
pjxyqwbj003,0.5015,0.0257,0.5107,0.346
pjxyqxbl900,0.5015,0.0588,0.4773,0.3459
pjxyqwbj122,0.5015,0.0967,0.4393,0.3458
pjxyqxbk596,0.5015,0.0267,0.5093,0.3458
pjxyqxbk953,0.5015,0.1439,0.3916,0.3457
pjxyqxbk905,0.5015,0.0146,0.5209,0.3457
pjxyqxbj835,0.5015,0.0146,0.5204,0.3455
pjxxzxkj978,,0.1005,0.5904,0.3454
pjxsqxbj922,0.5015,0.0223,0.5121,0.3453
pjxyqxbj035,0.5015,0.0219,0.5124,0.3453
pjxyqwbk673,0.5015,0.0918,0.4423,0.3452
pjxwzxkj985,0.5015,0.0325,0.5014,0.3451
pjxyqxbj610,0.5015,0.0195,0.5142,0.3451
pjxyqxbj315,0.6422,0.1021,0.2902,0.3448
pjxyqxbj984,0.5015,0.0267,0.5061,0.3447
pjxyqxbk649,0.5015,0.0322,0.5002,0.3446
pjxyqxbj630,0.5015,0.0243,0.5079,0.3446
pjwtqxbj932,0.5015,0.0259,0.5062,0.3445
pjxyqxbj397,0.5015,0.0146,0.5175,0.3445
pjxyqwbj662,0.5015,0.1154,0.4166,0.3445
pjxyqwbj084,0.5015,0.0281,0.5038,0.3445
pjxyqxbj765,0.5015,0.0267,0.5048,0.3443
pjxuqwbj535,0.5015,0.0247,0.5066,0.3443
pjwtqxbj939,0.5015,0.0529,0.4782,0.3442
pjxyqwbk828,0.5015,0.0729,0.4581,0.3442
pjxyqxbj044,0.5015,0.0851,0.4458,0.3441
pjxyqwbj669,0.7325,0.0176,0.2819,0.344
pjxyqxbk144,0.5015,0.0156,0.5146,0.3439
pjvyzxbj995,0.5015,0.1537,0.3764,0.3439
pjxqzxbj984,0.5015,0.124,0.406,0.3438
pjxyqxbk074,0.5015,0.1439,0.3861,0.3438
pjxrqxbj928,0.5015,0.0247,0.5053,0.3438
pjxyqxbl893,0.5015,0.0146,0.5152,0.3437
pjxyqxbj756,0.5015,0.0515,0.4782,0.3437
pjxyqwbj221,0.5015,0.0223,0.5072,0.3437
pjxyqwbj802,0.5015,0.045,0.4843,0.3436
pjxyqwbj087,0.5015,0.0372,0.4921,0.3436
pjwtqxbj968,0.5015,0.1119,0.4173,0.3436
pjxyqxbj584,0.5015,0.0169,0.5109,0.3431
pjxyqxbj868,0.5015,0.0244,0.503,0.343
pjxyqxbj578,0.5015,0.0267,0.5005,0.3429
pjxuqwbj723,0.5015,0.0292,0.4978,0.3428
pjxsqxbj815,0.5015,0.0161,0.5108,0.3428
pjxyqwbk562,0.5015,0.0325,0.4943,0.3428
pjxyqwbk962,0.5015,0.0267,0.5001,0.3427
pjxrqxbj918,0.5015,0.027,0.4996,0.3427
pjxyqxbj031,0.4966,0.1452,0.3863,0.3427
pjxyqwbj713,0.5015,0.0325,0.494,0.3427
pjxyqwbj896,0.5369,0.0267,0.4643,0.3426
pjxsqxbj985,0.5015,0.0167,0.5094,0.3425
pjxyqwbj939,0.5015,0.0281,0.498,0.3425
pjxyqwbj864,0.5015,0.0908,0.4352,0.3425
pjxuqwbj476,0.5015,0.0193,0.5067,0.3425
pjxwxxbj928,0.5015,0.1052,0.4207,0.3425
pjxyqxbk005,0.5015,0.0281,0.4979,0.3425
pjxuqwbj479,0.5015,0.0167,0.509,0.3424
pjxxxxbj958,0.5015,0.1243,0.4012,0.3423
pjxsqxbj792,0.5015,0.0146,0.5105,0.3422
pjwrqxbj905,0.5015,0.0593,0.4653,0.342
pjxwxxbj941,0.5015,0.042,0.4826,0.342
pjxyqxbj018,0.5015,0.0325,0.4917,0.3419
pjxyqxbj889,0.5015,0.0195,0.5048,0.3419
pjxyqwbj927,,0.2449,0.4388,0.3418
pjxyqxbk997,0.5015,0.0267,0.4971,0.3417
pjxyqxbj574,0.5015,0.0322,0.4915,0.3417
pjxwxxbj967,0.5015,0.1801,0.3424,0.3413
pjxvzxbj997,0.5015,0.0259,0.4965,0.3413
pjxyqwbj078,,0.1544,0.5282,0.3413
pjxyqxbk163,0.5015,0.0154,0.5068,0.3412
pjxsqxbj764,0.5015,0.0146,0.5075,0.3412
pjxyqwbj902,0.5015,0.0243,0.4977,0.3411
pjxyqxbk022,0.5015,0.0146,0.5071,0.3411
pjxyqwbk514,0.5015,0.1108,0.4106,0.341
pjxyqxbj319,0.5015,0.0204,0.5006,0.3408
pjxyqwbj991,0.5015,0.0395,0.4811,0.3407
pjxuqwbj992,0.5015,0.0167,0.5039,0.3407
pjxyqwbj488,0.5015,0.0485,0.4721,0.3407
pjxyqwbj108,0.5158,0.0325,0.4736,0.3407
pjxyqwbj903,0.5015,0.0602,0.4601,0.3406
pjxwxxbj972,0.5015,0.0154,0.5049,0.3406
pjxuqwbj954,0.5015,0.0154,0.5047,0.3405
pjxyqxbj663,0.5015,0.0349,0.4847,0.3404
pjxyqxbk674,0.5015,0.0705,0.449,0.3403
pjxsqxbj796,0.5015,0.0146,0.5047,0.3403
pjxyqxbj581,0.5015,0.0267,0.4922,0.3401
pjxyqwbj979,0.5015,0.0425,0.4762,0.3401
pjxyqwbj532,0.5015,0.0308,0.4876,0.34
pjxyqxbk603,,0.2049,0.4749,0.3399
pjxuqwbj678,0.5015,0.04,0.4779,0.3398
pjxsqxbj997,0.5015,0.0146,0.5033,0.3398
pjxsqxbj789,0.5015,0.0852,0.4323,0.3396
pjxyqxbj224,0.5015,0.0146,0.5028,0.3396
pjxsqxbj942,0.5015,0.0144,0.5029,0.3396
pjxyqwbk509,0.5015,0.0244,0.4929,0.3396
pjwtqxbj977,0.5015,0.0776,0.4397,0.3396
pjwtqxbj928,0.5015,0.0547,0.4626,0.3396
pjwrqxbj984,0.5015,0.0658,0.4514,0.3395
pjxyqwbj023,0.5015,0.1,0.417,0.3395
pjxyqxbk594,0.5015,0.0259,0.4911,0.3395
pjxyqwbk746,0.5015,0.0281,0.4889,0.3395
pjxyqxbk236,0.6875,0.0097,0.3209,0.3394
pjxyqwbj479,0.5015,0.0267,0.49,0.3394
pjxyqxbj333,0.5015,0.0167,0.4998,0.3393
pjxyqxbk182,0.5015,0.0277,0.4888,0.3393
pjxyqwbj472,0.5015,0.0244,0.492,0.3393
pjxyqwbj236,0.5015,0.1108,0.4051,0.3391
pjxqqxbj996,0.5015,0.0366,0.4789,0.339
pjxuqwbj761,0.5192,0.0165,0.4812,0.339
pjxxxxbj953,0.5015,0.146,0.3694,0.339
pjxyqwbj697,0.5015,0.0388,0.4765,0.3389
pjxrqxbj944,0.5015,0.028,0.4873,0.3389
pjxyqwbk713,0.5015,0.0259,0.4892,0.3389
pjxuqwbj879,0.7329,0.0097,0.2739,0.3388
pjxyqxbj043,0.5015,0.0267,0.4883,0.3388
pjxyqxbk751,0.5015,0.0347,0.4802,0.3388
pjxyqxbj832,0.5015,0.0771,0.4376,0.3387
pjxwzxkj989,0.5015,0.0195,0.4951,0.3387
pjxyqxbj391,0.5015,0.0275,0.4869,0.3386
pjxyqwbk665,0.5015,0.0259,0.4882,0.3385
pjxyqwbk802,0.5015,0.0281,0.4859,0.3385
pjxyqxbk131,0.5015,0.086,0.428,0.3385
pjxyqwbj763,0.5015,0.0267,0.4873,0.3385
pjxsqxbj994,0.5015,0.0167,0.4967,0.3383
pjxyqwbj566,0.5015,0.0243,0.489,0.3383
pjxyqwbj872,0.5015,0.0918,0.4215,0.3382
pjxyqwbj015,0.5015,0.0267,0.4865,0.3382
pjxyqxbj024,0.5015,0.0884,0.4247,0.3382
pjxyqxbk562,0.5015,0.0195,0.4936,0.3382
pjxyqxbj159,0.7579,0.0419,0.2145,0.3381
pjxyqwbj476,0.5015,0.0284,0.4843,0.3381
pjwtqxbj993,0.5015,0.0267,0.486,0.3381
pjxyqwbj935,0.5015,0.0267,0.486,0.338
pjxyqxbk640,0.5015,0.0308,0.4816,0.338
pjxyqxbj490,0.5015,0.0501,0.4619,0.3378
pjxyqwbj615,0.5015,0.0463,0.4654,0.3377
pjxqzxbj996,0.5015,0.1343,0.3773,0.3377
pjxyqxbj683,0.5015,0.0246,0.4867,0.3376
pjxyqwbj150,0.5015,0.0281,0.4832,0.3376
pjxsqxbj908,0.5015,0.0153,0.4957,0.3375
pjxwxxbj927,0.5015,0.1439,0.367,0.3374
pjxyqwbk745,0.5015,0.0244,0.4864,0.3374
pjxyqxbk331,0.5015,0.0277,0.4831,0.3374
pjxyqxbk477,0.5015,0.0146,0.4959,0.3373
pjxyqwbj101,0.5015,0.0281,0.4821,0.3372
pjxrqxbj911,0.5015,0.0262,0.484,0.3372
pjxyqxbj907,0.5015,0.1716,0.3384,0.3371
pjxsqxbj779,0.5015,0.0612,0.4485,0.3371
pjxyqxbk349,0.5015,0.0156,0.4937,0.3369
pjxsqxbj982,0.5015,0.0144,0.4947,0.3369
pjxyqwbj856,0.5015,0.0325,0.4764,0.3368
pjxyqxbk878,0.5015,0.0146,0.4939,0.3366
pjxyqwbj789,0.5015,0.0243,0.4832,0.3363
pjxsqxbj825,0.5015,0.0277,0.4797,0.3363
pjxuqwbj980,0.5015,0.0211,0.4862,0.3363
pjxyqwbk779,0.5015,0.0267,0.4804,0.3362
pjxyqxbk528,0.5015,0.0275,0.4795,0.3362
pjxuqwbj694,0.5637,0.029,0.4157,0.3361
pjxuqwbj854,0.5637,0.0115,0.4332,0.3361
pjxuzxbj987,0.5015,0.0559,0.4509,0.3361
pjxxxxbj957,0.5015,0.146,0.3606,0.336
pjxyqxbj978,0.5015,0.0386,0.468,0.336
pjxyqwbk923,0.5015,0.0275,0.4789,0.3359
pjxqqxbj979,0.5015,0.042,0.4641,0.3358
pjxuqwbj876,0.5015,0.0231,0.4827,0.3358
pjwrqxbj955,0.5015,0.0463,0.4595,0.3358
pjxyqwbj497,0.5015,0.0259,0.4796,0.3357
pjxyqwbj889,0.5015,0.1317,0.3738,0.3357
pjxyqxbj294,0.5015,0.0165,0.4889,0.3356
pjxyqxbk765,0.5015,0.0267,0.4787,0.3356
pjxyqxbk295,0.5015,0.0167,0.4883,0.3355
pjxyqxbj305,0.5015,0.0201,0.4849,0.3355
pjxuqwbj870,0.5015,0.0153,0.4894,0.3354
pjxyqwbj808,0.5015,0.0244,0.4799,0.3353
pjxyqwbk806,0.5015,0.0423,0.4614,0.3351
pjxyqwbj328,0.5015,0.0257,0.4777,0.335
pjxyqxbj225,0.5015,0.0897,0.4137,0.335
pjxyqxbj052,0.5015,0.0335,0.4697,0.3349
pjxyqxbj945,0.5015,0.0322,0.4709,0.3349
pjxuqwbj498,0.5015,0.0268,0.4762,0.3348
pjxyqwbj188,0.5015,0.1439,0.359,0.3348
pjxyqxbl930,0.5015,0.0225,0.4802,0.3348
pjxyqwbj833,0.5015,0.0257,0.477,0.3347
pjxyqxbj864,0.5015,0.0165,0.4858,0.3346
pjwrqxbj938,0.5015,0.0325,0.4698,0.3346
pjxsqxbj821,0.5015,0.0316,0.4704,0.3345
pjxyqxbl836,0.5015,0.0153,0.4866,0.3345
pjxyqwbj837,0.5015,0.0349,0.4669,0.3344
pjxyqwbj540,0.4847,0.134,0.3843,0.3343
pjxsqxbj949,0.5015,0.0208,0.4805,0.3343
pjxyqwbk804,0.5015,0.0746,0.4265,0.3342
pjxuqwbj491,0.5015,0.0146,0.4866,0.3342
pjxyqxbj348,0.5015,0.0156,0.4855,0.3342
pjxyqxbk527,0.5015,0.035,0.466,0.3342
pjxyqxbk663,0.5015,0.0146,0.4864,0.3342
pjxyqxbk661,0.5015,0.0322,0.4688,0.3342
pjxxzxkj983,0.5015,0.0146,0.4863,0.3341
pjxyqxbk872,0.5015,0.0146,0.4863,0.3341
pjxyqwbj315,0.5015,0.0573,0.4435,0.3341
pjxyqwbk772,0.5015,0.0463,0.4544,0.3341
pjxyqwbj425,0.5015,0.0372,0.4635,0.3341
pjxyqwbj777,0.5015,0.0284,0.472,0.334
pjxyqwbk793,0.5015,0.0267,0.4738,0.334
pjxuqwbj622,0.5015,0.0171,0.4832,0.3339
pjxyqwbj082,0.5015,0.045,0.4552,0.3339
pjxyqwbj394,0.5015,0.0349,0.4653,0.3339
pjxyqxbk530,0.5015,0.0154,0.4846,0.3338
pjxyqxbk843,0.5015,0.0201,0.4798,0.3338
pjxyqxbj554,0.5204,0.0243,0.4565,0.3337
pjxwxxbj938,0.5015,0.033,0.4665,0.3336
pjxyqxbk148,0.5015,0.0257,0.4737,0.3336
pjxsqxbj886,0.5015,0.0154,0.4833,0.3334
pjxyqxbl950,0.5015,0.0242,0.4744,0.3334
pjxyqwbj169,0.5015,0.0281,0.4702,0.3333
pjwrzxbj996,,0.1439,0.5223,0.3331
pjxyqxbk364,,0.2824,0.3838,0.3331
pjxqqxbj981,0.5015,0.0616,0.4359,0.333
pjxyqwbj203,0.5015,0.0275,0.4697,0.3329
pjxyqwbj961,0.5015,0.0267,0.4704,0.3328
pjxyqwbj224,0.5015,0.0267,0.47,0.3327
pjxrqxbj983,0.5015,0.0247,0.4717,0.3326
pjxyqxbj533,0.5015,0.0257,0.4708,0.3326
pjxyqwbj050,0.5015,0.0259,0.4705,0.3326
pjxyqxbj217,0.5015,0.0167,0.4797,0.3326
pjwtqxbj921,0.5015,0.0223,0.4741,0.3326
pjxyqwbj072,0.5015,0.0982,0.3981,0.3326
pjxyqxbl758,0.5015,0.0146,0.4817,0.3326
pjxyqxbk811,0.5015,0.0247,0.4715,0.3326
pjxyqwbj636,0.5015,0.0325,0.4636,0.3325
pjxpqxbj985,0.5015,0.0639,0.4322,0.3325
pjxpqxbj956,0.5015,0.0759,0.4197,0.3323
pjxyqxbk224,0.5015,0.0201,0.4754,0.3323
pjxyqwbj591,,0.1439,0.5203,0.3321
pjxuqwbj738,0.5015,0.0223,0.4723,0.332
pjwrqxbj929,0.5015,0.1156,0.379,0.332
pjxyqwbk812,0.5369,0.0257,0.4334,0.332
pjxyqxbj428,0.5015,0.0146,0.4799,0.332
pjxxzxbj995,0.5015,0.0329,0.4615,0.332
pjxyqxbk918,0.5015,0.0455,0.4486,0.3319
pjxuqwbj857,0.5015,0.0231,0.4708,0.3318
pjxyqwbj809,0.5015,0.0277,0.4662,0.3318
pjwrqxbj926,0.5015,0.0553,0.4385,0.3318
pjxyqwbj852,0.5015,0.0544,0.4393,0.3317
pjxyqwbj949,0.5015,0.0243,0.4694,0.3317
pjxyqxbj278,0.5015,0.0267,0.467,0.3317
pjxqzxbj997,0.5015,0.0281,0.4655,0.3317
pjxyqxbk325,0.5015,0.101,0.3922,0.3316
pjxyqwbk578,0.5015,0.0281,0.4651,0.3316
pjxyqxbl752,0.5015,0.0274,0.4657,0.3315
pjxyqwbk814,0.5015,0.0259,0.4671,0.3315
pjxyqwbj701,0.5015,0.0527,0.4399,0.3313
pjxuqwbj918,0.5015,0.0184,0.4739,0.3313
pjxuqwbj814,0.5015,0.0184,0.4738,0.3312
pjxyqwbk717,0.3662,0.1922,0.4353,0.3312
pjxsqxbj957,0.5015,0.1513,0.3409,0.3312
pjxyqwbj049,0.5015,0.0267,0.4654,0.3312
pjxuqwbj511,0.5015,0.0376,0.4545,0.3312
pjxyqwbj207,0.5015,0.0908,0.4012,0.3312
pjxuqwbj658,0.5015,0.0567,0.4353,0.3312
pjxyqxbl891,0.5015,0.0154,0.4765,0.3311
pjxyqxbk937,0.5015,0.0267,0.4651,0.3311
pjxyqxbl982,0.5015,0.0184,0.4732,0.331
pjxyqwbj769,0.5015,0.0284,0.4631,0.331
pjxyqxbk820,0.5015,0.0233,0.4681,0.3309
pjxyqxbj524,0.5015,0.0329,0.4584,0.3309
pjxpqxbj916,0.5085,0.0747,0.4094,0.3308
pjxrqxbj937,0.5015,0.0339,0.457,0.3308
pjxyqxbk066,0.5015,0.0146,0.476,0.3307
pjxyqxbk718,0.5015,0.0156,0.4748,0.3306
pjxyqwbk601,0.5015,0.0574,0.4329,0.3306
pjxyqxbl907,0.5015,0.0308,0.4595,0.3306
pjxyqwbk647,0.5015,0.0284,0.4615,0.3305
pjwtqxbj930,0.5015,0.0281,0.4618,0.3305
pjxwxxbj951,0.5015,0.0154,0.4744,0.3304
pjxyqwbj758,0.5015,0.0322,0.4575,0.3304
pjxyqxbk737,0.5015,0.1211,0.3686,0.3304
pjxyqwbk844,0.5015,0.0281,0.4615,0.3304
pjxuqwbj745,0.5015,0.0154,0.4742,0.3304
pjxuqwbj757,0.5015,0.0487,0.4408,0.3303
pjxtztbj997,0.5015,0.0564,0.433,0.3303
pjxyqwbj613,0.5015,0.0284,0.4609,0.3303
pjxwzxbj997,0.5015,0.0231,0.466,0.3302
pjxyqwbj348,0.5015,0.1064,0.3826,0.3302
pjxyqxbj038,0.5015,0.0244,0.4644,0.3301
pjxsqxbj808,0.5015,0.0231,0.4657,0.3301
pjwtqxbj950,0.5015,0.0578,0.4305,0.33
pjxyqxbk934,0.5015,0.0299,0.4584,0.3299
pjxyqwbk767,0.5015,0.0787,0.4091,0.3298
pjxpqxbj969,0.3925,0.2441,0.3524,0.3297
pjxyqxbk632,0.5015,0.0386,0.4489,0.3297
pjxyqxbl686,,0.0243,0.6349,0.3296
pjxyqxbk318,0.5015,0.0339,0.4527,0.3294
pjxyqxbj491,0.5369,0.0161,0.435,0.3293
pjxyqxbk210,0.5015,0.0559,0.4303,0.3292
pjwtqxbj998,0.5015,0.0548,0.4312,0.3291
pjxwzxbj985,0.5015,0.0156,0.4702,0.3291
pjxyqwbj266,0.5015,0.0176,0.4681,0.3291
pjxyqxbj293,0.5015,0.0195,0.4661,0.329
pjxyqwbj932,0.5015,0.0275,0.4579,0.329
pjxuqwbj763,0.5015,0.0154,0.4697,0.3289
pjxyqxbj065,0.5015,0.0156,0.4694,0.3288
pjxyqxbl962,0.5369,0.0167,0.4327,0.3288
pjxyqxbk516,0.5015,0.0231,0.4617,0.3288
pjxyqxbj148,0.5015,0.0325,0.4523,0.3288
pjxyqxbk047,0.5015,0.0146,0.4701,0.3287
pjxxzxkj998,0.5015,0.0792,0.4051,0.3286
pjxyqwbj958,0.5015,0.0223,0.462,0.3286
pjxyqwbj509,0.5015,0.0267,0.4574,0.3285
pjxyqxbl988,0.5015,0.0184,0.4656,0.3285
pjxyqwbj046,0.5015,0.0425,0.4415,0.3285
pjxyqwbk910,0.5015,0.0267,0.4572,0.3284
pjxyqwbj251,0.5015,0.0267,0.4567,0.3283
pjxyqwbk964,0.5015,0.0325,0.4507,0.3282
pjxyqwbj402,0.5015,0.0626,0.4206,0.3282
pjwtqxbj946,0.5582,0.0157,0.4107,0.3282
pjxyqwbj062,0.5015,0.0308,0.4521,0.3282
pjxrqxbj942,0.5015,0.0329,0.45,0.3281
pjxyqxbk595,0.5015,0.0668,0.416,0.3281
pjxyqxbj636,0.5015,0.0282,0.4544,0.328
pjxyqxbj629,0.5015,0.0154,0.467,0.328
pjxyqxbj667,0.4847,0.0154,0.4835,0.3279
pjxyqwbk967,0.5015,0.0277,0.4536,0.3276
pjxyqwbj782,0.5015,0.0487,0.4325,0.3276
pjxyqwbj733,0.4863,0.0267,0.4697,0.3275
pjxyqwbj885,0.5015,0.0267,0.4544,0.3275
pjxyqxbj637,0.5015,0.0169,0.4639,0.3274
pjxyqxbj279,0.5015,0.0184,0.4624,0.3274
pjxsqxbj840,0.5015,0.0154,0.4654,0.3274
pjxyqxbk023,0.5015,0.0146,0.4659,0.3273
pjxyqwbj300,0.5015,0.0259,0.4546,0.3273
pjxyqxbk341,0.5015,0.0338,0.4466,0.3273
pjxuqwbj633,0.5015,0.0156,0.4648,0.3273
pjxyqxbk903,0.5015,0.0184,0.4619,0.3273
pjxyqxbj129,,0.2449,0.4096,0.3272
pjxyqwbj869,0.5015,0.0493,0.4307,0.3272
pjxyqxbj659,0.5015,0.0244,0.4554,0.3271
pjxyqwbj318,0.5015,0.1047,0.375,0.3271
pjxyqwbj799,0.5015,0.0425,0.4371,0.327
pjxuqwbj786,0.5015,0.0951,0.3843,0.327
pjxyqxbj155,0.5015,0.0184,0.4609,0.3269
pjxyqwbk866,0.5015,0.0744,0.4048,0.3269
pjxyqxbk915,0.4847,0.0316,0.4644,0.3269
pjxsqxbj788,0.5015,0.0146,0.4646,0.3269
pjxyqwbj515,0.5848,0.0267,0.369,0.3268
pjxsqxbj851,0.5015,0.0242,0.4546,0.3268
pjxyqwbk747,0.5015,0.0267,0.452,0.3267
pjxpqxbj934,0.5015,0.0158,0.4628,0.3267
pjxwxxbj907,0.5015,0.1439,0.3345,0.3266
pjxyqxbk388,,0.1657,0.4876,0.3266
pjxyqwbj492,0.5015,0.0382,0.4402,0.3266
pjxyqxbk863,0.5015,0.0284,0.45,0.3266
pjxyqxbj577,0.5015,0.0441,0.4343,0.3266
pjxyqxbl975,0.5015,0.0257,0.4526,0.3266
pjxqqxbj989,0.5015,0.0482,0.43,0.3266
pjxyqxbk105,0.5015,0.0156,0.4625,0.3265
pjxyqxbk472,0.5015,0.0236,0.4543,0.3265
pjxyqwbk788,0.5015,0.0162,0.4616,0.3264
pjxyqwbk520,0.5015,0.0267,0.4511,0.3264
pjxrqxbj969,0.5015,0.0225,0.4552,0.3264
pjxyqwbj634,0.5015,0.0275,0.4501,0.3264
pjxyqxbk549,0.5015,0.0101,0.4674,0.3263
pjxyqxbj729,0.5015,0.0766,0.4009,0.3263
pjxyqxbj002,0.5015,0.0515,0.4257,0.3262
pjxsqxbj884,0.5015,0.0156,0.4615,0.3262
pjxxxxbj988,0.5015,0.1227,0.3541,0.3261
pjxyqwbj937,0.5015,0.0259,0.4508,0.3261
pjxyqxbk402,0.5015,0.0086,0.468,0.326
pjxuqwbj648,0.5015,0.0193,0.4572,0.326
pjxwxxbj960,0.5015,0.0268,0.4497,0.326
pjxuqwbj812,0.5015,0.0193,0.4571,0.326
pjxyqxbk015,0.5015,0.0243,0.452,0.3259
pjxyqwbj018,0.5015,0.0485,0.4277,0.3259
pjwrqxbj974,0.5015,0.0485,0.4274,0.3258
pjxyqxbl965,0.5146,0.0259,0.4367,0.3257
pjxyqxbk375,0.5015,0.0308,0.4449,0.3257
pjwtqxbj933,0.5015,0.0259,0.4498,0.3257
pjxyqwbk642,0.5015,0.0244,0.4511,0.3257
pjxpqxbj919,0.5015,0.0433,0.432,0.3256
pjxyqwbj677,0.5015,0.0511,0.4242,0.3256
pjxyqwbj905,0.5015,0.0267,0.4486,0.3256
pjxsqxbj881,0.5015,0.0167,0.4585,0.3256
pjxwxxbj914,0.5015,0.0169,0.4583,0.3256
pjxyqxbl964,0.5015,0.0198,0.4554,0.3255
pjxyqwbk770,0.5015,0.0806,0.3943,0.3255
pjxrqxbj978,0.5015,0.028,0.4467,0.3254
pjxyqxbj340,0.5015,0.0154,0.459,0.3253
pjxyqwbj022,0.5015,0.0267,0.4477,0.3253
pjxyqxbl807,0.5015,0.0683,0.406,0.3253
pjxyqwbj530,0.5015,0.0275,0.4463,0.3251
pjxyqwbk621,0.5015,0.0716,0.4021,0.325
pjxuqwbj858,0.5015,0.0193,0.4543,0.325
pjxuqwbj962,0.5015,0.027,0.4465,0.325
pjxqzxbj980,0.5015,0.0386,0.4348,0.3249
pjxyqxbl743,0.5015,0.0236,0.4493,0.3248
pjxqqxbj970,0.5015,0.0379,0.4349,0.3248
pjxuqwbj958,0.5015,0.0184,0.4542,0.3247
pjxyqxbk601,0.5015,0.0268,0.4458,0.3247
pjxyqwbj322,0.5015,0.0277,0.4449,0.3247
pjxyqwbj569,0.5015,0.0493,0.4232,0.3247
pjxyqwbk729,0.5015,0.0447,0.4277,0.3246
pjxwxxbj993,0.5015,0.027,0.4451,0.3245
pjxyqwbj527,0.5015,0.0386,0.4335,0.3245
pjxyqwbk595,0.5015,0.0267,0.4454,0.3245
pjxyqwbj611,0.5015,0.0404,0.4314,0.3244
pjxuqwbj873,0.5015,0.0257,0.4462,0.3244
pjxyqxbk880,0.5015,0.0233,0.4485,0.3244
pjxyqxbk276,0.5015,0.0308,0.4405,0.3243
pjxyqxbj628,0.5015,0.0244,0.4467,0.3242
pjxyqxbk643,0.5015,0.0573,0.4137,0.3242
pjxyqxbl704,0.5015,0.0153,0.4557,0.3242
pjwtqxbj984,0.5015,0.0281,0.4429,0.3241
pjxqqxbj998,0.5015,0.04,0.4309,0.3241
pjxyqwbk708,0.5015,0.0475,0.4229,0.324
pjxyqxbj736,0.5015,0.0281,0.4423,0.324
pjxuzxbj997,0.5015,0.0354,0.4348,0.3239
pjxyqwbj648,0.5015,0.0388,0.4314,0.3239
pjxuqwbj826,0.3963,0.1677,0.4074,0.3238
pjwtqxbj929,0.5015,0.0573,0.4123,0.3237
pjxuqwbj774,0.5015,0.0325,0.4367,0.3236
pjxwzxkj993,0.5015,0.0144,0.4546,0.3235
pjxyqxbk469,0.5015,0.0277,0.4413,0.3235
pjxyqwbj966,0.5015,0.0223,0.4464,0.3234
pjxyqxbj144,0.5015,0.0267,0.4419,0.3234
pjxyqwbk675,0.5015,0.0259,0.4426,0.3233
pjxyqwbk549,0.5015,0.0799,0.3887,0.3233
pjxyqxbj105,0.5015,0.0268,0.4414,0.3232
pjxyqxbj088,0.5015,0.0244,0.4436,0.3232
pjwrqxbj949,0.5015,0.0277,0.4403,0.3231
pjxxxxbj917,0.5015,0.1326,0.3352,0.3231
pjxyqxbj559,0.5015,0.0277,0.4402,0.3231
pjxyqxbk481,0.5015,0.0184,0.4494,0.3231
pjxyqxbj645,0.5015,0.0266,0.4412,0.3231
pjxyqxbk899,0.5015,0.0473,0.4203,0.323
pjxyqxbk861,0.5015,0.0322,0.4352,0.323
pjxyqxbj691,0.5015,0.0425,0.4249,0.3229
pjxuqwbj712,0.5015,0.0101,0.4572,0.3229
pjxyqxbk828,0.5015,0.0161,0.4509,0.3228
pjxyqxbj703,0.5015,0.0308,0.4361,0.3228
pjxyqxbl806,0.5015,0.0267,0.4403,0.3228
pjxyqxbj355,0.5015,0.0548,0.4121,0.3228
pjwrqxbj994,0.5015,0.0485,0.4183,0.3228
pjxyqwbj850,0.4275,0.2172,0.3236,0.3227
pjxyqwbj302,0.5015,0.0965,0.3701,0.3227
pjxyqxbj269,0.5015,0.0154,0.4512,0.3227
pjxyqxbj317,0.5015,0.0623,0.4043,0.3227
pjxyqxbk943,0.5015,0.0711,0.3954,0.3226
pjxyqxbk446,0.5015,0.0156,0.4503,0.3225
pjxyqxbj638,0.5015,0.0195,0.4465,0.3225
pjxyqwbj922,0.5015,0.0456,0.42,0.3224
pjxsqxbj965,0.5015,0.0156,0.4499,0.3223
pjxyqxbk121,0.5015,0.0165,0.4489,0.3223
pjxyqxbj586,0.5015,0.0165,0.4489,0.3223
pjxyqxbj098,0.5015,0.018,0.4473,0.3223
pjxsqxbj790,0.5015,0.0156,0.4494,0.3222
pjxyqwbj379,0.5015,0.0267,0.4383,0.3222
pjxrqxbj952,0.5015,0.028,0.4369,0.3221
pjxyqxbl874,0.5015,0.0231,0.4417,0.3221
pjxwzxkj996,0.5015,0.0196,0.4451,0.3221
pjxuqwbj838,0.5369,0.0195,0.4097,0.322
pjxyqxbl966,0.5015,0.0349,0.4297,0.322
pjwtqxbj918,0.5015,0.0606,0.404,0.322
pjxyqxbj320,0.5015,0.0242,0.4398,0.3218
pjxyqxbk460,0.5015,0.0181,0.4454,0.3217
pjxyqxbj051,0.5015,0.0156,0.4478,0.3216
pjxuqwbj536,0.5015,0.0184,0.4447,0.3216
pjxrqxbj981,0.5015,0.0353,0.4277,0.3215
pjxyqwbj334,0.5015,0.0349,0.428,0.3215
pjxyqwbj828,0.5015,0.0918,0.3712,0.3215
pjxyqxbj949,0.5204,0.0266,0.4174,0.3215
pjxyqwbk954,0.5015,0.1157,0.3471,0.3214
pjxyqxbj145,0.5015,0.0146,0.4481,0.3214
pjxyqxbk290,0.5015,0.0193,0.4433,0.3213
pjxyqwbk829,0.5015,0.0322,0.4299,0.3212
pjxyqxbk855,0.5015,0.0275,0.4344,0.3211
pjxqqxbj988,0.5015,0.0751,0.3863,0.321
pjxyqxbl736,0.5015,0.0146,0.4467,0.3209
pjxyqxbk683,0.5015,0.0244,0.4369,0.3209
pjxsqxbj966,0.5015,0.0156,0.4456,0.3209
pjxyqxbj255,0.5015,0.0169,0.4441,0.3208
pjxyqxbj520,0.5015,0.0744,0.3865,0.3208
pjxyqwbj977,0.5015,0.0244,0.4363,0.3207
pjxyqwbj375,0.5015,0.0281,0.4325,0.3207
pjxyqwbj441,0.5438,0.0267,0.3914,0.3206
pjxyqxbl826,0.5015,0.0234,0.4369,0.3206
pjxxxxbj995,0.5015,0.0848,0.3753,0.3205
pjxyqxbk889,0.5015,0.0792,0.3805,0.3204
pjxyqwbj508,0.5015,0.0349,0.4248,0.3204
pjxyqwbj940,0.5015,0.0918,0.3676,0.3203
pjxuqwbj621,,0.1752,0.4652,0.3202
pjxyqwbj400,0.4445,0.0885,0.4275,0.3202
pjxyqxbk556,0.5015,0.0244,0.4345,0.3201
pjxyqwbj687,0.4756,0.1,0.3844,0.32
pjxyqwbj822,0.5015,0.0281,0.4303,0.3199
pjxyqxbj192,0.5015,0.0275,0.4308,0.3199
pjxyqxbl765,0.5015,0.0156,0.4424,0.3198
pjxyqxbk826,0.5015,0.0267,0.4313,0.3198
pjxyqwbj001,0.5015,0.0244,0.4335,0.3198
pjxyqxbj565,0.5015,0.0144,0.4434,0.3198
pjxyqwbj564,0.5015,0.0213,0.4365,0.3198
pjxyqxbj995,0.5015,0.0154,0.4423,0.3197
pjxuqwbj581,0.5015,0.0167,0.441,0.3197
pjxyqxbj709,,0.1776,0.4618,0.3197
pjxyqwbj663,0.5015,0.0473,0.4103,0.3197
pjxpqxbj978,0.5015,0.0195,0.438,0.3196
pjxyqxbj400,0.5015,0.0167,0.4407,0.3196
pjxyqxbj910,0.5015,0.0184,0.4388,0.3196
pjxyqxbj731,0.5015,0.1451,0.3122,0.3196
pjxxzxkj997,0.5015,0.0146,0.4423,0.3195
pjxyqxbl969,0.5015,0.0154,0.4413,0.3194
pjxyqxbk543,0.5015,0.0132,0.4434,0.3194
pjxsqxbj826,0.5015,0.0316,0.425,0.3193
pjxyqwbj548,0.5015,0.0525,0.4039,0.3193
pjxsqxbj844,0.5015,0.0193,0.4371,0.3193
pjxyqxbk642,0.5015,0.0437,0.4119,0.319
pjxyqxbj039,0.5015,0.0267,0.4287,0.319
pjxyqxbj714,0.5015,0.0165,0.4388,0.3189
pjxyqxbl709,0.5015,0.0238,0.4316,0.3189
pjxyqxbk448,0.5015,0.0146,0.4407,0.3189
pjxyqwbj339,0.5015,0.0502,0.4051,0.3189
pjxyqxbj772,0.5015,0.0322,0.4227,0.3188
pjwtzxbj996,0.5015,0.0259,0.4289,0.3188
pjxyqxbk958,0.5015,0.0267,0.428,0.3187
pjxyqxbk277,0.5015,0.0156,0.4389,0.3187
pjxyqwbj791,0.5015,0.0308,0.4237,0.3187
pjxyqwbj245,0.5015,0.0308,0.4236,0.3186
pjxyqwbj605,0.5015,0.0267,0.4277,0.3186
pjxuqwbj928,0.5015,0.0146,0.4391,0.3184
pjxyqxbl992,0.5015,0.0259,0.4275,0.3183
pjxyqxbk633,0.5015,0.0165,0.4367,0.3182
pjxyqxbk272,0.5015,0.0167,0.4365,0.3182
pjxuqwbj726,0.5015,0.0161,0.4371,0.3182
pjxyqxbj964,0.5015,0.0284,0.4247,0.3182
pjxyqwbj095,0.5015,0.0603,0.3928,0.3182
pjxyqxbj921,0.5158,0.0388,0.3999,0.3182
pjxyqxbk314,0.5015,0.0144,0.4386,0.3182
pjxyqwbj554,0.5015,0.0243,0.4283,0.318
pjxyqwbj164,0.5015,0.0259,0.4267,0.318
pjxuqwbj643,0.5015,0.0146,0.438,0.318
pjxyqxbj784,0.5015,0.0325,0.4199,0.3179
pjxyqwbj242,0.5099,0.0267,0.4172,0.3179
pjxyqxbj969,0.5015,0.0259,0.4263,0.3179
pjxyqxbj789,0.5015,0.0097,0.4425,0.3179
pjxyqwbj926,0.5015,0.0322,0.4199,0.3179
pjxyqxbk706,0.5015,0.0156,0.4365,0.3179
pjxyqxbk346,0.5015,0.0281,0.4239,0.3178
pjxyqwbk644,0.5015,0.0485,0.4035,0.3178
pjxrqxbj901,0.5015,0.0156,0.4364,0.3178
pjxyqwbj604,0.5015,0.0259,0.4257,0.3177
pjxyqwbk638,0.5015,0.0658,0.3858,0.3177
pjxuqwbj691,0.5015,0.0242,0.4271,0.3176
pjxuqwbj641,0.5015,0.0184,0.4327,0.3175
pjxyqwbk943,0.5015,0.0284,0.4225,0.3175
pjwrqxbj983,0.5015,0.0308,0.4201,0.3175
pjxuqwbj967,0.5015,0.0352,0.4156,0.3174
pjxyqxbl854,0.5015,0.0244,0.4264,0.3174
pjxwzxbj986,0.5015,0.0156,0.4352,0.3174
pjxyqxbk902,0.5015,0.0208,0.43,0.3174
pjxuqwbj853,0.5015,0.0938,0.3568,0.3174
pjxsqxbj969,0.5015,0.0231,0.4274,0.3173
pjwtqxbj947,0.5015,0.0267,0.4236,0.3172
pjxyqxbk908,0.5015,0.0325,0.4176,0.3172
pjxyqxbj828,0.5192,0.0348,0.3974,0.3171
pjxyqwbj092,0.5015,0.0176,0.4321,0.3171
pjxyqxbj682,0.5015,0.0193,0.4304,0.3171
pjxxxxbj966,,0.1901,0.4439,0.317
pjxsqxbj810,0.5015,0.0274,0.4221,0.317
pjxyqxbj120,0.5015,0.0208,0.4286,0.317
pjxyqwbk529,0.5015,0.1102,0.3392,0.317
pjxyqxbl774,0.5015,0.0244,0.4249,0.3169
pjxyqwbj844,0.5015,0.0918,0.3574,0.3169
pjxyqxbj885,0.5015,0.0167,0.4321,0.3168
pjxyqxbj282,0.5015,0.0161,0.4327,0.3168
pjxyqwbj277,0.5015,0.0259,0.4228,0.3167
pjxyqxbk159,0.5015,0.0456,0.403,0.3167
pjxyqxbj694,0.5015,0.0208,0.4274,0.3166
pjxyqxbj918,0.5015,0.0244,0.4237,0.3166
pjxyqwbk879,0.5015,0.0322,0.4154,0.3164
pjwuzxbj995,0.5015,0.0162,0.4311,0.3163
pjxyqwbk813,,0.1426,0.4899,0.3162
pjxyqxbl904,0.5015,0.0267,0.4205,0.3162
pjxyqxbj770,0.5015,0.0146,0.4325,0.3162
pjxyqxbl678,0.5015,0.0365,0.4105,0.3161
pjxsqxbj786,0.5015,0.0154,0.4315,0.3161
pjxyqwbk584,0.5015,0.0281,0.4184,0.316
pjxyqwbk716,0.5015,0.0308,0.415,0.3158
pjxyqxbl735,0.5015,0.0231,0.4227,0.3158
pjxuqwbj785,0.5015,0.0097,0.4357,0.3156
pjxyqxbj272,0.5015,0.0144,0.4305,0.3155
pjxyqxbj125,0.5015,0.0277,0.4172,0.3154
pjxyqxbk927,0.5015,0.0167,0.4279,0.3154
pjxyqxbj728,0.5015,0.0349,0.4096,0.3153
pjxuqwbj584,0.5015,0.0527,0.3917,0.3153
pjxyqwbk902,0.5015,0.0244,0.42,0.3153
pjxyqwbk678,0.5015,0.0377,0.4064,0.3152
pjxyqwbk618,0.5015,0.0281,0.4159,0.3152
pjxyqwbj772,0.5015,0.0162,0.4278,0.3151
pjxyqwbj232,0.5015,0.0281,0.4157,0.3151
pjxyqxbk052,0.5015,0.0223,0.4211,0.315
pjxuqwbj638,0.5015,0.0588,0.3845,0.3149
pjxyqwbk527,,0.0267,0.603,0.3148
pjxsqxbj863,0.5015,0.0231,0.4198,0.3148
pjxyqxbk167,0.5015,0.0322,0.4105,0.3147
pjxyqxbk138,0.5015,0.0156,0.427,0.3147
pjxyqwbj678,0.5015,0.0322,0.4103,0.3147
pjxyqwbj727,0.5015,0.0259,0.4164,0.3146
pjxwxxbj940,0.5015,0.0208,0.4215,0.3146
pjxyqwbj052,,0.2914,0.3377,0.3146
pjxyqxbk715,0.5015,0.0259,0.4163,0.3146
pjxyqwbj989,0.5015,0.0267,0.4155,0.3145
pjxsqxbj984,0.5015,0.0799,0.3622,0.3145
pjxyqwbk592,0.5015,0.0259,0.4159,0.3144
pjxyqwbj013,0.5015,0.0267,0.4151,0.3144
pjxyqwbj384,0.5015,0.0267,0.415,0.3144
pjxyqxbj511,0.5015,0.0146,0.4269,0.3143
pjxyqxbj060,0.5015,0.0167,0.4246,0.3143
pjxyqxbk080,,0.219,0.4095,0.3142
pjxrqxbj958,0.5015,0.0312,0.409,0.3139
pjxsqxbj809,0.5015,0.0146,0.4255,0.3138
pjxqqxbj951,0.5015,0.0458,0.3943,0.3138
pjxsqxbj765,0.5015,0.0325,0.4075,0.3138
pjxyqxbj525,0.5015,0.0193,0.4207,0.3138
pjxyqxbk068,0.5015,0.0281,0.4119,0.3138
pjxyqwbj871,0.5015,0.0349,0.405,0.3138
pjxyqxbk457,0.5015,0.0132,0.4267,0.3138
pjxyqxbk373,,0.0954,0.5321,0.3138
pjxyqxbk335,0.5015,0.0167,0.4225,0.3136
pjxuqwbj527,0.5015,0.0161,0.4229,0.3135
pjxyqwbj361,0.5015,0.0322,0.4066,0.3134
pjxyqwbj388,0.5015,0.0267,0.4115,0.3132
pjwtqxbj920,0.5015,0.0386,0.3995,0.3132
pjxuqwbj848,0.5015,0.0169,0.4211,0.3132
pjxyqwbk581,0.5015,0.0267,0.4113,0.3132
pjxyqxbj897,0.5015,0.0154,0.4226,0.3132
pjxyqwbj776,0.5015,0.0548,0.3832,0.3131
pjxuqwbj618,0.5015,0.0156,0.4219,0.313
pjxxxxbj904,,0.1901,0.4359,0.313
pjxyqxbj807,0.5015,0.0425,0.3944,0.3128
pjxyqwbj163,0.5015,0.0244,0.4124,0.3128
pjxyqxbj034,0.5015,0.0161,0.4207,0.3128
pjxuqwbj721,0.5015,0.0493,0.387,0.3126
pjxyqwbj252,0.5015,0.0267,0.4096,0.3126
pjxyqwbj453,0.5015,0.0223,0.4137,0.3125
pjxyqxbj953,0.5015,0.0165,0.4194,0.3125
pjxyqxbj242,0.5015,0.0244,0.4115,0.3125
pjxyqxbl985,0.5015,0.0167,0.4191,0.3124
pjxyqwbj873,0.5015,0.0885,0.3472,0.3124
pjxyqxbk531,0.5015,0.0275,0.4081,0.3124
pjxuqwbj748,0.5015,0.0184,0.4171,0.3123
pjxyqwbj574,0.5015,0.0176,0.4179,0.3123
pjxuqwbj600,0.5015,0.0193,0.4162,0.3123
pjwtqxbj944,0.5015,0.0277,0.4077,0.3123
pjxyqwbk907,0.5015,0.0425,0.3926,0.3122
pjxyqxbk506,0.5015,0.0322,0.4028,0.3122
pjxpqxbj925,0.5015,0.0759,0.3591,0.3122
pjxyqwbj582,0.5015,0.0322,0.4024,0.312
pjxyqxbj872,0.5015,0.0456,0.389,0.312
pjxrqxbj961,0.5015,0.0373,0.3973,0.312
pjxyqxbk474,0.5015,0.0156,0.4188,0.312
pjwrqxbj988,0.5015,0.0967,0.3377,0.312
pjxyqxbj505,0.5015,0.0156,0.4187,0.3119
pjwrqxbj978,0.5015,0.0308,0.4032,0.3118
pjxpqxbj981,0.5015,0.0162,0.4176,0.3118
pjxuqwbj674,0.5015,0.0126,0.4212,0.3117
pjxyqxbk230,0.5015,0.0259,0.4076,0.3117
pjxuqwbj996,0.5015,0.0233,0.4099,0.3116
pjxyqxbj271,,0.0329,0.59,0.3114
pjxwxxbj910,0.5015,0.0225,0.4103,0.3114
pjxuqwbj944,0.5015,0.0259,0.4068,0.3114
pjxqqxbj969,0.5015,0.0479,0.3848,0.3114
pjwrqxbj979,0.5015,0.0156,0.4171,0.3114
pjxyqxbj957,0.5015,0.0267,0.406,0.3114
pjxrqxbj892,0.4645,0.0353,0.4342,0.3113
pjvyzxbj998,0.5015,0.0264,0.4061,0.3113
pjwtqxbj954,0.5015,0.033,0.3994,0.3113
pjxyqxbk180,0.5015,0.0154,0.4167,0.3112
pjxyqwbj069,0.5015,0.0404,0.3916,0.3112
pjxyqxbk075,0.5015,0.0184,0.4135,0.3111
pjxyqxbk147,0.5015,0.0193,0.4126,0.3111
pjxyqxbk218,0.5015,0.0259,0.4059,0.3111
pjwtqxbj953,0.5015,0.0257,0.4062,0.3111
pjxyqxbl751,0.5015,0.0233,0.4085,0.3111
pjxyqxbj815,0.5015,0.0156,0.4161,0.3111
pjxuqwbj540,0.5015,0.0195,0.4121,0.311
pjxyqwbk694,0.5015,0.0244,0.4071,0.311
pjxyqxbj952,0.5015,0.0093,0.422,0.3109
pjxyqwbk594,0.5015,0.0244,0.4066,0.3108
pjxyqxbl714,0.5015,0.0388,0.3921,0.3108
pjxuqwbj734,0.5015,0.0195,0.4112,0.3107
pjxyqxbk539,0.5015,0.0195,0.4111,0.3107
pjxsqxbj811,0.5015,0.0196,0.4108,0.3106
pjxyqxbj879,0.5015,0.0153,0.415,0.3106
pjxuqwbj894,0.5099,0.0184,0.4034,0.3105
pjxyqxbk885,0.5015,0.0267,0.4031,0.3104
pjxsqxbj946,0.5015,0.0146,0.4151,0.3104
pjxyqxbk155,0.5369,0.0277,0.3665,0.3104
pjxyqxbj648,0.5015,0.0165,0.4131,0.3104
pjwtqxbj988,0.5015,0.0325,0.3969,0.3103
pjxyqxbk971,0.5282,0.0267,0.376,0.3103
pjxyqxbl781,0.5369,0.012,0.3819,0.3103
pjxyqxbk525,0.5015,0.0281,0.4012,0.3102
pjxyqxbj361,0.5015,0.0313,0.3978,0.3102
pjxyqxbk822,0.5015,0.0093,0.4196,0.3101
pjxyqwbj299,0.5015,0.0325,0.3964,0.3101
pjwrqxbj985,0.5015,0.0267,0.4022,0.3101
pjxsqxbj801,0.5015,0.0161,0.4124,0.31
pjxyqwbk791,0.5015,0.0335,0.3949,0.31
pjxyqxbk484,0.5015,0.0308,0.3975,0.3099
pjwrqxbj913,0.5015,0.0277,0.4006,0.3099
pjxyqxbj528,0.5015,0.0156,0.4126,0.3099
pjxyqxbj459,0.5015,0.0244,0.4037,0.3099
pjxyqwbj886,0.5015,0.045,0.3829,0.3098
pjxuqwbj651,0.5015,0.0284,0.3994,0.3098
pjxyqwbj301,0.5015,0.0436,0.3841,0.3097
pjxyqxbj626,0.5015,0.0267,0.4007,0.3096
pjxuqwbj773,0.5015,0.0154,0.4119,0.3096
pjxyqxbj180,0.5015,0.0156,0.4113,0.3095
pjxyqxbj725,0.5015,0.0152,0.4115,0.3094
pjxsqxbj752,0.5015,0.0146,0.412,0.3094
pjwrqxbj977,0.5015,0.0156,0.4109,0.3093
pjxyqxbk846,0.5015,0.0574,0.3691,0.3093
pjxuqwbj468,0.5015,0.0099,0.4166,0.3093
pjxyqxbj325,0.5015,0.0184,0.4079,0.3093
pjxyqwbj965,0.4113,0.0284,0.488,0.3092
pjxuqwbj483,0.5015,0.0146,0.4116,0.3092
pjxyqxbj153,0.5015,0.0195,0.4066,0.3092
pjxyqxbj583,0.5015,0.0277,0.3983,0.3091
pjxyqwbj430,0.5015,0.0267,0.3992,0.3091
pjxyqxbj898,0.5015,0.0165,0.4092,0.3091
pjxyqwbj933,0.5015,0.0259,0.3998,0.3091
pjxyqxbj919,0.5015,0.0153,0.4104,0.3091
pjxyqxbj761,0.5015,0.0243,0.4012,0.309
pjxsqxbj882,0.5015,0.0154,0.4096,0.3088
pjxyqxbl688,,0.0798,0.5378,0.3088
pjxxzxkj995,0.5015,0.0154,0.4095,0.3088
pjxyqwbj883,0.5015,0.0447,0.38,0.3087
pjxpqxbj954,0.5015,0.0858,0.3385,0.3086
pjxsqxbj954,0.5015,0.0169,0.4074,0.3086
pjxyqxbk021,0.5015,0.0244,0.3997,0.3085
pjxyqwbj396,0.5015,0.0267,0.3974,0.3085
pjxsqxbj834,,0.1173,0.4995,0.3084
pjxyqxbj670,0.5015,0.0156,0.4081,0.3084
pjxyqxbk697,0.5015,0.0208,0.4029,0.3084
pjxyqwbj398,0.5015,0.0298,0.3936,0.3083
pjxxxxbj912,,0.1227,0.4934,0.3081
pjxrqxbj894,0.5015,0.027,0.3957,0.308
pjxyqxbk615,,0.0153,0.6006,0.3079
pjwtqxbj974,0.5015,0.02,0.4022,0.3079
pjxyqwbj947,0.5015,0.0267,0.3955,0.3079
pjxyqxbj862,0.5015,0.0154,0.4063,0.3077
pjxyqxbj739,0.5015,0.0349,0.3867,0.3077
pjxuqwbj878,0.5015,0.0144,0.4071,0.3077
pjxsqxbj843,0.5015,0.0195,0.4019,0.3076
pjxyqxbj972,0.5015,0.0275,0.3937,0.3076
pjxuqwbj751,0.5015,0.0169,0.4043,0.3076
pjxyqxbj460,0.5015,0.0257,0.3955,0.3075
pjxsqxbj827,0.5015,0.0144,0.4067,0.3075
pjxyqwbk607,0.5015,0.0325,0.3885,0.3075
pjxyqwbj950,0.5015,0.0275,0.3934,0.3075
pjxuqwbj642,0.5015,0.0165,0.4043,0.3074
pjxyqwbk652,0.5015,0.0824,0.3382,0.3074
pjxyqxbj537,0.5015,0.0195,0.4008,0.3072
pjxsqxbj976,0.5015,0.0156,0.4043,0.3071
pjxuqwbj833,0.5192,0.0097,0.3924,0.3071
pjxyqxbl996,0.5015,0.0233,0.3965,0.3071
pjxuqwbj839,0.5015,0.0105,0.4093,0.3071
pjxuqwbj485,0.5015,0.0097,0.4099,0.307
pjxyqwbk650,0.5015,0.0244,0.395,0.307
pjxqqxbj977,0.5015,0.0458,0.3736,0.3069
pjxyqxbj643,0.5015,0.0325,0.3867,0.3069
pjxuqwbj916,0.5015,0.012,0.4073,0.3069
pjxqqxbj983,0.5015,0.05,0.3681,0.3066
pjxyqxbk757,0.5369,0.0153,0.3674,0.3065
pjxyqxbj283,0.5015,0.0231,0.3947,0.3064
pjxuqwbj562,0.5015,0.0146,0.4032,0.3064
pjxyqwbk679,0.5015,0.0259,0.3918,0.3064
pjxyqxbl857,0.5015,0.0144,0.4031,0.3063
pjxsqxbj953,0.5015,0.0156,0.4018,0.3063
pjxyqxbl925,0.5015,0.0093,0.4079,0.3062
pjxxxxbj989,0.5319,0.0778,0.3089,0.3062
pjxyqxbk154,,0.1916,0.4208,0.3062
pjxqqxbj949,0.575,0.0288,0.3148,0.3062
pjxuqwbj608,0.5015,0.0156,0.4015,0.3062
pjwrqxbj920,0.5015,0.0281,0.3888,0.3061
pjxyqwbj325,0.5015,0.0267,0.3901,0.3061
pjxuqwbj461,0.5015,0.0231,0.393,0.3059
pjxuqwbj519,0.5015,0.0165,0.3993,0.3058
pjxuqwbj914,0.5015,0.0101,0.4057,0.3058
pjxyqxbl710,0.5015,0.0169,0.3988,0.3057
pjxpqxbj957,0.5015,0.061,0.3548,0.3057
pjxyqxbk220,0.5015,0.0208,0.3946,0.3056
pjxyqwbk792,0.5015,0.0322,0.383,0.3056
pjxyqwbk781,0.5015,0.0244,0.3907,0.3055
pjxyqxbl937,0.5015,0.0167,0.3979,0.3054
pjxyqwbj955,,0.0259,0.5846,0.3053
pjxyqxbl816,,0.1055,0.5049,0.3052
pjxyqwbj274,0.5015,0.0308,0.3832,0.3052
pjxyqwbj773,0.5015,0.0259,0.3879,0.3051
pjxyqxbk519,0.5015,0.0101,0.4037,0.3051
pjxyqwbk966,0.5015,0.0267,0.3871,0.3051
pjxyqxbk137,0.5015,0.0279,0.3858,0.3051
pjxyqxbk281,0.5015,0.0156,0.3975,0.3049
pjxrqxbj919,0.5015,0.0247,0.3884,0.3048
pjxuqwbj927,0.5015,0.0167,0.3961,0.3048
pjxyqwbj421,0.5015,0.0406,0.3722,0.3048
pjxyqxbj646,0.5015,0.0146,0.3981,0.3047
pjxyqxbj851,0.5936,0.0249,0.2955,0.3047
pjxyqxbk590,0.5015,0.0233,0.3888,0.3045
pjwrqxbj882,0.5015,0.0169,0.3951,0.3045
pjxyqxbj182,0.5015,0.0267,0.3853,0.3045
pjxrqxbj908,0.5015,0.0327,0.3793,0.3045
pjwrqxbj944,0.5015,0.0287,0.3831,0.3044
pjxyqxbj973,0.5015,0.0156,0.3961,0.3044
pjxyqxbk198,,0.1142,0.4945,0.3043
pjxrqxbj971,0.5015,0.0247,0.3868,0.3043
pjxyqwbj410,0.5015,0.0451,0.3665,0.3043
pjxyqwbk755,0.5015,0.0244,0.3869,0.3043
pjxyqxbj707,0.5015,0.0388,0.3724,0.3043
pjxsqxbj872,0.5015,0.0161,0.3951,0.3042
pjxyqxbj687,0.5015,0.0184,0.3926,0.3042
pjxyqxbk573,0.5015,0.044,0.367,0.3042
pjxuqwbj566,0.5015,0.0167,0.3942,0.3041
pjxyqwbj531,0.5015,0.0548,0.356,0.3041
pjxyqwbj836,0.5015,0.0267,0.3839,0.304
pjxxxxbj923,0.335,0.213,0.3639,0.304
pjxyqwbj967,0.4847,0.045,0.3821,0.3039
pjxuqwbj881,0.5015,0.012,0.3983,0.3039
pjxyqwbj803,0.5015,0.0284,0.3817,0.3039
pjxyqxbj757,0.5015,0.0242,0.3858,0.3039
pjxpqxbj926,0.5015,0.0591,0.3509,0.3038
pjxsqxbj938,0.5015,0.0156,0.3943,0.3038
pjxyqwbj130,0.5015,0.0162,0.3933,0.3037
pjxyqwbj917,,0.2493,0.3579,0.3036
pjxyqwbj393,0.5015,0.0897,0.3196,0.3036
pjxsqxbj816,0.5015,0.0153,0.394,0.3036
pjxuqwbj877,0.5015,0.0275,0.3817,0.3036
pjxyqxbk867,0.5015,0.0167,0.3924,0.3035
pjxyqxbj285,0.5015,0.0231,0.3856,0.3034
pjwrqxbj884,0.5015,0.0093,0.3993,0.3034
pjxyqxbl738,0.5015,0.0281,0.3804,0.3033
pjxyqxbj519,0.5015,0.0236,0.3847,0.3033
pjxyqxbj722,0.5015,0.0244,0.3839,0.3033
pjxyqxbl742,0.5015,0.0167,0.3914,0.3032
pjxyqxbj576,0.5015,0.049,0.359,0.3032
pjxyqxbj744,0.5015,0.0473,0.3606,0.3031
pjxyqxbj353,0.5015,0.0244,0.3834,0.3031
pjxyqwbk839,0.5015,0.0267,0.3811,0.3031
pjxuqwbj952,0.5015,0.0156,0.392,0.303
pjxyqxbj068,0.5015,0.0193,0.3883,0.303
pjxuqwbj488,0.5015,0.0195,0.388,0.303
pjxsqxbj900,0.5015,0.0146,0.3928,0.303
pjxwzxkj992,0.5015,0.0147,0.3926,0.3029
pjxyqxbk162,0.5015,0.0669,0.3404,0.3029
pjxyqwbj401,0.5015,0.0257,0.3814,0.3028
pjxuqwbj930,0.5015,0.0144,0.3926,0.3028
pjxpqxbj975,0.5015,0.1015,0.3054,0.3028
pjxyqxbj737,0.5015,0.0267,0.3802,0.3028
pjxsqxbj904,0.5015,0.0156,0.3911,0.3027
pjxsqxbj784,0.5015,0.0101,0.3966,0.3027
pjxyqxbk873,,0.0533,0.5521,0.3027
pjxyqwbj775,0.5015,0.0162,0.3902,0.3026
pjxyqwbj630,0.5015,0.0446,0.3613,0.3025
pjxuqwbj831,0.5015,0.063,0.3428,0.3024
pjxyqwbk830,0.5015,0.0325,0.373,0.3023
pjxuqwbj473,0.5015,0.0146,0.3908,0.3023
pjxyqwbj461,0.5015,0.0243,0.3808,0.3022
pjxyqxbj605,0.5015,0.0365,0.3685,0.3022
pjxuqwbj739,0.5015,0.0236,0.3813,0.3022
pjxyqwbk856,0.5015,0.0493,0.3554,0.3021
pjxqqxbj991,0.5015,0.0479,0.3566,0.302
pjxyqxbk995,0.5015,0.0308,0.3732,0.3018
pjxyqwbj098,0.5015,0.0706,0.3333,0.3018
pjxyqxbk941,0.5369,0.0388,0.3296,0.3018
pjxyqwbj563,0.5015,0.0163,0.3873,0.3017
pjxyqxbk011,0.5015,0.0277,0.3756,0.3016
pjxyqxbj365,0.5015,0.0184,0.3846,0.3015
pjxsqxbj909,0.5015,0.0242,0.3787,0.3015
pjxyqxbj692,0.5015,0.0274,0.3755,0.3015
pjwrqxbj993,0.5015,0.0157,0.3872,0.3015
pjxyqxbj067,0.4445,0.0331,0.4265,0.3014
pjxyqwbk993,,0.0952,0.5075,0.3014
pjxyqxbk566,0.5015,0.0257,0.3769,0.3014
pjxyqxbj548,0.5015,0.0208,0.3815,0.3013
pjwrqxbj952,,0.1027,0.4998,0.3012
pjxyqwbk731,0.5015,0.0176,0.3845,0.3012
pjxyqxbj046,0.5015,0.0146,0.3874,0.3011
pjxyqxbj432,0.5015,0.0161,0.3858,0.3011
pjxyqwbk624,0.5015,0.0281,0.3737,0.3011
pjxyqxbj779,0.5015,0.0201,0.3816,0.301
pjxyqxbk025,,0.033,0.5689,0.301
pjxyqxbk614,0.5015,0.0216,0.3796,0.3009
pjxyqxbj876,0.5015,0.0156,0.3854,0.3008
pjxyqwbk870,0.5015,0.0388,0.3615,0.3006
pjxyqwbk762,,0.0308,0.5699,0.3004
pjxyqwbj272,0.4579,0.0308,0.4124,0.3004
pjxyqxbj064,,0.0184,0.5822,0.3003
pjxyqxbk792,0.5015,0.0086,0.3905,0.3002
pjxyqwbj486,0.5015,0.0463,0.3528,0.3002
pjxyqxbk086,0.5015,0.0137,0.3853,0.3002
pjxyqxbl780,0.5015,0.0201,0.3788,0.3001
pjxsqxbj941,0.5015,0.0154,0.3834,0.3001
pjxyqxbj021,,0.1439,0.4563,0.3001
pjxyqxbk503,0.5015,0.0153,0.3833,0.3
pjxyqwbk697,0.5015,0.0267,0.3717,0.2999
pjxyqxbj798,0.5015,0.0162,0.3821,0.2999
pjxyqxbk183,0.5015,0.012,0.3859,0.2998
pjxyqxbj991,0.5015,0.012,0.3859,0.2998
pjxyqxbj082,,0.0267,0.5726,0.2996
pjxxxxbj981,,0.1227,0.4763,0.2995
pjxyqwbk543,0.5015,0.0257,0.371,0.2994
pjxyqwbj739,0.5015,0.0267,0.3699,0.2994
pjxwxxbj918,0.5015,0.0922,0.3043,0.2993
pjxyqxbl934,0.5015,0.0193,0.3771,0.2993
pjxyqxbj662,0.5015,0.0257,0.3707,0.2993
pjxyqxbk777,0.5075,0.0244,0.3657,0.2992
pjxyqxbk581,0.5015,0.0267,0.3693,0.2992
pjxyqwbj793,0.5015,0.0459,0.3496,0.299
pjxyqwbj820,0.5015,0.0322,0.3629,0.2989
pjxyqxbk160,0.5015,0.0253,0.3697,0.2988
pjxuqwbj588,0.5282,0.0091,0.3592,0.2988
pjxyqwbj728,0.5015,0.0267,0.368,0.2987
pjxsqxbj980,0.5015,0.0244,0.3702,0.2987
pjxyqwbj006,0.5015,0.0609,0.3336,0.2987
pjxqqxbj967,0.5015,0.0458,0.3487,0.2986
pjxqqxbj997,0.5015,0.0505,0.3439,0.2986
pjxyqwbj624,0.5015,0.0362,0.358,0.2986
pjxyqxbl918,0.5015,0.0101,0.3836,0.2984
pjxyqxbk743,0.5015,0.0101,0.3834,0.2983
pjxyqxbj158,,0.0309,0.5656,0.2983
pjxyqxbl837,0.3899,0.0154,0.4894,0.2983
pjxuqwbj472,0.5015,0.0154,0.3778,0.2982
pjxyqxbk787,,0.0154,0.5808,0.2981
pjxyqxbk907,0.5015,0.0223,0.3705,0.2981
pjxyqwbj243,0.5015,0.0259,0.3669,0.2981
pjxyqwbj734,0.5015,0.0157,0.3769,0.2981
pjxyqxbk804,0.5015,0.0093,0.3831,0.298
pjxyqwbk505,0.5015,0.0267,0.3657,0.298
pjxyqwbj487,0.5015,0.0244,0.3679,0.2979
pjwrqxbj967,0.5015,0.0208,0.3715,0.2979
pjxyqxbj454,0.5015,0.0149,0.3774,0.2979
pjxuqwbj871,0.5015,0.012,0.3799,0.2978
pjxyqxbk095,0.5015,0.0146,0.377,0.2977
pjxyqxbk048,0.5015,0.0154,0.3762,0.2977
pjxpqxbj986,0.5015,0.0689,0.3225,0.2976
pjxuqwbj580,0.5015,0.052,0.3395,0.2976
pjxyqwbj412,,0.1113,0.4839,0.2976
pjxsqxbj772,0.5015,0.0098,0.3814,0.2976
pjxyqwbj870,0.5015,0.0176,0.3736,0.2976
pjxyqxbj608,0.5015,0.0195,0.3713,0.2974
pjxyqwbj312,0.4658,0.0267,0.3996,0.2974
pjxyqxbk304,0.5015,0.0197,0.3709,0.2973
pjwrqxbj973,0.4666,0.0144,0.4106,0.2972
pjxyqwbj255,0.5015,0.0401,0.3499,0.2972
pjxyqwbj431,0.5015,0.0335,0.3564,0.2971
pjxuqwbj454,0.5015,0.0165,0.373,0.297
pjwrqxbj932,0.5015,0.0281,0.3614,0.297
pjxxzxkj990,0.5015,0.0182,0.3708,0.2968
pjxyqwbj665,0.5015,0.0162,0.3726,0.2967
pjwtqxbj979,0.5099,0.0169,0.3634,0.2967
pjwtqxbj982,0.5015,0.0115,0.3771,0.2967
pjxsqxbj893,0.5015,0.0161,0.3725,0.2967
pjxyqxbk079,0.5204,0.0156,0.3541,0.2967
pjxsqxbj777,0.5015,0.0167,0.3717,0.2966
pjxuqwbj637,0.5015,0.0167,0.3713,0.2965
pjxuqwbj797,0.5015,0.0305,0.3572,0.2964
pjxsqxbj998,0.5015,0.0093,0.378,0.2963
pjxyqwbj552,0.5015,0.0244,0.3619,0.2959
pjxyqxbj418,0.5015,0.0153,0.3708,0.2959
pjxyqwbk734,0.5015,0.0169,0.3692,0.2958
pjxyqxbk939,0.5015,0.0174,0.3686,0.2958
pjxyqxbj589,0.5015,0.0231,0.3627,0.2958
pjxrqxbj992,0.5015,0.0436,0.3422,0.2958
pjxyqxbj979,0.5015,0.0463,0.3393,0.2957
pjxyqxbj095,0.5015,0.0094,0.3761,0.2957
pjxyqxbk042,0.5015,0.0144,0.371,0.2956
pjxwxxbj981,0.5015,0.0154,0.37,0.2956
pjxyqxbk168,,0.1544,0.4369,0.2956
pjxyqxbk807,0.5015,0.0102,0.3751,0.2956
pjxuqwbj735,0.5015,0.0105,0.3745,0.2955
pjxyqxbl911,0.5015,0.035,0.35,0.2955
pjxyqxbk852,0.5015,0.0267,0.3583,0.2955
pjxyqxbj712,0.5015,0.0097,0.3752,0.2955
pjxyqwbj002,0.5015,0.0145,0.3704,0.2954
pjxsqxbj940,0.5015,0.0167,0.368,0.2954
pjxyqxbk369,0.5015,0.0161,0.3686,0.2954
pjxyqxbk070,0.5115,0.0223,0.3524,0.2954
pjwrqxbj956,0.5015,0.0177,0.3668,0.2953
pjxrqxbj909,0.5015,0.0499,0.3343,0.2952
pjxyqwbj867,0.5015,0.018,0.3659,0.2951
pjxuqwbj539,0.5015,0.0146,0.369,0.295
pjxuqwbj478,0.5015,0.0156,0.3673,0.2948
pjxuqwbj446,0.5015,0.0165,0.3655,0.2945
pjxuqwbj619,0.5015,0.0156,0.3661,0.2944
pjxyqwbk749,0.5015,0.0301,0.3515,0.2943
pjxyqxbl739,0.5015,0.0167,0.3648,0.2943
pjxyqwbk872,0.5015,0.0527,0.3287,0.2943
pjwtqxbj985,0.5015,0.0259,0.3552,0.2942
pjwrqxbj992,0.5015,0.0281,0.3527,0.2941
pjxpqxbj997,0.5015,0.0483,0.3322,0.294
pjxyqwbj726,0.5015,0.0456,0.3346,0.2939
pjxuqwbj947,0.5015,0.0147,0.3655,0.2939
pjxsqxbj897,0.5015,0.0165,0.3636,0.2939
pjxsqxbj800,0.5015,0.0097,0.37,0.2937
pjxyqwbj116,,0.1439,0.4432,0.2936
pjxyqxbj280,0.5015,0.0208,0.3583,0.2935
pjxyqxbk328,0.5015,0.0153,0.3634,0.2934
pjxyqxbk987,0.5015,0.0244,0.3541,0.2933
pjxyqxbj040,0.5015,0.0156,0.3629,0.2933
pjxyqxbj476,0.5015,0.0154,0.363,0.2933
pjxwzxbj990,0.5015,0.0432,0.3353,0.2933
pjxyqwbj807,0.5015,0.0349,0.3434,0.2933
pjxqzxbj995,,0.0259,0.5606,0.2933
pjxyqwbj642,0.5015,0.0908,0.2869,0.2931
pjxyqxbj084,0.5015,0.0091,0.3685,0.293
pjxxztbj990,0.5015,0.0097,0.3678,0.293
pjxuqwbj840,0.5015,0.0101,0.3671,0.2929
pjxyqwbk838,0.5015,0.1024,0.2746,0.2928
pjxyqxbk185,0.5015,0.0153,0.3616,0.2928
pjxyqxbj580,0.5015,0.0167,0.3599,0.2927
pjxyqxbk778,0.5015,0.0167,0.3596,0.2926
pjxsqxbj929,0.5015,0.0101,0.366,0.2925
pjxyqwbj456,0.5015,0.0413,0.3345,0.2924
pjxsqxbj920,0.5015,0.036,0.3397,0.2924
pjwtqxbj925,0.5015,0.0406,0.335,0.2924
pjxsqxbj968,0.5015,0.0091,0.3664,0.2923
pjxxxxbj911,,0.1641,0.4206,0.2923
pjxuqwbj708,0.5015,0.0247,0.3507,0.2923
pjxwzxbj989,0.5015,0.0167,0.3582,0.2921
pjxsqxbj995,0.5015,0.0608,0.3138,0.292
pjxsqxbj905,0.5319,0.0086,0.3356,0.292
pjxyqxbj392,0.5158,0.0101,0.3499,0.292
pjxpqxbj998,,0.1393,0.4445,0.2919
pjxyqxbj238,0.5015,0.0193,0.3548,0.2918
pjxuqwbj449,0.5015,0.0101,0.3626,0.2914
pjxyqxbk411,0.5015,0.0242,0.3484,0.2914
pjxyqxbk334,0.5015,0.0184,0.3541,0.2913
pjxsqxbj778,0.5015,0.0154,0.3565,0.2911
pjxyqxbj422,0.5015,0.0146,0.3572,0.2911
pjxyqwbk818,0.5015,0.0176,0.3542,0.2911
pjxyqxbj464,0.5015,0.0102,0.3614,0.291
pjxyqxbj106,0.5015,0.0146,0.3568,0.291
pjxxxxbj932,,0.146,0.4358,0.2909
pjxyqxbl701,0.5015,0.0281,0.3431,0.2909
pjxyqwbj890,0.5015,0.0419,0.3292,0.2909
pjxyqxbj417,,0.0156,0.5661,0.2908
pjxuqwbj788,0.5015,0.0102,0.3601,0.2906
pjxsqxbj894,0.5015,0.0167,0.3535,0.2906
pjxyqwbj197,,0.0275,0.5533,0.2904
pjxyqxbj871,0.5015,0.053,0.3166,0.2903
pjxyqwbj158,,0.0397,0.5408,0.2903
pjxsqxbj874,0.5015,0.0144,0.3546,0.2902
pjxyqxbl916,0.5015,0.0154,0.3536,0.2902
pjxyqwbj459,0.5015,0.0275,0.3414,0.2901
pjxuqwbj512,0.5015,0.0097,0.3592,0.2901
pjxyqxbk165,0.5015,0.0115,0.3571,0.29
pjxyqwbj748,0.5015,0.0176,0.3506,0.2899
pjxyqxbj676,0.5015,0.0091,0.3591,0.2899
pjwrqxbj951,0.5015,0.0253,0.3428,0.2899
pjxyqwbj859,0.5015,0.0798,0.2878,0.2897
pjxyqxbk401,,0.0276,0.5515,0.2895
pjxyqxbl747,0.5015,0.0153,0.3517,0.2895
pjxuqwbj811,0.5015,0.0101,0.3568,0.2895
pjxqzxbj989,0.5015,0.0278,0.3389,0.2894
pjxyqxbj440,,0.0146,0.5641,0.2893
pjxyqxbj791,0.5015,0.0093,0.3569,0.2892
pjxqqxbj975,0.5015,0.0275,0.3387,0.2892
pjwtqxbj913,0.5015,0.0267,0.3394,0.2892
pjxyqxbk610,0.5015,0.0253,0.3405,0.2891
pjxpqxbj973,0.5015,0.0894,0.2763,0.2891
pjxyqxbj915,0.5015,0.012,0.3537,0.289
pjxyqxbj544,0.5015,0.0165,0.3491,0.289
pjxyqwbj358,0.4847,0.0406,0.3417,0.289
pjxuqwbj508,0.5015,0.0156,0.3497,0.2889
pjxyqxbj635,,0.0674,0.5101,0.2888
pjxyqxbj187,0.5015,0.0093,0.3552,0.2887
pjxyqxbk637,0.5015,0.0272,0.3373,0.2886
pjxyqxbj888,0.5015,0.022,0.3424,0.2886
pjxsqxbj885,0.5015,0.0093,0.3548,0.2885
pjxyqwbk656,0.5015,0.0162,0.3478,0.2885
pjxyqwbj698,0.5015,0.0176,0.3464,0.2885
pjxyqwbk664,0.5015,0.0176,0.3463,0.2885
pjxyqxbj717,0.3725,0.0146,0.4779,0.2883
pjxyqxbk064,0.5015,0.0097,0.3538,0.2883
pjxyqwbj993,0.5015,0.015,0.3483,0.2883
pjxyqwbj047,,0.1,0.4765,0.2882
pjxyqxbj616,0.5015,0.0165,0.3467,0.2882
pjxyqxbj800,0.5015,0.0093,0.3537,0.2882
pjxyqwbj316,,0.0485,0.5278,0.2881
pjxuqwbj731,0.5015,0.0073,0.3554,0.2881
pjxyqxbl954,0.5015,0.0102,0.3523,0.288
pjxrqxbj972,0.5015,0.0152,0.3472,0.2879
pjxyqxbk579,,0.029,0.5468,0.2879
pjxsqxbj986,0.5015,0.03,0.3322,0.2879
pjxyqxbj273,0.5015,0.0161,0.3461,0.2879
pjxyqxbk681,0.5015,0.0154,0.3467,0.2879
pjxyqwbj053,0.5282,0.0176,0.3176,0.2878
pjxyqxbj314,0.5015,0.0093,0.3523,0.2877
pjxsqxbj867,0.5015,0.0146,0.3466,0.2875
pjxuqwbj724,0.5015,0.0093,0.3518,0.2875
pjxyqwbj282,0.5015,0.0176,0.3434,0.2875
pjxyqxbk537,0.5015,0.0154,0.3454,0.2874
pjxuqwbj547,0.5015,0.016,0.3445,0.2873
pjxuqwbj529,0.5015,0.0161,0.3443,0.2873
pjxyqxbj914,0.5015,0.02,0.3395,0.287
pjxxxxbj913,0.5015,0.0726,0.2869,0.287
pjxyqxbj023,0.5015,0.0208,0.3385,0.2869
pjxsqxbj912,0.5015,0.0204,0.3388,0.2869
pjxwzxbj987,0.5015,0.0097,0.3494,0.2868
pjxyqxbj987,,0.0167,0.5568,0.2868
pjxyqwbj709,0.5015,0.0162,0.3424,0.2867
pjxyqxbj195,0.5282,0.0176,0.3142,0.2867
pjxyqxbj430,0.5015,0.0228,0.3347,0.2863
pjxyqwbj061,,0.0404,0.5321,0.2863
pjxuqwbj994,0.5015,0.0097,0.3471,0.2861
pjxsqxbj887,0.5015,0.0144,0.3424,0.2861
pjxsqxbj899,0.5015,0.0274,0.3293,0.2861
pjxyqxbj131,0.5015,0.0162,0.34,0.2859
pjxyqwbj395,0.5015,0.0162,0.3398,0.2858
pjxyqwbj469,0.3878,0.0284,0.4409,0.2857
pjxyqwbk775,0.5015,0.0163,0.3391,0.2856
pjxuqwbj699,0.5015,0.0086,0.3465,0.2855
pjxyqxbk717,0.5015,0.0182,0.3366,0.2854
pjxtztbj996,0.5015,0.0798,0.2749,0.2854
pjxsqxbj932,0.5015,0.0204,0.3335,0.2851
pjxyqwbj535,0.5015,0.0322,0.3214,0.285
pjxsqxbj873,0.5015,0.0102,0.3432,0.285
pjxyqwbk617,0.5015,0.0298,0.3233,0.2849
pjxwzxkj991,0.5015,0.0091,0.344,0.2848
pjxyqwbj311,0.5015,0.0548,0.2982,0.2848
pjxuqwbj956,0.5015,0.0137,0.3392,0.2848
pjxyqxbj625,0.5015,0.0102,0.3426,0.2848
pjxyqxbj007,,0.0257,0.5434,0.2845
pjxsqxbj859,0.5015,0.0132,0.3388,0.2845
pjxyqxbk947,0.5015,0.0313,0.3202,0.2843
pjxyqxbj332,0.5015,0.0233,0.3279,0.2842
pjxuzxbj984,0.5015,0.0146,0.3365,0.2842
pjxyqxbj288,0.5015,0.0158,0.3351,0.2841
pjxuqwbj583,0.5015,0.0204,0.3304,0.2841
pjxyqxbj150,0.5015,0.0158,0.3346,0.284
pjxyqxbk368,0.5015,0.0162,0.334,0.2839
pjxyqxbl716,,0.0417,0.5257,0.2837
pjxyqxbl946,0.5015,0.0169,0.3324,0.2836
pjxpqxbj976,0.5015,0.0523,0.2968,0.2835
pjxyqxbk974,0.5015,0.0101,0.3388,0.2835
pjxyqxbk269,,0.1349,0.4319,0.2834
pjxuqwbj677,0.5015,0.0093,0.3393,0.2834
pjxpqxbj941,0.5015,0.1198,0.2285,0.2833
pjxyqxbk316,0.5015,0.0097,0.3384,0.2832
pjxyqwbk740,0.5015,0.0525,0.2954,0.2831
pjxuqwbj463,0.5015,0.0176,0.3302,0.2831
pjxpqxbj933,0.3675,0.0791,0.4026,0.2831
pjxyqxbj854,0.5015,0.0169,0.3309,0.2831
pjwrqxbj945,,0.0267,0.5394,0.283
pjxyqwbj269,0.5369,0.0169,0.2949,0.2829
pjxuqwbj565,0.5015,0.008,0.3389,0.2828
pjxyqxbj595,0.5015,0.0097,0.3372,0.2828
pjxyqxbk190,0.3899,0.1238,0.3343,0.2827
pjxyqxbj496,0.5015,0.0102,0.3361,0.2826
pjxyqxbj284,0.5015,0.0369,0.3092,0.2825
pjxuqwbj564,0.5015,0.0655,0.2806,0.2825
pjxyqxbj221,,0.0455,0.5195,0.2825
pjxyqxbl906,0.4647,0.0272,0.3555,0.2825
pjxyqwbj073,0.5015,0.052,0.2938,0.2824
pjxyqxbk429,0.5015,0.0093,0.3364,0.2824
pjxyqxbj866,0.5015,0.0093,0.3355,0.2821
pjxyqxbk993,,0.0695,0.4945,0.282
pjxyqwbk754,0.5015,0.0177,0.3266,0.2819
pjxyqxbk797,0.5015,0.0163,0.3279,0.2819
pjxuqwbj687,0.5015,0.0192,0.3248,0.2818
pjxuqwbj850,0.5015,0.0081,0.3356,0.2817
pjxyqwbj853,0.5015,0.02,0.3232,0.2816
pjvyzxbj997,0.5015,0.02,0.323,0.2815
pjxyqxbj985,0.5015,0.0144,0.3286,0.2815
pjxyqwbk955,0.5015,0.0414,0.3011,0.2813
pjxsqxbj849,0.5015,0.0146,0.3278,0.2813
pjxyqwbj360,0.5015,0.0588,0.283,0.2811
pjxyqwbj841,,0.0982,0.4634,0.2808
pjxyqxbk962,0.5015,0.0182,0.3225,0.2807
pjxyqxbj483,0.5015,0.035,0.3055,0.2807
pjxyqwbj904,0.5015,0.0162,0.3241,0.2806
pjxyqxbk795,0.5015,0.0093,0.3305,0.2804
pjxsqxbj927,0.5015,0.0182,0.3216,0.2804
pjxyqxbk090,0.5015,0.0177,0.3219,0.2803
pjxyqxbk665,0.5015,0.0182,0.3209,0.2802
pjxyqxbk798,0.5125,0.0217,0.3062,0.2801
pjxyqxbj867,,0.0146,0.5449,0.2797
pjwtqxbj983,0.5015,0.0145,0.3229,0.2796
pjxyqxbl943,,0.0686,0.4904,0.2795
pjxyqwbj331,0.5015,0.0162,0.3207,0.2795
pjxyqxbk521,0.5015,0.0167,0.3201,0.2794
pjxuqwbj516,0.5015,0.0102,0.3263,0.2793
pjxyqwbk885,0.5015,0.0145,0.3219,0.2793
pjxyqxbj594,,0.1241,0.4344,0.2793
pjxyqwbj445,0.5015,0.0275,0.3088,0.2792
pjxyqxbj688,0.5015,0.0244,0.3116,0.2792
pjxyqwbj403,0.5015,0.0267,0.3092,0.2791
pjxuqwbj883,0.5015,0.0165,0.3193,0.2791
pjxyqxbj412,0.5015,0.0176,0.3181,0.2791
pjxyqwbj225,0.5015,0.0163,0.3193,0.279
pjxyqwbk728,,0.0244,0.5332,0.2788
pjxuqwbj507,0.5015,0.0101,0.3246,0.2787
pjxsqxbj892,0.5015,0.0144,0.3201,0.2786
pjxxxxbj997,0.5015,0.0652,0.2691,0.2786
pjxyqxbj345,,0.0557,0.5013,0.2785
pjxyqwbj385,0.5015,0.0338,0.3,0.2784
pjxyqxbj359,0.5015,0.0588,0.2749,0.2784
pjxyqxbk382,0.5015,0.0365,0.2971,0.2784
pjwtqxbj957,0.5015,0.0284,0.3052,0.2784
pjxyqxbl953,0.5015,0.0154,0.3182,0.2784
pjxuqwbj760,0.5015,0.0101,0.323,0.2782
pjxyqxbj117,0.5015,0.0253,0.3077,0.2781
pjxuqwbj661,0.35,0.1716,0.3126,0.278
pjxyqxbj961,,0.0434,0.5126,0.278
pjxyqwbk605,,0.0259,0.5299,0.2779
pjxyqwbk572,0.5015,0.0345,0.2978,0.2779
pjxyqxbl912,0.5015,0.038,0.2942,0.2779
pjxyqxbl984,0.5015,0.0279,0.304,0.2778
pjxyqwbj351,,0.0267,0.5288,0.2777
pjxxxxbj910,,0.0706,0.4845,0.2776
pjxyqwbj788,0.5015,0.018,0.3132,0.2776
pjxuqwbj711,0.5015,0.0101,0.3209,0.2775
pjxuqwbj719,0.5015,0.0097,0.3213,0.2775
pjxyqxbj861,0.5192,0.0175,0.2957,0.2775
pjxyqxbk957,0.5015,0.0162,0.3145,0.2774
pjxsqxbj880,0.5015,0.0149,0.3157,0.2774
pjxyqwbj929,0.3899,0.0349,0.4072,0.2774
pjxuqwbj624,0.5015,0.0097,0.3207,0.2773
pjxpqxbj992,0.5015,0.0157,0.3147,0.2773
pjxyqxbk199,0.446,0.0169,0.3684,0.2771
pjxyqxbk755,,0.0277,0.5265,0.2771
pjxrqxbj930,0.5015,0.0164,0.3132,0.277
pjxyqxbl699,0.5015,0.0132,0.3162,0.277
pjxsqxbj989,0.5015,0.0093,0.3201,0.277
pjxyqxbk788,,0.0154,0.5384,0.2769
pjxyqwbj369,0.5015,0.0162,0.3131,0.2769
pjwtqxbj987,0.5015,0.0176,0.3114,0.2768
pjxuqwbj659,0.5015,0.012,0.3169,0.2768
pjxxxxbj944,,0.0848,0.4686,0.2767
pjxqqxbj954,0.5015,0.0263,0.3021,0.2766
pjxyqwbk869,0.4847,0.0301,0.3149,0.2766
pjxyqxbj749,0.325,0.0448,0.4594,0.2764
pjxyqxbl905,0.5015,0.0182,0.3095,0.2764
pjxyqxbk464,,0.0292,0.5234,0.2763
pjxuqwbj976,0.5015,0.012,0.315,0.2762
pjxwxxbj915,0.5015,0.0633,0.2628,0.2758
pjxuqwbj559,0.5015,0.0115,0.3139,0.2756
pjxyqwbj034,0.5015,0.0162,0.3089,0.2755
pjxyqwbj437,0.5015,0.0436,0.2815,0.2755
pjxuqwbj499,0.5015,0.0193,0.3057,0.2755
pjxyqwbj341,0.5015,0.0419,0.2825,0.2753
pjxxzxkj981,0.5015,0.0093,0.3149,0.2752
pjxyqxbk036,0.5015,0.0169,0.3072,0.2752
pjxyqwbj209,,0.1134,0.4369,0.2752
pjxyqwbj020,0.5015,0.0177,0.3061,0.2751
pjwtqxbj922,0.5015,0.0249,0.2987,0.275
pjxyqwbj945,0.5015,0.0145,0.309,0.275
pjxsqxbj871,0.5015,0.0097,0.3136,0.2749
pjxyqxbj089,0.5015,0.0101,0.3131,0.2749
pjxyqxbj403,,0.1439,0.4054,0.2746
pjxyqxbj954,0.5015,0.0162,0.3061,0.2746
pjxyqxbj073,0.5015,0.009,0.3133,0.2746
pjxyqxbl867,0.5015,0.012,0.3102,0.2746
pjxyqxbj927,0.5015,0.0174,0.3046,0.2745
pjxyqxbk810,0.5015,0.0093,0.3123,0.2744
pjxyqwbj912,0.5015,0.0401,0.2814,0.2743
pjxyqxbk553,0.5015,0.0193,0.3023,0.2743
pjxuqwbj477,0.5015,0.0165,0.304,0.274
pjxyqxbk489,0.5015,0.0272,0.293,0.2739
pjxyqxbj257,,0.0156,0.5321,0.2739
pjxyqxbk063,,0.0971,0.4505,0.2738
pjxyqxbk222,,0.0722,0.4752,0.2737
pjxyqwbk787,0.5015,0.0162,0.3035,0.2737
pjxyqwbj622,0.5015,0.0313,0.2883,0.2737
pjxyqxbk720,0.5015,0.0468,0.2727,0.2737
pjxpqxbj914,0.5015,0.0334,0.2861,0.2737
pjxyqwbj524,0.5015,0.0162,0.3032,0.2736
pjxyqxbk547,0.4847,0.0093,0.3265,0.2735
pjxyqwbj897,0.5015,0.0162,0.3028,0.2735
pjxyqxbj370,,0.0472,0.4997,0.2735
pjxyqxbj223,,0.0154,0.5313,0.2733
pjxyqwbj201,0.5015,0.0162,0.3021,0.2733
pjxrqxbj939,0.5015,0.0176,0.3005,0.2732
pjwrqxbj925,0.5015,0.0208,0.297,0.2731
pjxyqwbj326,0.5015,0.0176,0.2999,0.273
pjxyqxbk072,0.4497,0.0318,0.3373,0.2729
pjxyqxbj932,0.5015,0.0093,0.3078,0.2729
pjxyqxbk027,0.5015,0.0093,0.3076,0.2728
pjxyqxbj981,0.33,0.0195,0.4681,0.2725
pjxqzxbj994,0.5015,0.0169,0.299,0.2724
pjxyqxbj929,,0.153,0.3916,0.2723
pjxpqxbj972,0.3878,0.0443,0.3848,0.2723
pjxyqwbk949,,0.0704,0.4742,0.2723
pjxyqxbj698,,0.0195,0.5249,0.2722
pjxyqxbj571,0.5015,0.0115,0.3031,0.272
pjxyqwbk972,,0.1413,0.4021,0.2717
pjwtqxbj931,0.5015,0.0162,0.2973,0.2717
pjxpqxbj979,0.2906,0.0611,0.4631,0.2716
pjxuqwbj829,0.5015,0.012,0.3012,0.2715
pjxyqxbk592,,0.0267,0.5163,0.2715
pjxyqwbk834,0.4847,0.0516,0.2778,0.2714
pjxwxxbj992,0.5015,0.0094,0.3031,0.2713
pjxuqwbj470,0.5015,0.012,0.3002,0.2712
pjxyqwbj936,0.5015,0.0163,0.2958,0.2712
pjxyqxbj103,0.5015,0.012,0.3001,0.2712
pjxyqxbj404,0.5015,0.012,0.2997,0.271
pjxyqxbj841,0.5015,0.0101,0.3014,0.271
pjxuqwbj505,0.5015,0.0101,0.3013,0.271
pjxsqxbj934,0.5015,0.0235,0.2876,0.2709
pjxyqxbk115,0.5015,0.0094,0.3014,0.2707
pjxyqxbj455,0.3575,0.0153,0.4387,0.2705
pjwtqxbj959,0.5015,0.0208,0.2889,0.2704
pjxxxxbj933,,0.0956,0.4451,0.2703
pjxyqwbj988,,0.0267,0.514,0.2703
pjxrqxbj891,0.5015,0.0165,0.2927,0.2702
pjxyqwbk706,0.5015,0.0169,0.2923,0.2702
pjxyqwbj602,,0.0267,0.5136,0.2701
pjxyqwbj038,,0.0447,0.4952,0.27
pjxsqxbj856,0.5015,0.0093,0.2988,0.2699
pjxyqwbj338,0.5015,0.0169,0.2913,0.2699
pjxyqxbk208,,0.0154,0.524,0.2697
pjxyqxbj474,0.5015,0.0146,0.293,0.2697
pjxtztbj998,,0.0231,0.5159,0.2695
pjxyqxbl878,,0.0259,0.5131,0.2695
pjxyqwbj428,0.3,0.0244,0.484,0.2695
pjxyqxbk969,0.5015,0.0115,0.2952,0.2694
pjxyqxbl987,,0.0195,0.5191,0.2693
pjxyqxbk767,,0.0267,0.5118,0.2692
pjxyqxbj754,,0.0156,0.5223,0.2689
pjxxxxbj930,0.28,0.0891,0.4368,0.2686
pjxuqwbj758,0.5015,0.0091,0.2951,0.2685
pjxyqwbk935,0.4517,0.0162,0.3376,0.2685
pjxwxxbj905,0.5015,0.0177,0.2862,0.2685
pjxyqxbj557,0.5015,0.0086,0.2937,0.2679
pjxxxxbj943,0.287,0.1227,0.3936,0.2678
pjxuqwbj950,0.5015,0.0167,0.2846,0.2676
pjxrqxbj954,0.5015,0.0157,0.2855,0.2675
pjxyqwbj557,0.5015,0.0401,0.2605,0.2673
pjxuqwbj993,0.5015,0.0149,0.285,0.2671
pjxuqwbj915,0.5015,0.0102,0.2897,0.2671
pjxyqwbj628,0.5015,0.0461,0.2533,0.267
pjxyqwbk760,0.3531,0.0456,0.4022,0.267
pjxyqxbk242,,0.0267,0.507,0.2668
pjxyqxbj352,0.5015,0.0093,0.2894,0.2667
pjxyqwbj407,0.5015,0.0546,0.2439,0.2667
pjxyqxbk910,0.5015,0.0097,0.2882,0.2665
pjxyqwbj534,0.5015,0.0461,0.2513,0.2663
pjxyqxbk297,,0.0259,0.5067,0.2663
pjwrqxbj923,0.3058,0.0326,0.4601,0.2662
pjxuqwbj572,0.5015,0.0147,0.2814,0.2659
pjxyqxbk300,,0.0564,0.4753,0.2658
pjxyqxbj522,0.5015,0.0163,0.2797,0.2658
pjxyqwbk662,,0.089,0.4426,0.2658
pjxyqxbk555,0.5015,0.0093,0.2865,0.2658
pjxwxxbj946,0.5015,0.0235,0.2718,0.2656
pjxsqxbj807,0.5015,0.0097,0.2855,0.2656
pjxyqxbj330,0.5015,0.0094,0.2855,0.2654
pjxyqxbk597,,0.0336,0.4961,0.2648
pjxyqxbj813,0.5015,0.0257,0.2674,0.2648
pjxyqxbj858,,0.0328,0.4968,0.2648
pjxtztbj987,,0.0153,0.5142,0.2648
pjxyqxbl757,,0.0267,0.5018,0.2642
pjxyqwbj309,0.5015,0.0169,0.2736,0.264
pjxyqxbj846,,0.0233,0.5043,0.2638
pjxsqxbj760,0.5015,0.1717,0.1176,0.2636
pjxyqwbj839,,0.0953,0.4318,0.2636
pjxyqxbk403,,0.0557,0.4715,0.2636
pjxyqxbk336,0.5015,0.0102,0.2787,0.2635
pjxyqxbk732,,0.0153,0.5116,0.2635
pjxyqxbj371,0.5015,0.009,0.2799,0.2634
pjxyqxbk426,,0.0274,0.4993,0.2634
pjxyqxbl821,,0.0184,0.5081,0.2633
pjxyqwbj435,0.5015,0.0238,0.2644,0.2632
pjxuqwbj515,0.5015,0.0249,0.2632,0.2632
pjxyqwbj877,0.5015,0.0419,0.2458,0.2631
pjxyqwbj780,0.235,0.0325,0.5213,0.263
pjxyqwbj865,0.5015,0.0335,0.2537,0.2629
pjxxxxbj916,,0.1227,0.4026,0.2626
pjxyqxbj029,,0.0374,0.4877,0.2625
pjxyqxbl952,0.5015,0.0182,0.2677,0.2624
pjxxxxbj908,,0.1326,0.3918,0.2622
pjxyqwbj058,0.5015,0.0169,0.2682,0.2622
pjxyqxbj167,0.4847,0.0611,0.2406,0.2621
pjxyqwbj616,0.5015,0.0176,0.2668,0.262
pjxyqxbj075,0.5015,0.0137,0.2687,0.2613
pjxyqxbk598,0.5015,0.009,0.2732,0.2612
pjxuqwbj650,0.5015,0.0101,0.2719,0.2612
pjvyzxbj993,,0.0895,0.4324,0.2609
pjxyqwbk547,,0.0359,0.4858,0.2608
pjxyqxbl794,0.5015,0.0184,0.2625,0.2608
pjxxxxbj907,,0.1597,0.3616,0.2607
pjxyqxbj794,,0.0656,0.4556,0.2606
pjxuqwbj766,,0.0805,0.4404,0.2605
pjxyqxbj237,0.5015,0.0132,0.2653,0.26
pjxyqxbl766,0.5015,0.0176,0.2599,0.2597
pjxuqwbj937,,0.0752,0.4441,0.2596
pjxyqxbk098,,0.0308,0.4882,0.2595
pjxyqwbj166,0.4702,0.0291,0.2787,0.2593
pjxyqxbk209,,0.0184,0.5,0.2592
pjxwxxbj995,,0.0156,0.5024,0.259
pjxxxxbj915,,0.1301,0.3876,0.2589
pjxsqxbj970,0.5015,0.0101,0.2647,0.2588
pjxyqxbk868,,0.0184,0.4991,0.2588
pjxpqxbj961,,0.0653,0.4518,0.2585
pjxuqwbj568,0.5015,0.0157,0.2584,0.2585
pjxyqwbk900,,0.0606,0.4562,0.2584
pjxyqxbj911,,0.0972,0.4192,0.2582
pjxyqxbk358,0.5015,0.0192,0.2524,0.2577
pjxyqxbl889,,0.0193,0.4954,0.2574
pjxyqxbk338,,0.0167,0.498,0.2573
pjxyqxbk330,,0.0423,0.4718,0.2571
pjxxxxbj914,0.4497,0.0652,0.2542,0.2564
pjxyqxbk647,0.5015,0.0093,0.2583,0.2564
pjxyqwbk577,0.5015,0.0301,0.2373,0.2563
pjxyqxbj903,0.295,0.0284,0.4446,0.256
pjxtzxfj980,0.5015,0.0101,,0.2558
pjxtzxfj981,0.5015,0.0101,,0.2558
pjxtzxfj994,0.5015,0.0101,,0.2558
pjxyqxbk929,0.5015,0.0182,0.2472,0.2556
pjxyqxbk779,,0.0267,0.4846,0.2556
pjxyqxbj008,0.5015,0.0093,0.2558,0.2555
pjxyqxbl769,,0.0144,0.4966,0.2555
pjxyqxbk848,,0.0154,0.4955,0.2555
pjxpqxbj962,0.5015,0.0798,0.1843,0.2552
pjxyqxbl876,,0.0231,0.4871,0.2551
pjxyqwbj267,,0.0259,0.4834,0.2547
pjxyqxbk669,,0.0458,0.4633,0.2546
pjxyqxbj724,0.5015,0.0204,0.2405,0.2541
pjxuqwbj935,0.5015,0.0202,0.2403,0.254
pjxyqwbk956,0.5015,0.0403,0.2196,0.2538
pjxyqxbk231,0.5015,0.0169,0.243,0.2538
pjxyqwbj674,,0.0539,0.4536,0.2537
pjxyqwbk519,,0.0267,0.4805,0.2536
pjxyqxbk812,,0.0325,0.4746,0.2535
pjxyqxbj379,,0.0132,0.4928,0.253
pjxyqwbj181,0.5015,0.0287,0.2272,0.2524
pjwrqxbj965,0.5015,0.04,0.2157,0.2524
pjxyqwbj080,,0.0325,0.472,0.2523
pjxwxxbj913,,0.0171,0.4866,0.2519
pjxyqwbk942,0.5015,0.0345,0.2194,0.2518
pjxyqxbl993,,0.0244,0.4789,0.2517
pjxyqxbj940,,0.0267,0.4767,0.2517
pjwtqxbj960,0.5015,0.0259,0.227,0.2515
pjxyqxbj228,,0.0154,0.4873,0.2514
pjxyqwbj796,0.5015,0.0547,0.1967,0.251
pjxyqxbl991,,0.0483,0.4527,0.2505
pjxyqxbj220,0.5015,0.0419,0.2081,0.2505
pjxvzxbj989,,0.0423,0.4584,0.2503
pjxyqxbj838,,0.0332,0.4674,0.2503
pjxyqxbk703,,0.0386,0.4619,0.2502
pjxsqxbj768,0.5015,0.0181,0.2296,0.2497
pjxyqxbk823,,0.0243,0.4747,0.2495
pjxyqxbj154,0.5015,0.027,0.2198,0.2494
pjxyqxbl724,,0.0223,0.4762,0.2492
pjxqqxbj973,,0.0445,0.4535,0.249
pjxyqxbk166,,0.0259,0.4716,0.2488
pjxyqxbj575,0.223,0.0154,0.5076,0.2486
pjxyqwbj928,,0.0259,0.4711,0.2485
pjxyqxbj967,,0.033,0.4639,0.2485
pjxyqxbk491,,0.0154,0.4811,0.2483
pjxuqwbj495,0.5015,0.0144,0.2288,0.2482
pjwtqxbj943,0.5015,0.0157,0.2272,0.2482
pjxyqxbj093,0.3225,0.0167,0.4052,0.2481
pjxrqxbj994,0.5015,0.035,0.208,0.2481
pjwtqxbj941,0.27,0.0947,0.3775,0.2474
pjxyqwbj261,,0.0259,0.4686,0.2473
pjxyqwbj907,,0.0463,0.4478,0.247
pjxuqwbj892,0.3899,0.007,0.3435,0.2468
pjxyqwbj930,0.5015,0.0177,0.2208,0.2466
pjxyqwbk534,,0.1313,0.3618,0.2466
pjxyqxbk710,,0.0233,0.4694,0.2463
pjxyqxbl931,,0.1971,0.2954,0.2462
pjxxxxbj937,0.0972,0.1947,0.4441,0.2454
pjxuqwbj733,0.5015,0.0113,0.2232,0.2453
pjxyqxbj569,,0.0267,0.4625,0.2446
pjxyqxbk479,,0.0867,0.4016,0.2442
pjxyqwbj570,,0.0244,0.4638,0.2441
pjxyqxbk854,,0.0744,0.4137,0.244
pjxyqxbk695,,0.0184,0.4695,0.244
pjxyqwbj706,0.5015,0.0422,0.1881,0.2439
pjxyqxbk354,0.355,0.0099,0.366,0.2436
pjxyqwbj016,,0.0308,0.4559,0.2434
pjxwxxbj944,,0.0759,0.4108,0.2434
pjxyqxbj546,,0.0425,0.4441,0.2433
pjxqqxbj947,,0.0482,0.4383,0.2432
pjxyqxbj733,,0.0165,0.4698,0.2432
pjxyqxbk534,0.42,0.0093,0.2996,0.243
pjxyqxbk992,,0.0156,0.4703,0.2429
pjxyqwbj538,0.5015,0.0325,0.1946,0.2429
pjxyqxbk342,,0.0277,0.458,0.2429
pjxyqxbj799,,0.027,0.4583,0.2426
pjxyqxbj296,,0.0156,0.4696,0.2426
pjxyqxbk667,,0.0951,0.39,0.2426
pjxyqxbk552,,0.0169,0.4682,0.2425
pjxuqwbj717,0.5015,0.019,0.2064,0.2423
pjxyqxbl913,,0.0267,0.4579,0.2423
pjxyqwbk864,,0.0281,0.456,0.242
pjxyqxbj993,,0.0423,0.4396,0.2409
pjxyqwbj133,,0.0267,0.4549,0.2408
pjxwxxbj945,0.2707,0.0161,0.4352,0.2407
pjxyqxbk836,0.5015,0.0325,0.1876,0.2405
pjxpqxbj911,,0.0892,0.3909,0.24
pjxyqxbk634,0.2875,0.0146,0.4173,0.2398
pjxsqxbj824,0.5015,0.0381,0.1783,0.2393
pjxyqxbj301,,0.0259,0.4525,0.2392
pjxyqxbk945,,0.0316,0.4458,0.2387
pjxyqxbj989,,0.0938,0.3834,0.2386
pjxyqxbj948,,0.0277,0.4489,0.2383
pjxyqxbk713,,0.1124,0.3636,0.238
pjxtztbj989,,0.0201,0.4552,0.2376
pjxyqxbk611,,0.0154,0.4595,0.2375
pjxuqwbj571,,0.0093,0.4652,0.2373
pjxuqwbj665,,0.0431,0.4307,0.2369
pjxyqxbk565,,0.0501,0.4227,0.2364
pjxyqxbj240,,0.0279,0.444,0.236
pjxyqxbk442,,0.029,0.4426,0.2358
pjxyqxbj452,,0.0243,0.4466,0.2354
pjxyqxbj384,0.2268,0.0208,0.4577,0.2351
pjxyqxbk046,,0.0132,0.4565,0.2349
pjxyqxbj734,,0.0154,0.4541,0.2348
pjxyqxbk900,,0.0156,0.453,0.2343
pjxyqwbj910,,0.0259,0.4421,0.234
pjxyqxbj529,,0.0259,0.4417,0.2338
pjxyqxbl750,0.3051,0.0146,0.3813,0.2337
pjxyqwbj307,0.3175,0.0588,0.3245,0.2336
pjxyqxbl677,,0.1932,0.273,0.2331
pjxyqxbj830,,0.0093,0.4567,0.233
pjxyqxbk686,,0.0233,0.4425,0.2329
pjxuqwbj715,0.2375,0.0308,0.4298,0.2327
pjxwxxbj983,,0.0452,0.42,0.2326
pjxyqwbj171,0.5015,0.0422,0.1541,0.2326
pjxyqxbk032,,0.0146,0.4503,0.2324
pjxyqxbj588,,0.027,0.4375,0.2322
pjxyqxbj152,,0.0184,0.4444,0.2314
pjxyqxbk444,0.1928,0.0184,0.4829,0.2314
pjxuqwbj755,,0.08,0.3826,0.2313
pjxyqxbj633,,0.0244,0.4379,0.2312
pjxyqxbj230,,0.0156,0.4467,0.2312
pjxyqxbl879,,0.0146,0.4467,0.2306
pjxyqxbk898,,0.0146,0.4466,0.2306
pjxuqwbj906,0.2797,0.0184,0.3934,0.2305
pjxyqxbk035,,0.0275,0.4332,0.2304
pjxyqxbj615,,0.0193,0.4407,0.23
pjxyqwbj523,,0.0503,0.4097,0.23
pjxpqxbj971,,0.0689,0.391,0.23
pjxtztbj990,,0.0268,0.4331,0.23
pjxwzxbj988,,0.0316,0.4282,0.2299
pjxyqxbk656,,0.0086,0.4511,0.2298
pjxxxxbj968,,0.1147,0.3445,0.2296
pjxyqxbk343,,0.0525,0.4065,0.2295
pjxyqwbj279,,0.0145,0.4442,0.2294
pjxyqwbj153,0.5015,0.0443,0.1407,0.2288
pjxyqxbj823,,0.0144,0.4426,0.2285
pjxyqxbk728,,0.0268,0.4295,0.2281
pjxyqxbj657,,0.0153,0.441,0.2281
pjxxztbj994,,0.031,0.425,0.228
pjxyqwbj125,,0.0277,0.4278,0.2277
pjxyqxbj358,,0.0167,0.4377,0.2272
pjxyqxbj647,,0.0275,0.4263,0.2269
pjxuqwbj443,,0.0542,0.3988,0.2265
pjxyqxbj080,,0.0156,0.4365,0.2261
pjxyqxbk262,,0.0144,0.4374,0.2259
pjxyqxbk081,,0.0336,0.4182,0.2259
pjxyqxbl939,,0.0242,0.4275,0.2259
pjxyqxbl825,,0.0325,0.4187,0.2256
pjxyqxbj829,,0.0165,0.4345,0.2255
pjxyqxbj928,,0.0349,0.4161,0.2255
pjxyqxbk764,,0.0236,0.4263,0.225
pjwqzwbj998,0.5015,0.0406,0.1322,0.2248
pjxyqxbk677,,0.0167,0.4328,0.2248
pjxyqxbk801,,0.0298,0.4187,0.2243
pjxyqwbj283,,0.0267,0.4206,0.2236
pjxuqwbj647,,0.0301,0.417,0.2236
pjxyqxbk869,,0.032,0.4113,0.2217
pjxyqwbj172,,0.0325,0.4103,0.2214
pjxyqxbj094,,0.047,0.3937,0.2204
pjxuqwbj537,0.2702,0.0461,0.344,0.2201
pjxyqxbj506,,0.0161,0.4239,0.22
pjxyqwbk523,0.35,0.04,0.2698,0.2199
pjxyqxbj585,,0.0867,0.352,0.2194
pjxpqxbj920,,0.0963,0.3411,0.2187
pjxyqxbk194,,0.0161,0.4213,0.2187
pjxyqxbl884,,0.0243,0.4111,0.2177
pjxsqxbj774,,0.0329,0.4011,0.217
pjxyqwbj923,,0.0322,0.4015,0.2168
pjxyqwbj821,,0.0267,0.4069,0.2168
pjxyqxbj853,,0.0156,0.417,0.2163
pjxyqxbk981,,0.0156,0.4164,0.216
pjxyqxbj831,,0.0165,0.4149,0.2157
pjxyqwbj362,,0.0257,0.4047,0.2152
pjxxzxkj991,,0.0146,0.4151,0.2148
pjxyqxbj251,0.2268,0.0262,0.3913,0.2148
pjxyqxbj164,,0.0176,0.4116,0.2146
pjxyqxbk567,,0.0154,0.4122,0.2138
pjxyqxbj058,0.3675,0.012,0.2612,0.2135
pjxyqxbk149,,0.0144,0.4116,0.213
pjxyqxbl843,,0.0388,0.3864,0.2126
pjxyqxbk264,,0.0165,0.4084,0.2125
pjxyqxbk452,,0.0093,0.4149,0.2121
pjxyqxbj686,,0.0154,0.4083,0.2119
pjxyqxbj840,,0.0222,0.4011,0.2116
pjxyqxbj443,,0.0156,0.4076,0.2116
pjxyqwbk646,,0.0485,0.3743,0.2114
pjxyqxbk783,0.2249,0.0349,0.3729,0.2109
pjxpqxbj912,,0.062,0.3595,0.2107
pjxtzxbj997,,0.0335,0.3871,0.2103
pjxyqxbj781,,0.0208,0.3984,0.2096
pjxyqxbj566,,0.0553,0.3631,0.2092
pjxyqwbk575,,0.0244,0.3938,0.2091
pjxyqxbk116,,0.0156,0.402,0.2088
pjxyqxbl945,,0.0639,0.3529,0.2084
pjxyqxbj074,,0.0201,0.3935,0.2068
pjxyqwbk901,,0.0176,0.3958,0.2067
pjxuqwbj526,,0.0165,0.396,0.2063
pjxyqxbj139,0.223,0.0174,0.3781,0.2061
pjxyqxbj286,,0.0204,0.3911,0.2057
pjxyqxbj239,,0.0091,0.4023,0.2057
pjxyqxbj801,,0.014,0.3967,0.2054
pjxyqxbk844,,0.0176,0.393,0.2053
pjxqzxbj973,,0.0313,0.3792,0.2053
pjxyqxbk377,,0.049,0.3613,0.2052
pjxrqxbj947,,0.0243,0.3837,0.204
pjxyqxbk059,,0.0275,0.38,0.2038
pjxyqxbj788,,0.0449,0.3599,0.2024
pjxyqxbk135,,0.0156,0.3886,0.2021
pjxwzxbj998,,0.0353,0.3683,0.2018
pjxyqxbj174,,0.0204,0.3825,0.2014
pjxyqxbj086,,0.0169,0.3857,0.2013
pjxyqwbj417,0.223,0.0162,0.3644,0.2012
pjxyqxbk389,,0.0275,0.3746,0.201
pjxyqxbj834,,0.0167,0.3844,0.2006
pjxyqwbj849,,0.0606,0.3396,0.2001
pjxyqxbk151,,0.0325,0.3659,0.1992
pjxyqxbk682,,0.0146,0.3832,0.1989
pjxuqwbj546,,0.0154,0.3805,0.198
pjxyqxbj006,,0.0156,0.3803,0.1979
pjxwxxbj943,,0.0944,0.3009,0.1976
pjxyqxbk305,0.12,0.0275,0.4437,0.1971
pjxpqxbj945,0.2268,0.0425,0.3202,0.1965
pjxyqxbk748,,0.0146,0.3783,0.1964
pjxyqxbk991,0.5015,0.045,0.0411,0.1959
pjxyqxbj485,,0.0101,0.3814,0.1957
pjxyqxbl731,,0.0262,0.365,0.1956
pjxyqxbj395,,0.0162,0.3745,0.1954
pjxyqxbl927,,0.0165,0.374,0.1953
pjxyqxbk613,,0.0101,0.3797,0.1949
pjxyqxbk571,,0.0386,0.3498,0.1942
pjxyqxbj609,,0.0154,0.3729,0.1942
pjxyqxbj188,,0.0329,0.3549,0.1939
pjxyqxbk813,,0.0284,0.3564,0.1924
pjxyqxbk625,,0.0153,0.3694,0.1923
pjxpqxbj924,,0.0522,0.33,0.1911
pjxsqxbj771,0.2548,0.0093,0.3066,0.1902
pjxyqwbk835,,0.0238,0.3565,0.1901
pjxxzxkj987,0.0669,0.0233,0.4774,0.1892
pjxyqxbj484,,0.0231,0.3547,0.1889
pjxxxxbj945,0.105,0.1236,0.3379,0.1888
pjxpqxbj987,,0.0636,0.3134,0.1885
pjxyqxbk684,,0.0153,0.3616,0.1884
pjxyqxbl727,,0.0097,0.3659,0.1878
pjxyqxbk286,,0.0161,0.3585,0.1873
pjxyqxbl970,,0.012,0.3617,0.1868
pjxuqwbj713,,0.0208,0.3515,0.1862
pjxyqxbj817,,0.0097,0.3624,0.1861
pjxyqwbj216,,0.0267,0.3439,0.1853
pjxyqxbj465,,0.0093,0.3609,0.1851
pjxyqxbj439,,0.0146,0.3551,0.1848
pjxuqwbj673,,0.0149,0.354,0.1845
pjxyqxbk657,,0.0091,0.3598,0.1844
pjxyqxbk847,,0.0101,0.3586,0.1843
pjxyqxbk572,,0.0145,0.3536,0.184
pjxyqxbj848,,0.0097,0.3572,0.1835
pjxuqwbj655,,0.0247,0.3398,0.1823
pjxyqxbj049,,0.0154,0.3491,0.1822
pjxyqxbl767,,0.0101,0.3533,0.1817
pjxyqxbk722,,0.0588,0.3027,0.1807
pjxyqxbk835,,0.0097,0.3449,0.1773
pjxyqxbj478,,0.0597,0.2899,0.1748
pjxyqxbk978,,0.0146,0.3346,0.1746
pjxyqxbl989,,0.0162,0.3303,0.1733
pjxyqxbk351,,0.0455,0.2992,0.1724
pjxyqxbj243,0.2268,0.0101,0.2786,0.1719
pjxyqxbl768,,0.0101,0.3329,0.1715
pjxyqwbj998,,0.0263,0.3141,0.1702
pjxyqwbj797,,0.0176,0.3215,0.1695
pjxyqwbk971,0.105,0.089,0.3146,0.1695
pjxyqxbk951,,0.0169,0.3211,0.169
pjxyqxbj640,,0.0145,0.3213,0.1679
pjxyqxbk753,,0.019,0.3139,0.1664
pjxyqxbl895,,0.0301,0.3024,0.1663
pjxyqxbk171,,0.0101,0.322,0.1661
pjxyqxbk454,,0.0243,0.3072,0.1657
pjxyqxbk268,,0.0097,0.3211,0.1654
pjxyqwbj500,0.1088,0.0176,0.3697,0.1654
pjxyqxbk923,0.1,0.0267,0.3688,0.1651
pjxyqxbk053,,0.017,0.3121,0.1646
pjxxztfj972,,0.1645,,0.1645
pjxuqwbj632,,0.0894,0.238,0.1637
pjxyqxbl810,,0.0093,0.3144,0.1619
pjxuqwbj767,,0.0097,0.3131,0.1614
pjxyqxbk246,,0.0144,0.3062,0.1603
pjxyqxbl999,,0.0169,0.3025,0.1597
pjxyqwbj790,0.1088,0.0176,0.3498,0.1587
pjxwzxkj998,,0.012,0.3041,0.1581
pjxwzxfj992,,0.1563,,0.1563
pjxtzxfj982,,0.1559,,0.1559
pjxyqxbj100,,0.0154,0.2963,0.1559
pjxuqwbj644,0.1928,0.0147,0.2598,0.1557
pjxyqwbj925,,0.0409,0.2699,0.1554
pjxyqxbk100,,0.1543,,0.1543
pjxuqwbj551,0.2548,0.0181,0.1837,0.1522
pjxyqxbk204,,0.0287,0.2737,0.1512
pjxyqxbj165,,0.0093,0.2874,0.1484
pjxyqxbk007,,0.0097,0.2845,0.1471
pjxyqxbk759,,0.0194,0.2722,0.1458
pjxyqxbk533,,0.012,0.2784,0.1452
pjxyqxbk239,,0.0275,0.262,0.1447
pjxqzxbj971,,0.0447,0.2437,0.1442
pjxyqwbj155,,0.0406,0.2351,0.1379
pjxyqxbk428,,0.0097,0.2593,0.1345
pjxyqwbk608,0.0398,0.0275,0.3228,0.13
pjxwxxbj953,,0.0548,0.2041,0.1295
pjwtqxbj972,0.0669,0.0423,0.2605,0.1232
pjxyqxbj001,,0.032,0.1948,0.1134
pjxsqxbj939,,0.025,0.185,0.105
pjxxztfj988,,0.0926,,0.0926
pjxsqxbj758,,0.0115,0.1351,0.0733
pjxwzxfj987,,0.0634,,0.0634
pjvyzvfj974,,0.0554,,0.0554
pjvyzvfj977,,0.0544,,0.0544
pjxwzxfj983,,0.0538,,0.0538
pjvyzvfj994,,0.0522,,0.0522
pjvyzvfj998,,0.0522,,0.0522
pjxtzxfj978,,0.038,,0.038
pjxvztfj980,,0.0365,,0.0365
pjxvztfj976,,0.0362,,0.0362
pjxvztfj974,,0.033,,0.033
pjvyzvfj989,,0.0328,,0.0328
pjxvztfj977,,0.0216,,0.0216
pjxvzrfj997,,0.0214,,0.0214
pjxvztfj985,,0.0174,,0.0174
pjxvztfj990,,0.0174,,0.0174
pjxvztfj991,,0.0174,,0.0174
pjxvztfj992,,0.0174,,0.0174
pjxuzsfj995,,0.0101,,0.0101
pjxwzxfj984,,0.0101,,0.0101
pjxxztfj995,,0.0101,,0.0101
pjxxztfj997,,0.0101,,0.0101
pjxtzxfj983,,0.0097,,0.0097
pjxtzxfj986,,0.0097,,0.0097
pjxuzsfj977,,0.0097,,0.0097
pjxuzsfj978,,0.0097,,0.0097
pjxuzsfj980,,0.0097,,0.0097
pjxuzsfj981,,0.0097,,0.0097
pjxuzsfj983,,0.0097,,0.0097
pjxuzsfj984,,0.0097,,0.0097
pjxuzsfj988,,0.0097,,0.0097
pjxwzxfj975,,0.0097,,0.0097
pjxwzxfj977,,0.0097,,0.0097
pjxwzxfj981,,0.0097,,0.0097
pjxwzxfj993,,0.0097,,0.0097
pjxxztfj975,,0.0097,,0.0097
pjxxztfj982,,0.0097,,0.0097
pjxxztfj986,,0.0097,,0.0097
pjxxztfj991,,0.0097,,0.0097
pjxxztfj992,,0.0097,,0.0097
pjxvzrfj975,,0.007,,0.007
pjxvzxfj970,,0.007,,0.007
pjxwzxfj994,,0.0058,,0.0058
pjxvztfj994,,0.0056,,0.0056
pjxvzrfj981,,0.0045,,0.0045
pjxvzxfj980,,0.0045,,0.0045
pjxvzxfj972,,0.0044,,0.0044
pjxvzxfj998,,0.0044,,0.0044
pjxvzxfj982,,0.0043,,0.0043
pjxvzxfj988,,0.0043,,0.0043
pjxvzxfj987,,0.0042,,0.0042
pjxvzrfj978,,0.0041,,0.0041
