student_id,XB,MZMC,ZZMMMC,JG,XSM,ZYM,internet_early_sum,internet_early_mean,internet_early_volatility,internet_early_trend,internet_early_continuity,internet_early_deviation,internet_early_cv,club_early_sum,club_early_mean,club_early_volatility,club_early_trend,club_early_continuity,club_early_deviation,club_early_cv,library_early_sum,library_early_mean,library_early_volatility,library_early_trend,library_early_continuity,library_early_deviation,library_early_cv,gate_early_sum,gate_early_mean,gate_early_volatility,gate_early_trend,gate_early_continuity,gate_early_deviation,gate_early_cv,library_early_late_ratio,library_early_weekend_ratio,library_early_hour_mean,gate_early_late_ratio,gate_early_weekend_ratio,gate_early_hour_mean,internet_library_interaction,late_gate_internet_interaction,club_library_balance,behavior_rhythm_gap,late_internet_mean,late_club_mean,late_library_mean,late_gate_mean,late_gate_ratio,clean_label_score,life_label_clean,life_instability_future_v1,life_instability_future_v2,life_instability_future_v3,data_split
pjxyqxbj340,男,汉族,共青团员,140000,通信工程学院,通信工程,0.0,0.0,0.0,0.0,0.0,0.0,0.0,14.0,0.4375,1.2975337182516684,-0.039222873900293255,0.125,-0.45161290322580644,2.9657913560038134,0.0,0.0,0.0,0.0,0.0,0.0,0.0,0.0,0.0,0.0,0.0,0.0,0.0,0.0,0.0,0.0,0.0,0.0,0.0,0.0,0.0,0.0,0.4375,0.0,0.0,0.0,0.0,0.5,0.0,0.507,0,0,0,0,holdout
pjxsqxbj856,女,汉族,共青团员,620000,经济与管理学院,信息管理与信息系统,0.0,0.0,0.0,0.0,0.0,0.0,0.0,16.0,0.5,2.449489742783178,-0.054252199413489695,0.0625,-0.5161290322580645,4.898979485566356,0.0,0.0,0.0,0.0,0.0,0.0,0.0,0.0,0.0,0.0,0.0,0.0,0.0,0.0,0.0,0.0,0.0,0.0,0.0,0.0,0.0,0.0,0.5,0.0,0.0,0.0,0.0,0.0,0.0,0.507,1,1,0,0,holdout
pjxyqxbk706,男,汉族,共青团员,430000,电子工程学院,电子信息工程,0.0,0.0,0.0,0.0,0.0,0.0,0.0,2.0,0.0625,0.34798527267687634,0.0010997067448680353,0.03125,-0.06451612903225806,5.5677643628300215,0.0,0.0,0.0,0.0,0.0,0.0,0.0,0.0,0.0,0.0,0.0,0.0,0.0,0.0,0.0,0.0,0.0,0.0,0.0,0.0,0.0,0.0,0.0625,0.0,0.0,0.0,0.0,0.1875,0.0,0.507,0,0,0,0,holdout
pjxqqxbj982,女,汉族,共青团员,140000,人文学院,汉语言文学,0.0,0.0,0.0,0.0,0.0,0.0,0.0,12.0,0.375,1.4523687548277813,-0.03299120234604105,0.09375,-0.3870967741935484,3.8729833462074166,342.0,10.6875,12.032345729324769,0.13782991202346037,0.75,-3.806451612903226,1.1258335185333117,0.0,0.0,0.0,0.0,0.0,0.0,0.0,0.0,0.19883040935672514,12.160818713450292,0.0,0.0,0.0,0.0,0.0,-10.3125,-0.19883040935672514,0.0,0.0,2.90625,0.0,0.0,0.40684,0,0,0,0,holdout
pjxuqwbj619,女,汉族,共青团员,520000,机电工程学院,电气工程及其自动化,0.0,0.0,0.0,0.0,0.0,0.0,0.0,8.0,0.25,0.82915619758885,-0.02492668621700879,0.09375,-0.25806451612903225,3.3166247903554,0.0,0.0,0.0,0.0,0.0,0.0,0.0,0.0,0.0,0.0,0.0,0.0,0.0,0.0,0.0,0.0,0.0,0.0,0.0,0.0,0.0,0.0,0.25,0.0,0.0,0.0,0.0,0.0,0.0,0.507,1,1,0,0,holdout
pjxyqwbj923,男,汉族,共青团员,320000,计算机科学与技术学院,计算机科学与技术,0.0,0.0,0.0,0.0,0.0,0.0,0.0,0.0,0.0,0.0,0.0,0.0,0.0,0.0,0.0,0.0,0.0,0.0,0.0,0.0,0.0,0.0,0.0,0.0,0.0,0.0,0.0,0.0,0.0,0.0,0.0,0.0,0.0,0.0,0.0,0.0,0.0,0.0,0.0,0.0,0.0,0.0,0.0,0.507,0,0,0,0,holdout
pjxyqwbj935,男,汉族,共青团员,320000,计算机科学与技术学院,数据科学与大数据技术,0.0,0.0,0.0,0.0,0.0,0.0,0.0,4.0,0.125,0.4841229182759271,-0.005131964809384161,0.0625,-0.12903225806451613,3.872983346207417,0.0,0.0,0.0,0.0,0.0,0.0,0.0,0.0,0.0,0.0,0.0,0.0,0.0,0.0,0.0,0.0,0.0,0.0,0.0,0.0,0.0,0.0,0.125,0.0,0.0,0.0,0.0,0.0,0.0,0.507,0,0,0,0,holdout
pjxyqwbk802,男,汉族,共青团员,610000,计算机科学与技术学院,软件工程,0.0,0.0,0.0,0.0,0.0,0.0,0.0,2.0,0.0625,0.34798527267687634,-0.0054985337243401745,0.03125,-0.06451612903225806,5.5677643628300215,0.0,0.0,0.0,0.0,0.0,0.0,0.0,0.0,0.0,0.0,0.0,0.0,0.0,0.0,0.0,0.0,0.0,0.0,0.0,0.0,0.0,0.0,0.0625,0.0,0.0,0.0,0.0,0.0,0.0,0.507,0,0,0,0,holdout
pjxyqwbj865,男,汉族,群众,130000,计算机科学与技术学院,软件工程,0.0,0.0,0.0,0.0,0.0,0.0,0.0,20.0,0.625,2.315032397181517,-0.06524926686217007,0.09375,-0.6451612903225806,3.7040518354904273,0.0,0.0,0.0,0.0,0.0,0.0,0.0,0.0,0.0,0.0,0.0,0.0,0.0,0.0,0.0,0.0,0.0,0.0,0.0,0.0,0.0,0.0,0.625,0.0,0.0,0.0,0.0,0.0,0.0,0.507,0,0,0,0,holdout
pjxyqxbl904,男,汉族,共青团员,610000,微电子学院,微电子科学与工程,0.0,0.0,0.0,0.0,0.0,0.0,0.0,10.0,0.3125,1.2358574958303243,-0.0252932551319648,0.0625,-0.3225806451612903,3.954743986657038,0.0,0.0,0.0,0.0,0.0,0.0,0.0,0.0,0.0,0.0,0.0,0.0,0.0,0.0,0.0,0.0,0.0,0.0,0.0,0.0,0.0,0.0,0.3125,0.0,0.0,0.0,0.0,0.28125,0.0,0.507,0,0,0,0,holdout
pjxyqwbj910,男,汉族,共青团员,320000,计算机科学与技术学院,计算机科学与技术,0.0,0.0,0.0,0.0,0.0,0.0,0.0,0.0,0.0,0.0,0.0,0.0,0.0,0.0,218.0,6.8125,8.098755691462733,-0.40029325513196495,0.6875,-2.903225806451613,1.1888081748936121,0.0,0.0,0.0,0.0,0.0,0.0,0.0,0.0,0.21100917431192662,14.197247706422019,0.0,0.0,0.0,0.0,0.0,-6.8125,-0.21100917431192662,0.0,0.0,0.25,0.09375,0.0,0.42367999999999995,0,0,0,0,holdout
pjxuqwbj976,女,壮族,共青团员,450000,机电工程学院,测控技术与仪器,0.0,0.0,0.0,0.0,0.0,0.0,0.0,8.0,0.25,1.0897247358851685,-0.019794721407624637,0.0625,-0.25806451612903225,4.358898943540674,0.0,0.0,0.0,0.0,0.0,0.0,0.0,0.0,0.0,0.0,0.0,0.0,0.0,0.0,0.0,0.0,0.0,0.0,0.0,0.0,0.0,0.0,0.25,0.0,0.0,0.0,0.0,0.09375,0.0,0.507,1,1,0,0,holdout
pjxyqxbk594,男,汉族,共青团员,620000,光电工程学院,电子科学与技术,0.0,0.0,0.0,0.0,0.0,0.0,0.0,2.0,0.0625,0.34798527267687634,-0.00476539589442815,0.03125,-0.06451612903225806,5.5677643628300215,0.0,0.0,0.0,0.0,0.0,0.0,0.0,0.0,0.0,0.0,0.0,0.0,0.0,0.0,0.0,0.0,0.0,0.0,0.0,0.0,0.0,0.0,0.0625,0.0,0.0,0.0,0.0,0.03125,0.0,0.507,0,0,0,0,holdout
pjxwzxfj991,男,壮族,共青团员,450000,电子工程学院,电子信息工程（第二学士学位）,0.0,0.0,0.0,0.0,0.0,0.0,0.0,0.0,0.0,0.0,0.0,0.0,0.0,0.0,0.0,0.0,0.0,0.0,0.0,0.0,0.0,0.0,0.0,0.0,0.0,0.0,0.0,0.0,0.0,0.0,0.0,0.0,0.0,0.0,0.0,0.0,0.0,0.0,0.0,0.0,0.0,0.0,0.0,0.507,0,0,0,0,holdout
pjxyqwbj384,男,汉族,共青团员,340000,计算机科学与技术学院,计算机科学与技术,0.0,0.0,0.0,0.0,0.0,0.0,0.0,4.0,0.125,0.4841229182759271,-0.013196480938416421,0.0625,-0.12903225806451613,3.872983346207417,0.0,0.0,0.0,0.0,0.0,0.0,0.0,0.0,0.0,0.0,0.0,0.0,0.0,0.0,0.0,0.0,0.0,0.0,0.0,0.0,0.0,0.0,0.125,0.0,0.0,0.0,0.0,0.0,0.0,0.507,0,0,0,0,holdout
pjxyqxbj086,男,汉族,共青团员,530000,微电子学院,微电子科学与工程,0.0,0.0,0.0,0.0,0.0,0.0,0.0,0.0,0.0,0.0,0.0,0.0,0.0,0.0,0.0,0.0,0.0,0.0,0.0,0.0,0.0,0.0,0.0,0.0,0.0,0.0,0.0,0.0,0.0,0.0,0.0,0.0,0.0,0.0,0.0,0.0,0.0,0.0,0.0,0.0,0.0,0.0,0.0,0.507,0,0,0,0,holdout
pjxyqxbl911,女,汉族,共青团员,610000,微电子学院,集成电路设计与集成系统,0.0,0.0,0.0,0.0,0.0,0.0,0.0,20.0,0.625,2.027159342528357,-0.047653958944281524,0.125,-0.6451612903225806,3.243454948045371,0.0,0.0,0.0,0.0,0.0,0.0,0.0,0.0,0.0,0.0,0.0,0.0,0.0,0.0,0.0,0.0,0.0,0.0,0.0,0.0,0.0,0.0,0.625,0.0,0.0,0.0,0.0,0.0,0.0,0.507,0,0,0,0,holdout
pjxyqwbj732,男,汉族,共青团员,410000,计算机科学与技术学院,计算机科学与技术,0.0,0.0,0.0,0.0,0.0,0.0,0.0,14.0,0.4375,1.2975337182516684,-0.02895894428152493,0.125,-0.45161290322580644,2.9657913560038134,375.0,11.71875,12.306589634724155,-0.43236803519061573,0.84375,-4.870967741935484,1.0501623154964612,0.0,0.0,0.0,0.0,0.0,0.0,0.0,0.0,0.20266666666666666,13.130666666666666,0.0,0.0,0.0,0.0,0.0,-11.28125,-0.20266666666666666,0.0,0.0,0.84375,0.0,0.0,0.41759999999999997,0,0,0,0,holdout
pjxyqxbk534,女,汉族,共青团员,130000,通信工程学院,通信工程,0.0,0.0,0.0,0.0,0.0,0.0,0.0,6.0,0.1875,0.7680128579652817,-0.019428152492668615,0.0625,-0.1935483870967742,4.096068575814836,641.0,20.03125,22.809653075781316,1.007881231671554,0.71875,17.516129032258064,1.1387034296801906,0.0,0.0,0.0,0.0,0.0,0.0,0.0,0.0,0.2917316692667707,14.695787831513261,0.0,0.0,0.0,0.0,0.0,-19.84375,-0.2917316692667707,0.0,0.0,4.71875,0.0,0.0,0.40152,0,0,0,0,holdout
pjxyqwbj358,男,汉族,共青团员,340000,网络与信息安全学院,网络空间安全,0.0,0.0,0.0,0.0,0.0,0.0,0.0,8.0,0.25,0.82915619758885,-0.01759530791788855,0.09375,-0.25806451612903225,3.3166247903554,85.0,2.65625,7.427185600043936,0.22232404692082108,0.25,26.161290322580644,2.7961169317812464,0.0,0.0,0.0,0.0,0.0,0.0,0.0,0.0,0.21176470588235294,15.011764705882353,0.0,0.0,0.0,0.0,0.0,-2.40625,-0.21176470588235294,0.0,0.0,7.9375,0.0,0.0,0.39547999999999994,0,0,0,0,holdout
pjxyqxbj285,女,汉族,共青团员,140000,通信工程学院,通信工程,0.0,0.0,0.0,0.0,0.0,0.0,0.0,18.0,0.5625,2.1928505991061042,-0.05388563049853373,0.0625,-0.5806451612903226,3.8984010650775187,0.0,0.0,0.0,0.0,0.0,0.0,0.0,0.0,0.0,0.0,0.0,0.0,0.0,0.0,0.0,0.0,0.0,0.0,0.0,0.0,0.0,0.0,0.5625,0.0,0.0,0.0,0.0,0.0625,0.0,0.507,0,0,0,0,holdout
pjxyqxbk046,男,汉族,群众,610000,物理学院,应用物理学,0.0,0.0,0.0,0.0,0.0,0.0,0.0,0.0,0.0,0.0,0.0,0.0,0.0,0.0,0.0,0.0,0.0,0.0,0.0,0.0,0.0,0.0,0.0,0.0,0.0,0.0,0.0,0.0,0.0,0.0,0.0,0.0,0.0,0.0,0.0,0.0,0.0,0.0,0.0,0.0,0.0,0.0,0.0,0.507,0,0,0,0,holdout
pjxuqwbj988,男,汉族,共青团员,410000,机电工程学院,测控技术与仪器,0.0,0.0,0.0,0.0,0.0,0.0,0.0,6.0,0.1875,0.7680128579652817,-0.019428152492668615,0.0625,-0.1935483870967742,4.096068575814836,227.0,7.09375,9.612359800668097,0.2545821114369501,0.6875,1.967741935483871,1.3550463155126833,0.0,0.0,0.0,0.0,0.0,0.0,0.0,0.0,0.2687224669603524,14.449339207048459,0.0,0.0,0.0,0.0,0.0,-6.90625,-0.2687224669603524,0.0,0.0,1.875,0.03125,0.0,0.41115999999999997,0,0,0,0,holdout
pjxyqwbk955,男,汉族,共青团员,610000,网络与信息安全学院,网络空间安全,0.0,0.0,0.0,0.0,0.0,0.0,0.0,4.0,0.125,0.4841229182759271,-0.012463343108504395,0.0625,-0.12903225806451613,3.872983346207417,0.0,0.0,0.0,0.0,0.0,0.0,0.0,0.0,0.0,0.0,0.0,0.0,0.0,0.0,0.0,0.0,0.0,0.0,0.0,0.0,0.0,0.0,0.125,0.0,0.0,0.0,0.0,0.34375,0.2727272727272727,0.66054,1,1,0,0,holdout
pjxrqxbj894,女,汉族,共青团员,130000,数学与统计学院,信息与计算科学,0.0,0.0,0.0,0.0,0.0,0.0,0.0,24.0,0.75,2.48746859276655,-0.04765395894428151,0.125,-0.7741935483870968,3.3166247903554,0.0,0.0,0.0,0.0,0.0,0.0,0.0,0.0,0.0,0.0,0.0,0.0,0.0,0.0,0.0,0.0,0.0,0.0,0.0,0.0,0.0,0.0,0.75,0.0,0.0,0.0,0.0,0.0,0.0,0.507,1,1,0,0,holdout
pjxuqwbj854,男,壮族,共青团员,450000,机电工程学院,电子封装技术,0.0,0.0,0.0,0.0,0.0,0.0,0.0,4.0,0.125,0.6959705453537527,-0.01392961876832845,0.03125,-0.12903225806451613,5.5677643628300215,89.0,2.78125,5.588684857593958,-0.3315615835777124,0.53125,0.22580645161290303,2.009414780258502,0.0,0.0,0.0,0.0,0.0,0.0,0.0,0.0,0.38202247191011235,13.820224719101123,0.0,0.0,0.0,0.0,0.0,-2.65625,-0.38202247191011235,0.0,0.0,2.875,0.21875,0.0,0.40691999999999995,0,0,0,0,holdout
pjxyqwbk967,男,汉族,共青团员,410000,人工智能学院,人工智能,0.0,0.0,0.0,0.0,0.0,0.0,0.0,4.0,0.125,0.4841229182759271,-0.013196480938416421,0.0625,-0.12903225806451613,3.872983346207417,0.0,0.0,0.0,0.0,0.0,0.0,0.0,0.0,0.0,0.0,0.0,0.0,0.0,0.0,0.0,0.0,0.0,0.0,0.0,0.0,0.0,0.0,0.125,0.0,0.0,0.0,0.0,0.0,0.0,0.507,0,0,0,0,holdout
pjxyqwbk922,男,汉族,共青团员,610000,计算机科学与技术学院,软件工程,0.0,0.0,0.0,0.0,0.0,0.0,0.0,6.0,0.1875,0.7680128579652817,-0.019428152492668622,0.0625,-0.1935483870967742,4.096068575814836,230.0,7.1875,8.106469253010216,-0.3086510263929618,0.65625,22.516129032258064,1.1278565917231604,0.0,0.0,0.0,0.0,0.0,0.0,0.0,0.0,0.29130434782608694,15.460869565217392,0.0,0.0,0.0,0.0,0.0,-7.0,-0.29130434782608694,0.0,0.0,4.21875,0.15625,0.0,0.40284,0,0,0,0,holdout
pjxyqxbl957,男,汉族,共青团员,610000,微电子学院,微电子科学与工程,0.0,0.0,0.0,0.0,0.0,0.0,0.0,12.0,0.375,1.165922381636102,-0.035923753665689145,0.09375,-0.3870967741935484,3.109126351029605,0.0,0.0,0.0,0.0,0.0,0.0,0.0,0.0,0.0,0.0,0.0,0.0,0.0,0.0,0.0,0.0,0.0,0.0,0.0,0.0,0.0,0.0,0.375,0.0,0.0,0.0,0.0,0.59375,0.0,0.507,0,0,0,0,holdout
pjxyqwbj397,男,汉族,共青团员,370000,网络与信息安全学院,网络空间安全,0.0,0.0,0.0,0.0,0.0,0.0,0.0,4.0,0.125,0.6959705453537527,-0.012463343108504396,0.03125,-0.12903225806451613,5.5677643628300215,0.0,0.0,0.0,0.0,0.0,0.0,0.0,0.0,0.0,0.0,0.0,0.0,0.0,0.0,0.0,0.0,0.0,0.0,0.0,0.0,0.0,0.0,0.125,0.0,0.0,0.0,0.0,0.0,0.0,0.507,0,0,0,0,holdout
pjxyqwbj126,男,汉族,共青团员,130000,网络与信息安全学院,网络工程,0.0,0.0,0.0,0.0,0.0,0.0,0.0,8.0,0.25,1.0897247358851685,-0.02565982404692082,0.0625,-0.25806451612903225,4.358898943540674,0.0,0.0,0.0,0.0,0.0,0.0,0.0,0.0,0.0,0.0,0.0,0.0,0.0,0.0,0.0,0.0,0.0,0.0,0.0,0.0,0.0,0.0,0.25,0.0,0.0,0.0,0.0,0.25,0.0,0.507,0,0,0,0,holdout
pjxyqwbj853,女,汉族,共青团员,110000,人工智能学院,智能科学与技术,0.0,0.0,0.0,0.0,0.0,0.0,0.0,2.0,0.0625,0.34798527267687634,-0.006964809384164225,0.03125,-0.06451612903225806,5.5677643628300215,0.0,0.0,0.0,0.0,0.0,0.0,0.0,0.0,0.0,0.0,0.0,0.0,0.0,0.0,0.0,0.0,0.0,0.0,0.0,0.0,0.0,0.0,0.0625,0.0,0.0,0.0,0.0,0.0,0.0,0.507,0,0,0,0,holdout
pjxyqxbl963,男,汉族,群众,610000,通信工程学院,通信工程,0.0,0.0,0.0,0.0,0.0,0.0,0.0,2.0,0.0625,0.34798527267687634,-0.006964809384164225,0.03125,-0.06451612903225806,5.5677643628300215,0.0,0.0,0.0,0.0,0.0,0.0,0.0,0.0,0.0,0.0,0.0,0.0,0.0,0.0,0.0,0.0,0.0,0.0,0.0,0.0,0.0,0.0,0.0625,0.0,0.0,0.0,0.0,0.40625,0.0,0.507,0,0,0,0,holdout
pjxuqwbj763,男,汉族,共青团员,640000,机电工程学院,电气工程及其自动化,0.0,0.0,0.0,0.0,0.0,0.0,0.0,2.0,0.0625,0.34798527267687634,-0.006964809384164225,0.03125,-0.06451612903225806,5.5677643628300215,0.0,0.0,0.0,0.0,0.0,0.0,0.0,0.0,0.0,0.0,0.0,0.0,0.0,0.0,0.0,0.0,0.0,0.0,0.0,0.0,0.0,0.0,0.0625,0.0,0.0,0.0,0.0,0.0,0.0,0.507,1,1,0,0,holdout
pjxyqxbk685,女,汉族,共青团员,430000,电子工程学院,电子信息工程,0.0,0.0,0.0,0.0,0.0,0.0,0.0,0.0,0.0,0.0,0.0,0.0,0.0,0.0,0.0,0.0,0.0,0.0,0.0,0.0,0.0,0.0,0.0,0.0,0.0,0.0,0.0,0.0,0.0,0.0,0.0,0.0,0.0,0.0,0.0,0.0,0.0,0.0,0.0,0.0,0.0,0.0,0.0,0.507,0,0,0,0,holdout
pjxyqxbk869,男,汉族,共青团员,340000,通信工程学院,通信工程,0.0,0.0,0.0,0.0,0.0,0.0,0.0,0.0,0.0,0.0,0.0,0.0,0.0,0.0,0.0,0.0,0.0,0.0,0.0,0.0,0.0,0.0,0.0,0.0,0.0,0.0,0.0,0.0,0.0,0.0,0.0,0.0,0.0,0.0,0.0,0.0,0.0,0.0,0.0,0.0,0.0,0.0625,0.0,0.507,0,0,0,0,holdout
pjxyqxbk167,男,汉族,共青团员,410000,微电子学院,微电子科学与工程,0.0,0.0,0.0,0.0,0.0,0.0,0.0,6.0,0.1875,1.0439558180306292,-0.016495601173020524,0.03125,-0.1935483870967742,5.567764362830022,0.0,0.0,0.0,0.0,0.0,0.0,0.0,0.0,0.0,0.0,0.0,0.0,0.0,0.0,0.0,0.0,0.0,0.0,0.0,0.0,0.0,0.0,0.1875,0.0,0.0,0.0,0.0,0.15625,0.0,0.507,0,0,0,0,holdout
pjxpqxbj963,女,汉族,共青团员,140000,外国语学院,英语,0.0,0.0,0.0,0.0,0.0,0.0,0.0,8.0,0.25,0.82915619758885,-0.009530791788856305,0.09375,-0.25806451612903225,3.3166247903554,0.0,0.0,0.0,0.0,0.0,0.0,0.0,0.0,0.0,0.0,0.0,0.0,0.0,0.0,0.0,0.0,0.0,0.0,0.0,0.0,0.0,0.0,0.25,0.0,0.0,0.0,0.0,0.0,0.0,0.507,1,1,0,0,holdout
pjxyqwbk652,男,汉族,共青团员,610000,计算机科学与技术学院,软件工程,0.0,0.0,0.0,0.0,0.0,0.0,0.0,2.0,0.0625,0.34798527267687634,-0.006964809384164225,0.03125,-0.06451612903225806,5.5677643628300215,0.0,0.0,0.0,0.0,0.0,0.0,0.0,0.0,0.0,0.0,0.0,0.0,0.0,0.0,0.0,0.0,0.0,0.0,0.0,0.0,0.0,0.0,0.0625,0.0,0.0,0.0,0.0,0.03125,0.0,0.507,0,0,0,0,holdout
pjxyqxbk135,女,汉族,共青团员,610000,电子工程学院,电磁场与无线技术,0.0,0.0,0.0,0.0,0.0,0.0,0.0,0.0,0.0,0.0,0.0,0.0,0.0,0.0,0.0,0.0,0.0,0.0,0.0,0.0,0.0,0.0,0.0,0.0,0.0,0.0,0.0,0.0,0.0,0.0,0.0,0.0,0.0,0.0,0.0,0.0,0.0,0.0,0.0,0.0,0.0,0.0,0.0,0.507,0,0,0,0,holdout
pjxyqxbk039,男,汉族,共青团员,610000,光电工程学院,电子科学与技术,0.0,0.0,0.0,0.0,0.0,0.0,0.0,6.0,0.1875,0.7680128579652817,-0.01796187683284457,0.0625,-0.1935483870967742,4.096068575814836,0.0,0.0,0.0,0.0,0.0,0.0,0.0,0.0,0.0,0.0,0.0,0.0,0.0,0.0,0.0,0.0,0.0,0.0,0.0,0.0,0.0,0.0,0.1875,0.0,0.0,0.0,0.0,0.09375,0.0,0.507,0,0,0,0,holdout
pjxsqxbj751,女,藏族,共青团员,540000,经济与管理学院,市场营销,0.0,0.0,0.0,0.0,0.0,0.0,0.0,4.0,0.125,0.6959705453537527,-0.01392961876832845,0.03125,-0.12903225806451613,5.5677643628300215,0.0,0.0,0.0,0.0,0.0,0.0,0.0,0.0,0.0,0.0,0.0,0.0,0.0,0.0,0.0,0.0,0.0,0.0,0.0,0.0,0.0,0.0,0.125,0.0,0.0,0.0,0.0,0.0,0.0,0.507,1,1,0,0,holdout
pjxyqxbj609,男,汉族,共青团员,450000,通信工程学院,通信工程,0.0,0.0,0.0,0.0,0.0,0.0,0.0,0.0,0.0,0.0,0.0,0.0,0.0,0.0,0.0,0.0,0.0,0.0,0.0,0.0,0.0,0.0,0.0,0.0,0.0,0.0,0.0,0.0,0.0,0.0,0.0,0.0,0.0,0.0,0.0,0.0,0.0,0.0,0.0,0.0,0.0,0.0,0.0,0.507,0,0,0,0,holdout
pjxyqxbk220,男,汉族,共青团员,610000,电子工程学院,电子信息工程,0.0,0.0,0.0,0.0,0.0,0.0,0.0,8.0,0.25,1.0897247358851685,-0.021260997067448675,0.0625,-0.25806451612903225,4.358898943540674,0.0,0.0,0.0,0.0,0.0,0.0,0.0,0.0,0.0,0.0,0.0,0.0,0.0,0.0,0.0,0.0,0.0,0.0,0.0,0.0,0.0,0.0,0.25,0.0,0.0,0.0,0.0,0.0,0.0,0.507,0,0,0,0,holdout
pjxsqxbj954,男,汉族,群众,340000,计算机科学与技术学院,计算机科学与技术,0.0,0.0,0.0,0.0,0.0,0.0,0.0,4.0,0.125,0.4841229182759271,-0.011730205278592375,0.0625,-0.12903225806451613,3.872983346207417,0.0,0.0,0.0,0.0,0.0,0.0,0.0,0.0,0.0,0.0,0.0,0.0,0.0,0.0,0.0,0.0,0.0,0.0,0.0,0.0,0.0,0.0,0.125,0.0,0.0,0.0,0.0,0.0,0.0,0.507,1,1,0,0,holdout
pjxuqwbj933,男,汉族,共青团员,530000,机电工程学院,机械设计制造及其自动化,0.0,0.0,0.0,0.0,0.0,0.0,0.0,8.0,0.25,0.82915619758885,-0.022727272727272724,0.09375,-0.25806451612903225,3.3166247903554,0.0,0.0,0.0,0.0,0.0,0.0,0.0,0.0,0.0,0.0,0.0,0.0,0.0,0.0,0.0,0.0,0.0,0.0,0.0,0.0,0.0,0.0,0.25,0.0,0.0,0.0,0.0,0.0,0.0,0.507,1,1,0,0,holdout
pjxyqwbj388,男,汉族,共青团员,370000,计算机科学与技术学院,计算机科学与技术,0.0,0.0,0.0,0.0,0.0,0.0,0.0,6.0,0.1875,0.7680128579652817,-0.019428152492668622,0.0625,-0.1935483870967742,4.096068575814836,0.0,0.0,0.0,0.0,0.0,0.0,0.0,0.0,0.0,0.0,0.0,0.0,0.0,0.0,0.0,0.0,0.0,0.0,0.0,0.0,0.0,0.0,0.1875,0.0,0.0,0.0,0.0,0.0,0.0,0.507,0,0,0,0,holdout
pjwrqxbj901,男,汉族,共青团员,620000,先进材料与纳米科技学院,应用化学,0.0,0.0,0.0,0.0,0.0,0.0,0.0,2.0,0.0625,0.34798527267687634,-0.0054985337243401745,0.03125,-0.06451612903225806,5.5677643628300215,0.0,0.0,0.0,0.0,0.0,0.0,0.0,0.0,0.0,0.0,0.0,0.0,0.0,0.0,0.0,0.0,0.0,0.0,0.0,0.0,0.0,0.0,0.0625,0.0,0.0,0.0,0.0,0.0,0.0,0.507,1,1,0,0,holdout
pjxyqwbk740,男,汉族,共青团员,610000,计算机科学与技术学院,计算机科学与技术,0.0,0.0,0.0,0.0,0.0,0.0,0.0,2.0,0.0625,0.34798527267687634,-0.006964809384164225,0.03125,-0.06451612903225806,5.5677643628300215,0.0,0.0,0.0,0.0,0.0,0.0,0.0,0.0,0.0,0.0,0.0,0.0,0.0,0.0,0.0,0.0,0.0,0.0,0.0,0.0,0.0,0.0,0.0625,0.0,0.0,0.0,0.0,0.0,0.0,0.507,0,0,0,0,holdout
pjxyqxbj964,女,汉族,共青团员,230000,光电工程学院,电子科学与技术,0.0,0.0,0.0,0.0,0.0,0.0,0.0,4.0,0.125,0.4841229182759271,-0.011730205278592375,0.0625,-0.12903225806451613,3.872983346207417,0.0,0.0,0.0,0.0,0.0,0.0,0.0,0.0,0.0,0.0,0.0,0.0,0.0,0.0,0.0,0.0,0.0,0.0,0.0,0.0,0.0,0.0,0.125,0.0,0.0,0.0,0.0,0.0,0.0,0.507,0,0,0,0,holdout
pjwtqxbj979,男,汉族,共青团员,410000,生命科学技术学院,生物医学工程,0.0,0.0,0.0,0.0,0.0,0.0,0.0,2.0,0.0625,0.34798527267687634,-0.006964809384164225,0.03125,-0.06451612903225806,5.5677643628300215,214.0,6.6875,10.023215240131282,0.3295454545454544,0.5625,22.0,1.4987985405803788,0.0,0.0,0.0,0.0,0.0,0.0,0.0,0.0,0.4392523364485981,10.771028037383177,0.0,0.0,0.0,0.0,0.0,-6.625,-0.4392523364485981,0.0,0.0,11.6875,0.0,0.0,0.39096,0,0,0,0,holdout
pjxyqxbl735,男,汉族,共青团员,320000,电子工程学院,电子信息工程,0.0,0.0,0.0,0.0,0.0,0.0,0.0,20.0,0.625,1.7633419974582356,-0.06085043988269791,0.125,-0.6451612903225806,2.821347195933177,0.0,0.0,0.0,0.0,0.0,0.0,0.0,0.0,0.0,0.0,0.0,0.0,0.0,0.0,0.0,0.0,0.0,0.0,0.0,0.0,0.0,0.0,0.625,0.0,0.0,0.0,0.0,3.25,0.16346153846153846,0.6557999999999999,1,1,0,0,holdout
pjwrqxbj967,男,汉族,共青团员,410000,先进材料与纳米科技学院,材料科学与工程,0.0,0.0,0.0,0.0,0.0,0.0,0.0,10.0,0.3125,1.2358574958303243,-0.02602639296187682,0.0625,-0.3225806451612903,3.954743986657038,0.0,0.0,0.0,0.0,0.0,0.0,0.0,0.0,0.0,0.0,0.0,0.0,0.0,0.0,0.0,0.0,0.0,0.0,0.0,0.0,0.0,0.0,0.3125,0.0,0.0,0.0,0.0,0.0,0.0,0.507,1,1,0,0,holdout
pjxyqwbk864,男,汉族,共青团员,610000,计算机科学与技术学院,软件工程,0.0,0.0,0.0,0.0,0.0,0.0,0.0,0.0,0.0,0.0,0.0,0.0,0.0,0.0,0.0,0.0,0.0,0.0,0.0,0.0,0.0,0.0,0.0,0.0,0.0,0.0,0.0,0.0,0.0,0.0,0.0,0.0,0.0,0.0,0.0,0.0,0.0,0.0,0.0,0.0,0.0,0.03125,0.0,0.507,0,0,0,0,holdout
pjxrqxbj994,女,汉族,共青团员,320000,数学与统计学院,统计学,0.0,0.0,0.0,0.0,0.0,0.0,0.0,26.0,0.8125,2.591301555203485,-0.06854838709677419,0.15625,-0.8387096774193549,3.189294221788905,0.0,0.0,0.0,0.0,0.0,0.0,0.0,0.0,0.0,0.0,0.0,0.0,0.0,0.0,0.0,0.0,0.0,0.0,0.0,0.0,0.0,0.0,0.8125,0.0,0.0,0.0,0.0,0.0,0.0,0.507,1,1,0,0,holdout
pjxsqxbj905,女,汉族,共青团员,410000,经济与管理学院,大数据管理与应用,0.0,0.0,0.0,0.0,0.0,0.0,0.0,10.0,0.3125,1.7399263633843818,-0.034824046920821104,0.03125,-0.3225806451612903,5.5677643628300215,236.0,7.375,11.35988006098656,0.03115835777126104,0.53125,31.612903225806452,1.5403227201337708,0.0,0.0,0.0,0.0,0.0,0.0,0.0,0.0,0.3898305084745763,12.834745762711865,0.0,0.0,0.0,0.0,0.0,-7.0625,-0.3898305084745763,0.0,0.0,4.5625,0.15625,0.0,0.40212,0,0,0,0,holdout
pjxyqwbj154,男,汉族,共青团员,130000,计算机科学与技术学院,计算机科学与技术,0.0,0.0,0.0,0.0,0.0,0.0,0.0,6.0,0.1875,0.7680128579652817,-0.019428152492668622,0.0625,-0.1935483870967742,4.096068575814836,292.0,9.125,15.047321190165377,-0.840542521994135,0.5625,-9.419354838709678,1.649021500292096,0.0,0.0,0.0,0.0,0.0,0.0,0.0,0.0,0.2842465753424658,13.811643835616438,0.0,0.0,0.0,0.0,0.0,-8.9375,-0.2842465753424658,0.0,0.0,0.53125,0.03125,0.0,0.42047999999999996,0,0,0,0,holdout
pjxuqwbj496,男,汉族,共青团员,610000,机电工程学院,工业设计,0.0,0.0,0.0,0.0,0.0,0.0,0.0,2.0,0.0625,0.34798527267687634,-0.0054985337243401745,0.03125,-0.06451612903225806,5.5677643628300215,0.0,0.0,0.0,0.0,0.0,0.0,0.0,0.0,0.0,0.0,0.0,0.0,0.0,0.0,0.0,0.0,0.0,0.0,0.0,0.0,0.0,0.0,0.0625,0.0,0.0,0.0,0.0,0.21875,0.0,0.507,1,1,0,0,holdout
pjxuqwbj485,男,汉族,共青团员,610000,机电工程学院,电子封装技术,0.0,0.0,0.0,0.0,0.0,0.0,0.0,4.0,0.125,0.6959705453537527,-0.010997067448680349,0.03125,-0.12903225806451613,5.5677643628300215,0.0,0.0,0.0,0.0,0.0,0.0,0.0,0.0,0.0,0.0,0.0,0.0,0.0,0.0,0.0,0.0,0.0,0.0,0.0,0.0,0.0,0.0,0.125,0.0,0.0,0.0,0.0,0.03125,0.0,0.507,1,1,0,0,holdout
pjxyqxbk125,女,汉族,共青团员,610000,电子工程学院,电子信息工程,0.0,0.0,0.0,0.0,0.0,0.0,0.0,6.0,0.1875,0.7680128579652817,-0.01796187683284457,0.0625,-0.1935483870967742,4.096068575814836,0.0,0.0,0.0,0.0,0.0,0.0,0.0,0.0,0.0,0.0,0.0,0.0,0.0,0.0,0.0,0.0,0.0,0.0,0.0,0.0,0.0,0.0,0.1875,0.0,0.0,0.0,0.0,0.0,0.0,0.507,0,0,0,0,holdout
pjxvztfj990,男,汉族,共青团员,140000,计算机科学与技术学院,软件工程（第二学士学位）,0.0,0.0,0.0,0.0,0.0,0.0,0.0,0.0,0.0,0.0,0.0,0.0,0.0,0.0,0.0,0.0,0.0,0.0,0.0,0.0,0.0,0.0,0.0,0.0,0.0,0.0,0.0,0.0,0.0,0.0,0.0,0.0,0.0,0.0,0.0,0.0,0.0,0.0,0.0,0.0,0.0,0.0,0.0,0.507,1,1,0,0,holdout
pjxsqxbj825,男,汉族,共青团员,420000,计算机科学与技术学院,计算机科学与技术,0.0,0.0,0.0,0.0,0.0,0.0,0.0,14.0,0.4375,2.105610065990377,-0.04655425219941349,0.0625,-0.45161290322580644,4.812823007978005,0.0,0.0,0.0,0.0,0.0,0.0,0.0,0.0,0.0,0.0,0.0,0.0,0.0,0.0,0.0,0.0,0.0,0.0,0.0,0.0,0.0,0.0,0.4375,0.0,0.0,0.0,0.0,0.0,0.0,0.507,1,1,0,0,holdout
pjxwxxbj992,女,汉族,共青团员,410000,电子工程学院,电子信息工程,0.0,0.0,0.0,0.0,0.0,0.0,0.0,12.0,0.375,1.4523687548277813,-0.031524926686217015,0.09375,-0.3870967741935484,3.8729833462074166,0.0,0.0,0.0,0.0,0.0,0.0,0.0,0.0,0.0,0.0,0.0,0.0,0.0,0.0,0.0,0.0,0.0,0.0,0.0,0.0,0.0,0.0,0.375,0.0,0.0,0.0,0.0,0.0,0.0,0.507,1,1,0,0,holdout
pjxyqxbj152,男,汉族,共青团员,330000,通信工程学院,通信工程,0.0,0.0,0.0,0.0,0.0,0.0,0.0,0.0,0.0,0.0,0.0,0.0,0.0,0.0,111.0,3.46875,4.710257258101727,-0.1226173020527859,0.5625,4.67741935483871,1.357912002335633,0.0,0.0,0.0,0.0,0.0,0.0,0.0,0.0,0.2702702702702703,13.702702702702704,0.0,0.0,0.0,0.0,0.0,-3.46875,-0.2702702702702703,0.0,0.0,3.1875,6.03125,0.03626943005181347,0.54732,1,1,0,0,holdout
pjwrqxbj938,男,汉族,群众,610000,先进材料与纳米科技学院,材料科学与工程,0.0,0.0,0.0,0.0,0.0,0.0,0.0,6.0,0.1875,0.582961190818051,-0.01722873900293255,0.09375,-0.1935483870967742,3.109126351029605,0.0,0.0,0.0,0.0,0.0,0.0,0.0,0.0,0.0,0.0,0.0,0.0,0.0,0.0,0.0,0.0,0.0,0.0,0.0,0.0,0.0,0.0,0.1875,0.0,0.0,0.0,0.0,0.0,0.0,0.507,1,1,0,0,holdout
pjxsqxbj824,女,汉族,共青团员,340000,计算机科学与技术学院,软件工程,0.0,0.0,0.0,0.0,0.0,0.0,0.0,8.0,0.25,1.0897247358851685,-0.02565982404692082,0.0625,-0.25806451612903225,4.358898943540674,0.0,0.0,0.0,0.0,0.0,0.0,0.0,0.0,0.0,0.0,0.0,0.0,0.0,0.0,0.0,0.0,0.0,0.0,0.0,0.0,0.0,0.0,0.25,0.0,0.0,0.0,0.0,0.03125,0.0,0.507,1,1,0,0,holdout
pjxyqwbj077,男,汉族,共青团员,210000,人工智能学院,智能科学与技术,0.0,0.0,0.0,0.0,0.0,0.0,0.0,6.0,0.1875,0.582961190818051,-0.016495601173020524,0.09375,-0.1935483870967742,3.109126351029605,0.0,0.0,0.0,0.0,0.0,0.0,0.0,0.0,0.0,0.0,0.0,0.0,0.0,0.0,0.0,0.0,0.0,0.0,0.0,0.0,0.0,0.0,0.1875,0.0,0.0,0.0,0.0,0.0,0.0,0.507,0,0,0,0,holdout
pjxuqwbj858,女,汉族,共青团员,450000,机电工程学院,测控技术与仪器,0.0,0.0,0.0,0.0,0.0,0.0,0.0,12.0,0.375,1.7633419974582356,-0.03958944281524925,0.0625,-0.3870967741935484,4.702245326555295,0.0,0.0,0.0,0.0,0.0,0.0,0.0,0.0,0.0,0.0,0.0,0.0,0.0,0.0,0.0,0.0,0.0,0.0,0.0,0.0,0.0,0.0,0.375,0.0,0.0,0.0,0.0,0.3125,0.1,0.65268,1,1,0,0,holdout
pjxyqwbj664,男,汉族,共青团员,140000,网络与信息安全学院,网络空间安全,0.0,0.0,0.0,0.0,0.0,0.0,0.0,4.0,0.125,0.4841229182759271,-0.011730205278592375,0.0625,-0.12903225806451613,3.872983346207417,62.0,1.9375,1.7488835724541527,-0.027859237536656884,0.6875,3.161290322580645,0.9026495857827885,0.0,0.0,0.0,0.0,0.0,0.0,0.0,0.0,0.16129032258064516,12.241935483870968,0.0,0.0,0.0,0.0,0.0,-1.8125,-0.16129032258064516,0.0,0.0,0.34375,0.0,0.0,0.42223999999999995,0,0,0,0,holdout
pjxrqxbj952,男,汉族,共青团员,330000,数学与统计学院,信息与计算科学,0.0,0.0,0.0,0.0,0.0,0.0,0.0,22.0,0.6875,2.2698774746668597,-0.055351906158357764,0.125,-0.7096774193548387,3.301639963151796,0.0,0.0,0.0,0.0,0.0,0.0,0.0,0.0,0.0,0.0,0.0,0.0,0.0,0.0,0.0,0.0,0.0,0.0,0.0,0.0,0.0,0.0,0.6875,0.0,0.0,0.0,0.0,0.0,0.0,0.507,1,1,0,0,holdout
200307700011,女,汉族,,360000,计算机科学与技术学院,数据科学与大数据技术,0.0,0.0,0.0,0.0,0.0,0.0,0.0,0.0,0.0,0.0,0.0,0.0,0.0,0.0,2.0,0.0625,0.34798527267687634,0.006964809384164221,0.03125,-0.06451612903225806,5.5677643628300215,0.0,0.0,0.0,0.0,0.0,0.0,0.0,0.0,1.0,9.5,0.0,0.0,0.0,0.0,0.0,-0.0625,-1.0,0.0,0.0,0.0,0.0,0.0,0.507,1,1,0,0,holdout
pjwtqxbj922,女,汉族,共青团员,340000,生命科学技术学院,智能医学工程,0.0,0.0,0.0,0.0,0.0,0.0,0.0,10.0,0.3125,1.4238482187368147,-0.02675953079178886,0.0625,-0.3225806451612903,4.556314299957807,0.0,0.0,0.0,0.0,0.0,0.0,0.0,0.0,0.0,0.0,0.0,0.0,0.0,0.0,0.0,0.0,0.0,0.0,0.0,0.0,0.0,0.0,0.3125,0.0,0.0,0.0,0.0,0.0,0.0,0.507,1,1,0,0,holdout
pjxyqwbj569,男,汉族,共青团员,500000,人工智能学院,人工智能,0.0,0.0,0.0,0.0,0.0,0.0,0.0,4.0,0.125,0.4841229182759271,-0.012463343108504395,0.0625,-0.12903225806451613,3.872983346207417,0.0,0.0,0.0,0.0,0.0,0.0,0.0,0.0,0.0,0.0,0.0,0.0,0.0,0.0,0.0,0.0,0.0,0.0,0.0,0.0,0.0,0.0,0.125,0.0,0.0,0.0,0.0,0.0,0.0,0.507,0,0,0,0,holdout
pjxyqxbl745,男,汉族,共青团员,220000,通信工程学院,通信工程,0.0,0.0,0.0,0.0,0.0,0.0,0.0,2.0,0.0625,0.34798527267687634,-0.006964809384164225,0.03125,-0.06451612903225806,5.5677643628300215,68.0,2.125,5.660995937112126,0.20234604105571838,0.28125,25.677419354838708,2.6639980880527654,0.0,0.0,0.0,0.0,0.0,0.0,0.0,0.0,0.17647058823529413,13.647058823529411,0.0,0.0,0.0,0.0,0.0,-2.0625,-0.17647058823529413,0.0,0.0,9.1875,0.03125,0.0,0.39352,0,0,0,0,holdout
pjxwxxbj972,男,汉族,共青团员,370000,电子工程学院,电子信息工程,0.0,0.0,0.0,0.0,0.0,0.0,0.0,8.0,0.25,0.82915619758885,-0.02492668621700879,0.09375,-0.25806451612903225,3.3166247903554,0.0,0.0,0.0,0.0,0.0,0.0,0.0,0.0,0.0,0.0,0.0,0.0,0.0,0.0,0.0,0.0,0.0,0.0,0.0,0.0,0.0,0.0,0.25,0.0,0.0,0.0,0.0,0.15625,0.0,0.507,1,1,0,0,holdout
pjxsqxbj874,女,汉族,共青团员,140000,经济与管理学院,工商管理（理工类）,0.0,0.0,0.0,0.0,0.0,0.0,0.0,8.0,0.25,1.3919410907075054,-0.0278592375366569,0.03125,-0.25806451612903225,5.5677643628300215,0.0,0.0,0.0,0.0,0.0,0.0,0.0,0.0,0.0,0.0,0.0,0.0,0.0,0.0,0.0,0.0,0.0,0.0,0.0,0.0,0.0,0.0,0.25,0.0,0.0,0.0,0.0,0.0,0.0,0.507,1,1,0,0,holdout
pjxsqxbj893,女,汉族,共青团员,410000,经济与管理学院,信息管理与信息系统,0.0,0.0,0.0,0.0,0.0,0.0,0.0,4.0,0.125,0.4841229182759271,-0.012463343108504395,0.0625,-0.12903225806451613,3.872983346207417,0.0,0.0,0.0,0.0,0.0,0.0,0.0,0.0,0.0,0.0,0.0,0.0,0.0,0.0,0.0,0.0,0.0,0.0,0.0,0.0,0.0,0.0,0.125,0.0,0.0,0.0,0.0,0.125,1.0,0.66786,1,1,0,0,holdout
pjxuqwbj950,男,汉族,共青团员,520000,机电工程学院,机器人工程,0.0,0.0,0.0,0.0,0.0,0.0,0.0,6.0,0.1875,0.7680128579652817,-0.019428152492668615,0.0625,-0.1935483870967742,4.096068575814836,0.0,0.0,0.0,0.0,0.0,0.0,0.0,0.0,0.0,0.0,0.0,0.0,0.0,0.0,0.0,0.0,0.0,0.0,0.0,0.0,0.0,0.0,0.1875,0.0,0.0,0.0,0.0,0.0,0.0,0.507,1,1,0,0,holdout
pjxyqxbj646,男,汉族,共青团员,450000,通信工程学院,通信工程,0.0,0.0,0.0,0.0,0.0,0.0,0.0,26.0,0.8125,2.822205476218909,-0.0788123167155425,0.09375,-0.8387096774193549,3.473483663038657,0.0,0.0,0.0,0.0,0.0,0.0,0.0,0.0,0.0,0.0,0.0,0.0,0.0,0.0,0.0,0.0,0.0,0.0,0.0,0.0,0.0,0.0,0.8125,0.0,0.0,0.0,0.0,0.0,0.0,0.507,0,0,0,0,holdout
pjxyqwbj266,男,汉族,共青团员,430000,计算机科学与技术学院,计算机科学与技术,0.0,0.0,0.0,0.0,0.0,0.0,0.0,2.0,0.0625,0.34798527267687634,-0.0054985337243401745,0.03125,-0.06451612903225806,5.5677643628300215,0.0,0.0,0.0,0.0,0.0,0.0,0.0,0.0,0.0,0.0,0.0,0.0,0.0,0.0,0.0,0.0,0.0,0.0,0.0,0.0,0.0,0.0,0.0625,0.0,0.0,0.0,0.0,0.03125,0.0,0.507,0,0,0,0,holdout
pjxxxxbj910,男,汉族,群众,610000,通信工程学院,通信工程,0.0,0.0,0.0,0.0,0.0,0.0,0.0,0.0,0.0,0.0,0.0,0.0,0.0,0.0,0.0,0.0,0.0,0.0,0.0,0.0,0.0,0.0,0.0,0.0,0.0,0.0,0.0,0.0,0.0,0.0,0.0,0.0,0.0,0.0,0.0,0.0,0.0,0.0,0.0,0.0,0.0,0.0,0.0,0.507,0,0,0,0,holdout
pjxyqxbj739,男,汉族,共青团员,150000,光电工程学院,电子科学与技术,0.0,0.0,0.0,0.0,0.0,0.0,0.0,12.0,0.375,1.165922381636102,-0.037390029325513184,0.125,-0.3870967741935484,3.109126351029605,0.0,0.0,0.0,0.0,0.0,0.0,0.0,0.0,0.0,0.0,0.0,0.0,0.0,0.0,0.0,0.0,0.0,0.0,0.0,0.0,0.0,0.0,0.375,0.0,0.0,0.0,0.0,0.0,0.0,0.507,0,0,0,0,holdout
pjxyqxbj452,男,汉族,共青团员,410000,光电工程学院,电子科学与技术,0.0,0.0,0.0,0.0,0.0,0.0,0.0,0.0,0.0,0.0,0.0,0.0,0.0,0.0,201.0,6.28125,7.961761641590384,-0.3253299120234603,0.53125,1.774193548387097,1.2675441419447377,0.0,0.0,0.0,0.0,0.0,0.0,0.0,0.0,0.21890547263681592,13.696517412935323,0.0,0.0,0.0,0.0,0.0,-6.28125,-0.21890547263681592,0.0,0.0,0.625,0.0,0.0,0.4196,0,0,0,0,holdout
pjxyqxbj922,男,汉族,共青团员,320000,微电子学院,集成电路设计与集成系统,0.0,0.0,0.0,0.0,0.0,0.0,0.0,6.0,0.1875,0.7680128579652817,-0.012829912023460408,0.0625,-0.1935483870967742,4.096068575814836,0.0,0.0,0.0,0.0,0.0,0.0,0.0,0.0,0.0,0.0,0.0,0.0,0.0,0.0,0.0,0.0,0.0,0.0,0.0,0.0,0.0,0.0,0.1875,0.0,0.0,0.0,0.0,0.0,0.0,0.507,0,0,0,0,holdout
pjxsqxbj826,男,汉族,共青团员,420000,经济与管理学院,信息管理与信息系统,0.0,0.0,0.0,0.0,0.0,0.0,0.0,6.0,0.1875,1.0439558180306292,-0.020894428152492657,0.03125,-0.1935483870967742,5.567764362830022,0.0,0.0,0.0,0.0,0.0,0.0,0.0,0.0,0.0,0.0,0.0,0.0,0.0,0.0,0.0,0.0,0.0,0.0,0.0,0.0,0.0,0.0,0.1875,0.0,0.0,0.0,0.0,0.0,0.0,0.507,1,1,0,0,holdout
pjxsqxbj877,女,汉族,共青团员,140000,经济与管理学院,工业工程,0.0,0.0,0.0,0.0,0.0,0.0,0.0,20.0,0.625,2.8034576865007255,-0.060850439882697935,0.09375,-0.6451612903225806,4.485532298401161,0.0,0.0,0.0,0.0,0.0,0.0,0.0,0.0,0.0,0.0,0.0,0.0,0.0,0.0,0.0,0.0,0.0,0.0,0.0,0.0,0.0,0.0,0.625,0.0,0.0,0.0,0.0,0.0,0.0,0.507,1,1,0,0,holdout
pjxyqwbk538,男,汉族,群众,310000,网络与信息安全学院,信息安全,0.0,0.0,0.0,0.0,0.0,0.0,0.0,4.0,0.125,0.6959705453537527,-0.01392961876832845,0.03125,-0.12903225806451613,5.5677643628300215,0.0,0.0,0.0,0.0,0.0,0.0,0.0,0.0,0.0,0.0,0.0,0.0,0.0,0.0,0.0,0.0,0.0,0.0,0.0,0.0,0.0,0.0,0.125,0.0,0.0,0.0,0.0,0.03125,0.0,0.507,0,0,0,0,holdout
pjxyqwbk810,男,汉族,共青团员,610000,人工智能学院,智能科学与技术,0.0,0.0,0.0,0.0,0.0,0.0,0.0,16.0,0.5,2.449489742783178,-0.053519061583577714,0.0625,-0.5161290322580645,4.898979485566356,0.0,0.0,0.0,0.0,0.0,0.0,0.0,0.0,0.0,0.0,0.0,0.0,0.0,0.0,0.0,0.0,0.0,0.0,0.0,0.0,0.0,0.0,0.5,0.0,0.0,0.0,0.0,0.6875,0.0,0.507,0,0,0,0,holdout
pjxyqxbk316,女,汉族,共青团员,420000,通信工程学院,信息工程,0.0,0.0,0.0,0.0,0.0,0.0,0.0,2.0,0.0625,0.34798527267687634,0.0010997067448680353,0.03125,-0.06451612903225806,5.5677643628300215,0.0,0.0,0.0,0.0,0.0,0.0,0.0,0.0,0.0,0.0,0.0,0.0,0.0,0.0,0.0,0.0,0.0,0.0,0.0,0.0,0.0,0.0,0.0625,0.0,0.0,0.0,0.0,0.03125,0.0,0.507,0,0,0,0,holdout
pjxyqxbk195,男,汉族,群众,610000,光电工程学院,电子科学与技术,0.0,0.0,0.0,0.0,0.0,0.0,0.0,0.0,0.0,0.0,0.0,0.0,0.0,0.0,0.0,0.0,0.0,0.0,0.0,0.0,0.0,0.0,0.0,0.0,0.0,0.0,0.0,0.0,0.0,0.0,0.0,0.0,0.0,0.0,0.0,0.0,0.0,0.0,0.0,0.0,0.0,0.0,0.0,0.507,0,0,0,0,holdout
pjxyqxbj840,女,汉族,共青团员,320000,光电工程学院,电子科学与技术,0.0,0.0,0.0,0.0,0.0,0.0,0.0,0.0,0.0,0.0,0.0,0.0,0.0,0.0,0.0,0.0,0.0,0.0,0.0,0.0,0.0,0.0,0.0,0.0,0.0,0.0,0.0,0.0,0.0,0.0,0.0,0.0,0.0,0.0,0.0,0.0,0.0,0.0,0.0,0.0,0.0,0.0,0.0,0.507,0,0,0,0,holdout
pjxuqwbj935,男,汉族,群众,530000,机电工程学院,机械设计制造及其自动化,0.0,0.0,0.0,0.0,0.0,0.0,0.0,2.0,0.0625,0.34798527267687634,-0.00476539589442815,0.03125,-0.06451612903225806,5.5677643628300215,0.0,0.0,0.0,0.0,0.0,0.0,0.0,0.0,0.0,0.0,0.0,0.0,0.0,0.0,0.0,0.0,0.0,0.0,0.0,0.0,0.0,0.0,0.0625,0.0,0.0,0.0,0.0,0.0,0.0,0.507,1,1,0,0,holdout
pjxyqwbj744,女,汉族,共青团员,410000,网络与信息安全学院,网络工程,0.0,0.0,0.0,0.0,0.0,0.0,0.0,10.0,0.3125,1.1301963325015703,-0.02456011730205277,0.09375,-0.3225806451612903,3.616628264005025,0.0,0.0,0.0,0.0,0.0,0.0,0.0,0.0,0.0,0.0,0.0,0.0,0.0,0.0,0.0,0.0,0.0,0.0,0.0,0.0,0.0,0.0,0.3125,0.0,0.0,0.0,0.0,0.0,0.0,0.507,0,0,0,0,holdout
pjxyqxbj798,男,汉族,群众,620000,微电子学院,集成电路设计与集成系统,0.0,0.0,0.0,0.0,0.0,0.0,0.0,6.0,0.1875,0.7680128579652817,-0.008431085043988264,0.0625,-0.1935483870967742,4.096068575814836,0.0,0.0,0.0,0.0,0.0,0.0,0.0,0.0,0.0,0.0,0.0,0.0,0.0,0.0,0.0,0.0,0.0,0.0,0.0,0.0,0.0,0.0,0.1875,0.0,0.0,0.0,0.0,0.03125,0.0,0.507,0,0,0,0,holdout
pjxsqxbj976,女,回族,共青团员,640000,经济与管理学院,金融学,0.0,0.0,0.0,0.0,0.0,0.0,0.0,10.0,0.3125,1.4238482187368147,-0.03335777126099705,0.0625,-0.3225806451612903,4.556314299957807,0.0,0.0,0.0,0.0,0.0,0.0,0.0,0.0,0.0,0.0,0.0,0.0,0.0,0.0,0.0,0.0,0.0,0.0,0.0,0.0,0.0,0.0,0.3125,0.0,0.0,0.0,0.0,0.0,0.0,0.507,1,1,0,0,holdout
pjxyqxbk792,男,汉族,共青团员,360000,电子工程学院,信息对抗技术,0.0,0.0,0.0,0.0,0.0,0.0,0.0,12.0,0.375,1.2686114456365274,-0.03152492668621701,0.09375,-0.3870967741935484,3.3829638550307397,0.0,0.0,0.0,0.0,0.0,0.0,0.0,0.0,0.0,0.0,0.0,0.0,0.0,0.0,0.0,0.0,0.0,0.0,0.0,0.0,0.0,0.0,0.375,0.0,0.0,0.0,0.0,0.0,0.0,0.507,0,0,0,0,holdout
pjxsqxbj998,男,汉族,共青团员,130000,经济与管理学院,工业工程,0.0,0.0,0.0,0.0,0.0,0.0,0.0,14.0,0.4375,2.4358969087381346,-0.048753665689149565,0.03125,-0.45161290322580644,5.5677643628300215,0.0,0.0,0.0,0.0,0.0,0.0,0.0,0.0,0.0,0.0,0.0,0.0,0.0,0.0,0.0,0.0,0.0,0.0,0.0,0.0,0.0,0.0,0.4375,0.0,0.0,0.0,0.0,0.0,0.0,0.507,1,1,0,0,holdout
pjxyqxbk460,男,汉族,共青团员,130000,光电工程学院,电子科学与技术,0.0,0.0,0.0,0.0,0.0,0.0,0.0,12.0,0.375,1.2686114456365274,-0.036656891495601154,0.09375,-0.3870967741935484,3.3829638550307397,0.0,0.0,0.0,0.0,0.0,0.0,0.0,0.0,0.0,0.0,0.0,0.0,0.0,0.0,0.0,0.0,0.0,0.0,0.0,0.0,0.0,0.0,0.375,0.0,0.0,0.0,0.0,0.0,0.0,0.507,0,0,0,0,holdout
pjxyqxbj893,男,汉族,共青团员,320000,微电子学院,集成电路设计与集成系统,0.0,0.0,0.0,0.0,0.0,0.0,0.0,6.0,0.1875,0.582961190818051,-0.011363636363636359,0.09375,-0.1935483870967742,3.109126351029605,306.0,9.5625,12.44221016339139,0.2991202346041054,0.75,39.67741935483871,1.301146160877531,0.0,0.0,0.0,0.0,0.0,0.0,0.0,0.0,0.30392156862745096,15.879084967320262,0.0,0.0,0.0,0.0,0.0,-9.375,-0.30392156862745096,0.0,0.0,3.625,0.25,0.0,0.40507999999999994,0,0,0,0,holdout
pjxyqwbk661,男,汉族,共青团员,610000,计算机科学与技术学院,软件工程,0.0,0.0,0.0,0.0,0.0,0.0,0.0,2.0,0.0625,0.34798527267687634,-0.006964809384164225,0.03125,-0.06451612903225806,5.5677643628300215,0.0,0.0,0.0,0.0,0.0,0.0,0.0,0.0,0.0,0.0,0.0,0.0,0.0,0.0,0.0,0.0,0.0,0.0,0.0,0.0,0.0,0.0,0.0625,0.0,0.0,0.0,0.0,0.0,0.0,0.507,0,0,0,0,holdout
pjxsqxbj887,女,汉族,共青团员,410000,经济与管理学院,工程管理,0.0,0.0,0.0,0.0,0.0,0.0,0.0,16.0,0.5,2.449489742783178,-0.053519061583577714,0.0625,-0.5161290322580645,4.898979485566356,0.0,0.0,0.0,0.0,0.0,0.0,0.0,0.0,0.0,0.0,0.0,0.0,0.0,0.0,0.0,0.0,0.0,0.0,0.0,0.0,0.0,0.0,0.5,0.0,0.0,0.0,0.0,0.0,0.0,0.507,1,1,0,0,holdout
pjxyqxbj460,男,汉族,共青团员,410000,人工智能学院,人工智能,0.0,0.0,0.0,0.0,0.0,0.0,0.0,10.0,0.3125,0.8816709987291178,-0.030425219941348964,0.125,-0.3225806451612903,2.821347195933177,0.0,0.0,0.0,0.0,0.0,0.0,0.0,0.0,0.0,0.0,0.0,0.0,0.0,0.0,0.0,0.0,0.0,0.0,0.0,0.0,0.0,0.0,0.3125,0.0,0.0,0.0,0.0,0.09375,0.0,0.507,0,0,0,0,holdout
pjxyqxbk731,男,汉族,群众,430000,微电子学院,微电子科学与工程,0.0,0.0,0.0,0.0,0.0,0.0,0.0,6.0,0.1875,1.0439558180306292,-0.020894428152492657,0.03125,-0.1935483870967742,5.567764362830022,0.0,0.0,0.0,0.0,0.0,0.0,0.0,0.0,0.0,0.0,0.0,0.0,0.0,0.0,0.0,0.0,0.0,0.0,0.0,0.0,0.0,0.0,0.1875,0.0,0.0,0.0,0.0,0.03125,0.0,0.507,0,0,0,0,holdout
pjxrqxbj955,女,汉族,共青团员,330000,计算机科学与技术学院,软件工程,0.0,0.0,0.0,0.0,0.0,0.0,0.0,26.0,0.8125,2.4929588343973914,-0.07074780058651024,0.125,-0.8387096774193549,3.0682570269506355,262.0,8.1875,9.527714508212345,-0.12866568914956011,0.6875,-1.225806451612904,1.1636903216137215,0.0,0.0,0.0,0.0,0.0,0.0,0.0,0.0,0.2633587786259542,13.187022900763358,0.0,0.0,0.0,0.0,0.0,-7.375,-0.2633587786259542,0.0,0.0,0.8125,0.21875,0.0,0.41795999999999994,0,0,0,0,holdout
pjxsqxbj851,男,汉族,共青团员,130000,经济与管理学院,大数据管理与应用,0.0,0.0,0.0,0.0,0.0,0.0,0.0,10.0,0.3125,1.4238482187368147,-0.03335777126099705,0.0625,-0.3225806451612903,4.556314299957807,0.0,0.0,0.0,0.0,0.0,0.0,0.0,0.0,0.0,0.0,0.0,0.0,0.0,0.0,0.0,0.0,0.0,0.0,0.0,0.0,0.0,0.0,0.3125,0.0,0.0,0.0,0.0,0.0,0.0,0.507,1,1,0,0,holdout
pjxyqxbk757,男,汉族,群众,520000,通信工程学院,信息工程,0.0,0.0,0.0,0.0,0.0,0.0,0.0,6.0,0.1875,0.7680128579652817,-0.015029325513196475,0.0625,-0.1935483870967742,4.096068575814836,0.0,0.0,0.0,0.0,0.0,0.0,0.0,1.0,0.03125,0.17399263633843817,-0.0034824046920821127,0.03125,-0.03225806451612903,5.5677643628300215,0.0,0.0,0.0,1.0,0.0,22.0,0.0,0.0,0.1875,0.0,0.0,0.0,0.0,0.0625,0.0,0.507,0,0,0,0,holdout
pjxyqxbj188,男,汉族,共青团员,330000,通信工程学院,通信工程,0.0,0.0,0.0,0.0,0.0,0.0,0.0,0.0,0.0,0.0,0.0,0.0,0.0,0.0,314.0,9.8125,13.489434522988724,0.8427419354838708,0.8125,40.45161290322581,1.3747194418332458,0.0,0.0,0.0,0.0,0.0,0.0,0.0,0.0,0.23248407643312102,14.124203821656051,0.0,0.0,0.0,0.0,0.0,-9.8125,-0.23248407643312102,0.0,0.0,12.46875,0.125,0.0,0.3902,0,0,0,0,holdout
pjxyqxbk298,男,汉族,共青团员,630000,光电工程学院,光电信息科学与工程,0.0,0.0,0.0,0.0,0.0,0.0,0.0,4.0,0.125,0.4841229182759271,-0.011730205278592375,0.0625,-0.12903225806451613,3.872983346207417,0.0,0.0,0.0,0.0,0.0,0.0,0.0,0.0,0.0,0.0,0.0,0.0,0.0,0.0,0.0,0.0,0.0,0.0,0.0,0.0,0.0,0.0,0.125,0.0,0.0,0.0,0.0,0.0625,0.0,0.507,0,0,0,0,holdout
pjxrqxbj903,男,汉族,共青团员,130000,微电子学院,集成电路设计与集成系统,0.0,0.0,0.0,0.0,0.0,0.0,0.0,28.0,0.875,2.54644359843292,-0.06378299120234603,0.125,-0.9032258064516129,2.910221255351909,255.0,7.96875,9.42895929769028,-0.32056451612903225,0.78125,7.258064516129032,1.183241951082702,0.0,0.0,0.0,0.0,0.0,0.0,0.0,0.0,0.3215686274509804,16.231372549019607,0.0,0.0,0.0,0.0,0.0,-7.09375,-0.3215686274509804,0.0,0.0,0.40625,0.0,0.0,0.42167999999999994,0,0,0,0,holdout
pjxyqxbj658,男,汉族,共青团员,440000,电子工程学院,电子信息工程,0.0,0.0,0.0,0.0,0.0,0.0,0.0,6.0,0.1875,0.582961190818051,-0.00916422287390029,0.09375,-0.1935483870967742,3.109126351029605,193.0,6.03125,10.263662769084924,0.36052052785923755,0.65625,-0.032258064516129004,1.7017471948741842,0.0,0.0,0.0,0.0,0.0,0.0,0.0,0.0,0.2694300518134715,12.72538860103627,0.0,0.0,0.0,0.0,0.0,-5.84375,-0.2694300518134715,0.0,0.0,4.71875,0.0625,0.0,0.40152,0,0,0,0,holdout
pjxuqwbj479,男,汉族,共青团员,610000,机电工程学院,电气工程及其自动化,0.0,0.0,0.0,0.0,0.0,0.0,0.0,4.0,0.125,0.6959705453537527,-0.01392961876832845,0.03125,-0.12903225806451613,5.5677643628300215,0.0,0.0,0.0,0.0,0.0,0.0,0.0,0.0,0.0,0.0,0.0,0.0,0.0,0.0,0.0,0.0,0.0,0.0,0.0,0.0,0.0,0.0,0.125,0.0,0.0,0.0,0.0,0.0,0.0,0.507,1,1,0,0,holdout
pjxuqwbj818,男,汉族,共青团员,410000,机电工程学院,电气工程及其自动化,0.0,0.0,0.0,0.0,0.0,0.0,0.0,12.0,0.375,1.2686114456365274,-0.030791788856304972,0.09375,-0.3870967741935484,3.3829638550307397,908.0,28.375,25.015932423157846,0.7851906158357771,0.875,6.838709677419356,0.8816187638117302,0.0,0.0,0.0,0.0,0.0,0.0,0.0,0.0,0.2852422907488987,13.1431718061674,0.0,0.0,0.0,0.0,0.0,-28.0,-0.2852422907488987,0.0,0.0,11.9375,0.0,0.0,0.39055999999999996,0,0,0,0,holdout
pjxyqxbj095,男,汉族,共青团员,510000,电子工程学院,电子信息工程,0.0,0.0,0.0,0.0,0.0,0.0,0.0,20.0,0.625,3.4798527267687636,-0.047653958944281524,0.03125,-0.6451612903225806,5.5677643628300215,0.0,0.0,0.0,0.0,0.0,0.0,0.0,0.0,0.0,0.0,0.0,0.0,0.0,0.0,0.0,0.0,0.0,0.0,0.0,0.0,0.0,0.0,0.625,0.0,0.0,0.0,0.0,0.0,0.0,0.507,0,0,0,0,holdout
pjxyqxbl946,女,汉族,共青团员,610000,电子工程学院,电磁场与无线技术,0.0,0.0,0.0,0.0,0.0,0.0,0.0,4.0,0.125,0.6959705453537527,-0.0095307917888563,0.03125,-0.12903225806451613,5.5677643628300215,0.0,0.0,0.0,0.0,0.0,0.0,0.0,0.0,0.0,0.0,0.0,0.0,0.0,0.0,0.0,0.0,0.0,0.0,0.0,0.0,0.0,0.0,0.125,0.0,0.0,0.0,0.0,0.28125,0.0,0.507,0,0,0,0,holdout
pjxyqxbj483,男,汉族,共青团员,410000,计算机科学与技术学院,计算机科学与技术,0.0,0.0,0.0,0.0,0.0,0.0,0.0,6.0,0.1875,0.7680128579652817,-0.016495601173020524,0.0625,-0.1935483870967742,4.096068575814836,0.0,0.0,0.0,0.0,0.0,0.0,0.0,0.0,0.0,0.0,0.0,0.0,0.0,0.0,0.0,0.0,0.0,0.0,0.0,0.0,0.0,0.0,0.1875,0.0,0.0,0.0,0.0,0.0,0.0,0.507,0,0,0,0,holdout
pjxyqwbj674,女,汉族,共青团员,140000,人工智能学院,智能科学与技术,0.0,0.0,0.0,0.0,0.0,0.0,0.0,0.0,0.0,0.0,0.0,0.0,0.0,0.0,0.0,0.0,0.0,0.0,0.0,0.0,0.0,0.0,0.0,0.0,0.0,0.0,0.0,0.0,0.0,0.0,0.0,0.0,0.0,0.0,0.0,0.0,0.0,0.0,0.0,0.0,0.0,0.0,0.0,0.507,0,0,0,0,holdout
pjxyqxbk242,男,汉族,共青团员,610000,微电子学院,微电子科学与工程,0.0,0.0,0.0,0.0,0.0,0.0,0.0,0.0,0.0,0.0,0.0,0.0,0.0,0.0,0.0,0.0,0.0,0.0,0.0,0.0,0.0,0.0,0.0,0.0,0.0,0.0,0.0,0.0,0.0,0.0,0.0,0.0,0.0,0.0,0.0,0.0,0.0,0.0,0.0,0.0,0.0,0.09375,0.0,0.507,0,0,0,0,holdout
pjxyqxbk804,男,汉族,共青团员,360000,电子工程学院,电子信息工程,0.0,0.0,0.0,0.0,0.0,0.0,0.0,10.0,0.3125,1.0135796712641785,-0.02675953079178886,0.09375,-0.3225806451612903,3.243454948045371,0.0,0.0,0.0,0.0,0.0,0.0,0.0,0.0,0.0,0.0,0.0,0.0,0.0,0.0,0.0,0.0,0.0,0.0,0.0,0.0,0.0,0.0,0.3125,0.0,0.0,0.0,0.0,0.0,0.0,0.507,0,0,0,0,holdout
pjxyqxbk521,男,汉族,共青团员,130000,通信工程学院,通信工程,0.0,0.0,0.0,0.0,0.0,0.0,0.0,4.0,0.125,0.4841229182759271,-0.013196480938416421,0.0625,-0.12903225806451613,3.872983346207417,0.0,0.0,0.0,0.0,0.0,0.0,0.0,0.0,0.0,0.0,0.0,0.0,0.0,0.0,0.0,0.0,0.0,0.0,0.0,0.0,0.0,0.0,0.125,0.0,0.0,0.0,0.0,0.1875,0.0,0.507,0,0,0,0,holdout
pjxyqxbj851,女,汉族,共青团员,320000,微电子学院,集成电路设计与集成系统,0.0,0.0,0.0,0.0,0.0,0.0,0.0,8.0,0.25,0.6614378277661477,-0.016862170087976542,0.125,-0.25806451612903225,2.6457513110645907,300.0,9.375,7.716662167025326,0.2221407624633432,0.8125,5.806451612903226,0.8231106311493681,0.0,0.0,0.0,0.0,0.0,0.0,0.0,0.0,0.24,12.83,0.0,0.0,0.0,0.0,0.0,-9.125,-0.24,0.0,0.0,2.75,0.0,0.0,0.40719999999999995,0,0,0,0,holdout
pjxyqwbj205,男,汉族,共青团员,350000,网络与信息安全学院,网络空间安全,0.0,0.0,0.0,0.0,0.0,0.0,0.0,8.0,0.25,1.0897247358851685,-0.027126099706744858,0.0625,-0.25806451612903225,4.358898943540674,96.0,3.0,7.709571972554637,0.347140762463343,0.34375,4.129032258064516,2.569857324184879,0.0,0.0,0.0,0.0,0.0,0.0,0.0,0.0,0.10416666666666667,14.270833333333334,0.0,0.0,0.0,0.0,0.0,-2.75,-0.10416666666666667,0.0,0.0,5.9375,0.0,0.0,0.39855999999999997,0,0,0,0,holdout
pjxyqwbj574,男,汉族,共青团员,500000,计算机科学与技术学院,计算机科学与技术,0.0,0.0,0.0,0.0,0.0,0.0,0.0,6.0,0.1875,0.7680128579652817,-0.019428152492668615,0.0625,-0.1935483870967742,4.096068575814836,0.0,0.0,0.0,0.0,0.0,0.0,0.0,0.0,0.0,0.0,0.0,0.0,0.0,0.0,0.0,0.0,0.0,0.0,0.0,0.0,0.0,0.0,0.1875,0.0,0.0,0.0,0.0,0.0,0.0,0.507,0,0,0,0,holdout
pjxyqxbk445,女,汉族,共青团员,210000,微电子学院,微电子科学与工程,0.0,0.0,0.0,0.0,0.0,0.0,0.0,8.0,0.25,0.82915619758885,-0.022727272727272724,0.09375,-0.25806451612903225,3.3166247903554,374.0,11.6875,15.41800388344743,0.7727272727272726,0.6875,57.096774193548384,1.319187498048978,0.0,0.0,0.0,0.0,0.0,0.0,0.0,0.0,0.19518716577540107,13.240641711229946,0.0,0.0,0.0,0.0,0.0,-11.4375,-0.19518716577540107,0.0,0.0,9.1875,0.0625,0.0,0.39352,0,0,0,0,holdout
pjxyqxbj067,男,彝族,共青团员,530000,光电工程学院,光电信息科学与工程,0.0,0.0,0.0,0.0,0.0,0.0,0.0,12.0,0.375,1.0532687216470449,-0.03372434017595307,0.125,-0.3870967741935484,2.8087165910587863,257.0,8.03125,10.563748077150459,-0.13984604105571855,0.6875,22.67741935483871,1.3153304998786564,0.0,0.0,0.0,0.0,0.0,0.0,0.0,0.0,0.29571984435797666,14.03112840466926,0.0,0.0,0.0,0.0,0.0,-7.65625,-0.29571984435797666,0.0,0.0,2.53125,0.0,0.0,0.40815999999999997,0,0,0,0,holdout
pjxyqxbj153,男,汉族,共青团员,330000,通信工程学院,通信工程,0.0,0.0,0.0,0.0,0.0,0.0,0.0,10.0,0.3125,0.8816709987291178,-0.02089442815249267,0.125,-0.3225806451612903,2.821347195933177,0.0,0.0,0.0,0.0,0.0,0.0,0.0,0.0,0.0,0.0,0.0,0.0,0.0,0.0,0.0,0.0,0.0,0.0,0.0,0.0,0.0,0.0,0.3125,0.0,0.0,0.0,0.0,0.0625,0.0,0.507,0,0,0,0,holdout
pjxwzxkj992,女,汉族,共青团员,610000,电子工程学院,电子信息工程,0.0,0.0,0.0,0.0,0.0,0.0,0.0,14.0,0.4375,1.5599979967935855,-0.04508797653958944,0.09375,-0.45161290322580644,3.565709706956767,0.0,0.0,0.0,0.0,0.0,0.0,0.0,0.0,0.0,0.0,0.0,0.0,0.0,0.0,0.0,0.0,0.0,0.0,0.0,0.0,0.0,0.0,0.4375,0.0,0.0,0.0,0.0,0.0,0.0,0.507,0,0,0,0,holdout
pjxwzxfj975,男,汉族,共青团员,360000,电子工程学院,电子信息工程（第二学士学位）,0.0,0.0,0.0,0.0,0.0,0.0,0.0,0.0,0.0,0.0,0.0,0.0,0.0,0.0,0.0,0.0,0.0,0.0,0.0,0.0,0.0,0.0,0.0,0.0,0.0,0.0,0.0,0.0,0.0,0.0,0.0,0.0,0.0,0.0,0.0,0.0,0.0,0.0,0.0,0.0,0.0,0.0,0.0,0.507,1,1,0,0,holdout
pjxyqxbk163,男,汉族,共青团员,610000,通信工程学院,通信工程,0.0,0.0,0.0,0.0,0.0,0.0,0.0,4.0,0.125,0.4841229182759271,-0.011730205278592375,0.0625,-0.12903225806451613,3.872983346207417,0.0,0.0,0.0,0.0,0.0,0.0,0.0,0.0,0.0,0.0,0.0,0.0,0.0,0.0,0.0,0.0,0.0,0.0,0.0,0.0,0.0,0.0,0.125,0.0,0.0,0.0,0.0,0.03125,0.0,0.507,0,0,0,0,holdout
pjxyqxbk304,男,汉族,共青团员,420000,电子工程学院,电子信息工程,0.0,0.0,0.0,0.0,0.0,0.0,0.0,2.0,0.0625,0.34798527267687634,-0.006964809384164225,0.03125,-0.06451612903225806,5.5677643628300215,0.0,0.0,0.0,0.0,0.0,0.0,0.0,0.0,0.0,0.0,0.0,0.0,0.0,0.0,0.0,0.0,0.0,0.0,0.0,0.0,0.0,0.0,0.0625,0.0,0.0,0.0,0.0,0.0,0.0,0.507,0,0,0,0,holdout
pjxyqxbl893,男,汉族,共青团员,610000,电子工程学院,电子信息工程,0.0,0.0,0.0,0.0,0.0,0.0,0.0,10.0,0.3125,1.0135796712641785,-0.029692082111436938,0.09375,-0.3225806451612903,3.243454948045371,0.0,0.0,0.0,0.0,0.0,0.0,0.0,0.0,0.0,0.0,0.0,0.0,0.0,0.0,0.0,0.0,0.0,0.0,0.0,0.0,0.0,0.0,0.3125,0.0,0.0,0.0,0.0,0.15625,0.0,0.507,0,0,0,0,holdout
pjxwzxkj996,男,汉族,共青团员,610000,电子工程学院,电子信息工程,0.0,0.0,0.0,0.0,0.0,0.0,0.0,2.0,0.0625,0.34798527267687634,-0.006964809384164225,0.03125,-0.06451612903225806,5.5677643628300215,0.0,0.0,0.0,0.0,0.0,0.0,0.0,0.0,0.0,0.0,0.0,0.0,0.0,0.0,0.0,0.0,0.0,0.0,0.0,0.0,0.0,0.0,0.0625,0.0,0.0,0.0,0.0,0.0,0.0,0.507,0,0,0,0,holdout
pjxyqwbk953,男,汉族,共青团员,610000,计算机科学与技术学院,软件工程,0.0,0.0,0.0,0.0,0.0,0.0,0.0,6.0,0.1875,0.7680128579652817,-0.01796187683284457,0.0625,-0.1935483870967742,4.096068575814836,670.0,20.9375,23.391955748718406,0.8951612903225805,0.84375,70.25806451612902,1.1172277372522224,0.0,0.0,0.0,0.0,0.0,0.0,0.0,0.0,0.2507462686567164,13.980597014925372,0.0,0.0,0.0,0.0,0.0,-20.75,-0.2507462686567164,0.0,0.0,18.53125,0.09375,0.0,0.38852,0,0,0,0,holdout
pjxyqxbj403,男,汉族,共青团员,230000,通信工程学院,信息工程,0.0,0.0,0.0,0.0,0.0,0.0,0.0,0.0,0.0,0.0,0.0,0.0,0.0,0.0,0.0,0.0,0.0,0.0,0.0,0.0,0.0,0.0,0.0,0.0,0.0,0.0,0.0,0.0,0.0,0.0,0.0,0.0,0.0,0.0,0.0,0.0,0.0,0.0,0.0,0.0,0.0,0.0,0.0,0.507,0,0,0,0,holdout
pjxyqxbj400,男,汉族,共青团员,230000,通信工程学院,信息工程,0.0,0.0,0.0,0.0,0.0,0.0,0.0,16.0,0.5,1.7320508075688772,-0.04545454545454545,0.09375,-0.5161290322580645,3.4641016151377544,0.0,0.0,0.0,0.0,0.0,0.0,0.0,0.0,0.0,0.0,0.0,0.0,0.0,0.0,0.0,0.0,0.0,0.0,0.0,0.0,0.0,0.0,0.5,0.0,0.0,0.0,0.0,0.0,0.0,0.507,0,0,0,0,holdout
pjxsqxbj881,男,汉族,共青团员,140000,经济与管理学院,工程管理,0.0,0.0,0.0,0.0,0.0,0.0,0.0,12.0,0.375,1.165922381636102,-0.037390029325513184,0.125,-0.3870967741935484,3.109126351029605,0.0,0.0,0.0,0.0,0.0,0.0,0.0,0.0,0.0,0.0,0.0,0.0,0.0,0.0,0.0,0.0,0.0,0.0,0.0,0.0,0.0,0.0,0.375,0.0,0.0,0.0,0.0,1.21875,0.0,0.507,1,1,0,0,holdout
pjxsqxbj981,男,汉族,共青团员,130000,经济与管理学院,信息管理与信息系统,0.0,0.0,0.0,0.0,0.0,0.0,0.0,4.0,0.125,0.6959705453537527,-0.01392961876832845,0.03125,-0.12903225806451613,5.5677643628300215,0.0,0.0,0.0,0.0,0.0,0.0,0.0,0.0,0.0,0.0,0.0,0.0,0.0,0.0,0.0,0.0,0.0,0.0,0.0,0.0,0.0,0.0,0.125,0.0,0.0,0.0,0.0,0.0,0.0,0.507,1,1,0,0,holdout
pjxqqxbj975,女,汉族,共青团员,360000,人文学院,哲学,0.0,0.0,0.0,0.0,0.0,0.0,0.0,20.0,0.625,2.2043990110685496,-0.05425219941348972,0.09375,-0.6451612903225806,3.5270384177096794,0.0,0.0,0.0,0.0,0.0,0.0,0.0,0.0,0.0,0.0,0.0,0.0,0.0,0.0,0.0,0.0,0.0,0.0,0.0,0.0,0.0,0.0,0.625,0.0,0.0,0.0,0.0,0.375,0.0,0.507,1,1,0,0,holdout
pjxwzxfj983,男,汉族,共青团员,210000,电子工程学院,电子信息工程（第二学士学位）,0.0,0.0,0.0,0.0,0.0,0.0,0.0,0.0,0.0,0.0,0.0,0.0,0.0,0.0,0.0,0.0,0.0,0.0,0.0,0.0,0.0,0.0,0.0,0.0,0.0,0.0,0.0,0.0,0.0,0.0,0.0,0.0,0.0,0.0,0.0,0.0,0.0,0.0,0.0,0.0,0.0,0.0,0.0,0.507,0,0,0,0,holdout
pjxyqxbj987,男,满族,共青团员,130000,电子工程学院,电子信息工程,0.0,0.0,0.0,0.0,0.0,0.0,0.0,0.0,0.0,0.0,0.0,0.0,0.0,0.0,0.0,0.0,0.0,0.0,0.0,0.0,0.0,0.0,0.0,0.0,0.0,0.0,0.0,0.0,0.0,0.0,0.0,0.0,0.0,0.0,0.0,0.0,0.0,0.0,0.0,0.0,0.0,0.0,0.0,0.507,0,0,0,0,holdout
pjxwzxkj985,男,汉族,共青团员,610000,电子工程学院,电子信息工程,0.0,0.0,0.0,0.0,0.0,0.0,0.0,2.0,0.0625,0.34798527267687634,-0.00476539589442815,0.03125,-0.06451612903225806,5.5677643628300215,0.0,0.0,0.0,0.0,0.0,0.0,0.0,0.0,0.0,0.0,0.0,0.0,0.0,0.0,0.0,0.0,0.0,0.0,0.0,0.0,0.0,0.0,0.0625,0.0,0.0,0.0,0.0,0.1875,0.0,0.507,0,0,0,0,holdout
pjxyqxbj911,男,汉族,群众,320000,物理学院,电子信息科学与技术,0.0,0.0,0.0,0.0,0.0,0.0,0.0,0.0,0.0,0.0,0.0,0.0,0.0,0.0,0.0,0.0,0.0,0.0,0.0,0.0,0.0,0.0,0.0,0.0,0.0,0.0,0.0,0.0,0.0,0.0,0.0,0.0,0.0,0.0,0.0,0.0,0.0,0.0,0.0,0.0,0.0,0.0,0.0,0.507,0,0,0,0,holdout
pjxxztfj988,女,汉族,共青团员,140000,通信工程学院,信息工程（第二学士学位）,0.0,0.0,0.0,0.0,0.0,0.0,0.0,0.0,0.0,0.0,0.0,0.0,0.0,0.0,0.0,0.0,0.0,0.0,0.0,0.0,0.0,0.0,0.0,0.0,0.0,0.0,0.0,0.0,0.0,0.0,0.0,0.0,0.0,0.0,0.0,0.0,0.0,0.0,0.0,0.0,0.0,0.0,0.0,0.507,0,0,0,0,holdout
pjxyqwbk601,男,汉族,共青团员,610000,计算机科学与技术学院,软件工程,0.0,0.0,0.0,0.0,0.0,0.0,0.0,2.0,0.0625,0.34798527267687634,-0.006964809384164225,0.03125,-0.06451612903225806,5.5677643628300215,0.0,0.0,0.0,0.0,0.0,0.0,0.0,0.0,0.0,0.0,0.0,0.0,0.0,0.0,0.0,0.0,0.0,0.0,0.0,0.0,0.0,0.0,0.0625,0.0,0.0,0.0,0.0,0.03125,0.0,0.507,0,0,0,0,holdout
pjxyqwbj651,女,汉族,共青团员,140000,网络与信息安全学院,信息安全,0.0,0.0,0.0,0.0,0.0,0.0,0.0,14.0,0.4375,1.5599979967935855,-0.031891495601173006,0.09375,-0.45161290322580644,3.565709706956767,0.0,0.0,0.0,0.0,0.0,0.0,0.0,0.0,0.0,0.0,0.0,0.0,0.0,0.0,0.0,0.0,0.0,0.0,0.0,0.0,0.0,0.0,0.4375,0.0,0.0,0.0,0.0,0.0,0.0,0.507,0,0,0,0,holdout
pjxyqwbk544,男,汉族,共青团员,220000,计算机科学与技术学院,计算机科学与技术,0.0,0.0,0.0,0.0,0.0,0.0,0.0,12.0,0.375,1.2686114456365274,-0.031524926686217015,0.09375,-0.3870967741935484,3.3829638550307397,635.0,19.84375,19.669312035185673,-0.5833944281524927,0.84375,-16.35483870967742,0.9912094253951835,0.0,0.0,0.0,0.0,0.0,0.0,0.0,0.0,0.29133858267716534,13.537007874015748,0.0,0.0,0.0,0.0,0.0,-19.46875,-0.29133858267716534,0.0,0.0,2.0,0.25,0.0,0.41063999999999995,0,0,0,0,holdout
pjxyqxbj119,男,汉族,群众,350000,空间科学与技术学院,空间科学与技术,0.0,0.0,0.0,0.0,0.0,0.0,0.0,0.0,0.0,0.0,0.0,0.0,0.0,0.0,0.0,0.0,0.0,0.0,0.0,0.0,0.0,0.0,0.0,0.0,0.0,0.0,0.0,0.0,0.0,0.0,0.0,0.0,0.0,0.0,0.0,0.0,0.0,0.0,0.0,0.0,0.0,0.28125,0.0,0.507,0,0,0,0,holdout
pjxuqwbj962,男,土家族,共青团员,500000,机电工程学院,测控技术与仪器,0.0,0.0,0.0,0.0,0.0,0.0,0.0,18.0,0.5625,1.818954026356906,-0.053885630498533704,0.09375,-0.5806451612903226,3.2336960468567217,0.0,0.0,0.0,0.0,0.0,0.0,0.0,0.0,0.0,0.0,0.0,0.0,0.0,0.0,0.0,0.0,0.0,0.0,0.0,0.0,0.0,0.0,0.5625,0.0,0.0,0.0,0.0,0.03125,0.0,0.507,1,1,0,0,holdout
pjxuqwbj677,男,汉族,共青团员,370000,机电工程学院,机械设计制造及其自动化,0.0,0.0,0.0,0.0,0.0,0.0,0.0,6.0,0.1875,0.7680128579652817,-0.019428152492668615,0.0625,-0.1935483870967742,4.096068575814836,0.0,0.0,0.0,0.0,0.0,0.0,0.0,0.0,0.0,0.0,0.0,0.0,0.0,0.0,0.0,0.0,0.0,0.0,0.0,0.0,0.0,0.0,0.1875,0.0,0.0,0.0,0.0,0.0,0.0,0.507,1,1,0,0,holdout
pjxyqwbk793,男,汉族,群众,610000,计算机科学与技术学院,计算机科学与技术,0.0,0.0,0.0,0.0,0.0,0.0,0.0,16.0,0.5,1.3228756555322954,-0.0351906158357771,0.15625,-0.5161290322580645,2.6457513110645907,0.0,0.0,0.0,0.0,0.0,0.0,0.0,0.0,0.0,0.0,0.0,0.0,0.0,0.0,0.0,0.0,0.0,0.0,0.0,0.0,0.0,0.0,0.5,0.0,0.0,0.0,0.0,0.0,0.0,0.507,0,0,0,0,holdout
pjxyqwbk999,男,汉族,共青团员,630000,网络与信息安全学院,网络工程,0.0,0.0,0.0,0.0,0.0,0.0,0.0,2.0,0.0625,0.34798527267687634,-0.006964809384164225,0.03125,-0.06451612903225806,5.5677643628300215,0.0,0.0,0.0,0.0,0.0,0.0,0.0,0.0,0.0,0.0,0.0,0.0,0.0,0.0,0.0,0.0,0.0,0.0,0.0,0.0,0.0,0.0,0.0625,0.0,0.0,0.0,0.0,0.0,0.0,0.507,0,0,0,0,holdout
pjxyqxbj478,男,汉族,共青团员,410000,光电工程学院,电子科学与技术,0.0,0.0,0.0,0.0,0.0,0.0,0.0,0.0,0.0,0.0,0.0,0.0,0.0,0.0,0.0,0.0,0.0,0.0,0.0,0.0,0.0,0.0,0.0,0.0,0.0,0.0,0.0,0.0,0.0,0.0,0.0,0.0,0.0,0.0,0.0,0.0,0.0,0.0,0.0,0.0,0.0,0.15625,0.0,0.507,0,0,0,0,holdout
pjxyqxbj029,男,汉族,共青团员,370000,电子工程学院,电磁场与无线技术,0.0,0.0,0.0,0.0,0.0,0.0,0.0,0.0,0.0,0.0,0.0,0.0,0.0,0.0,83.0,2.59375,4.285581750182815,-0.00934750733137827,0.59375,0.4193548387096775,1.6522724819981938,0.0,0.0,0.0,0.0,0.0,0.0,0.0,0.0,0.26506024096385544,12.783132530120483,0.0,0.0,0.0,0.0,0.0,-2.59375,-0.26506024096385544,0.0,0.0,1.90625,0.34375,0.0,0.411,0,0,0,0,holdout
pjwtqxbj929,女,汉族,共青团员,510000,生命科学技术学院,生物医学工程,0.0,0.0,0.0,0.0,0.0,0.0,0.0,4.0,0.125,0.6959705453537527,-0.01392961876832845,0.03125,-0.12903225806451613,5.5677643628300215,0.0,0.0,0.0,0.0,0.0,0.0,0.0,0.0,0.0,0.0,0.0,0.0,0.0,0.0,0.0,0.0,0.0,0.0,0.0,0.0,0.0,0.0,0.125,0.0,0.0,0.0,0.0,0.0,0.0,0.507,1,1,0,0,holdout
pjxyqwbj146,男,汉族,共青团员,130000,计算机科学与技术学院,物联网工程,0.0,0.0,0.0,0.0,0.0,0.0,0.0,8.0,0.25,0.82915619758885,-0.010997067448680349,0.09375,-0.25806451612903225,3.3166247903554,0.0,0.0,0.0,0.0,0.0,0.0,0.0,0.0,0.0,0.0,0.0,0.0,0.0,0.0,0.0,0.0,0.0,0.0,0.0,0.0,0.0,0.0,0.25,0.0,0.0,0.0,0.0,0.0,0.0,0.507,0,0,0,0,holdout
pjxxxxbj963,男,汉族,群众,340000,通信工程学院,通信工程,0.0,0.0,0.0,0.0,0.0,0.0,0.0,4.0,0.125,0.4841229182759271,-0.010263929618768326,0.0625,-0.12903225806451613,3.872983346207417,291.0,9.09375,13.084722424931298,0.2718108504398828,0.65625,28.806451612903224,1.4388698199237167,0.0,0.0,0.0,0.0,0.0,0.0,0.0,0.0,0.1718213058419244,14.402061855670103,0.0,0.0,0.0,0.0,0.0,-8.96875,-0.1718213058419244,0.0,0.0,0.03125,0.0,0.0,0.42563999999999996,0,0,0,0,holdout
pjxtzxfj980,男,汉族,共青团员,210000,光电工程学院,电子科学与技术（第二学士学位）,0.0,0.0,0.0,0.0,0.0,0.0,0.0,4.0,0.125,0.6959705453537527,-0.010997067448680349,0.03125,-0.12903225806451613,5.5677643628300215,0.0,0.0,0.0,0.0,0.0,0.0,0.0,0.0,0.0,0.0,0.0,0.0,0.0,0.0,0.0,0.0,0.0,0.0,0.0,0.0,0.0,0.0,0.125,0.0,0.0,0.0,0.0,0.0,0.0,0.507,1,1,0,0,holdout
pjxyqxbj064,男,汉族,共青团员,530000,物理学院,电子信息科学与技术,0.0,0.0,0.0,0.0,0.0,0.0,0.0,0.0,0.0,0.0,0.0,0.0,0.0,0.0,0.0,0.0,0.0,0.0,0.0,0.0,0.0,0.0,0.0,0.0,0.0,0.0,0.0,0.0,0.0,0.0,0.0,0.0,0.0,0.0,0.0,0.0,0.0,0.0,0.0,0.0,0.0,0.0,0.0,0.507,0,0,0,0,holdout
pjxyqxbj251,男,回族,共青团员,640000,通信工程学院,通信工程,0.0,0.0,0.0,0.0,0.0,0.0,0.0,2.0,0.0625,0.34798527267687634,-0.006964809384164225,0.03125,-0.06451612903225806,5.5677643628300215,7.0,0.21875,0.4831132760543846,-0.007148093841642228,0.1875,0.8064516129032258,2.2085178333914723,0.0,0.0,0.0,0.0,0.0,0.0,0.0,0.0,0.2857142857142857,13.428571428571429,0.0,0.0,0.0,0.0,0.0,-0.15625,-0.2857142857142857,0.0,0.0,0.21875,0.15625,0.0,0.42399999999999993,0,0,0,0,holdout
pjwrqxbj949,男,汉族,共青团员,610000,先进材料与纳米科技学院,材料科学与工程,0.0,0.0,0.0,0.0,0.0,0.0,0.0,10.0,0.3125,0.8816709987291178,-0.020161290322580638,0.125,-0.3225806451612903,2.821347195933177,0.0,0.0,0.0,0.0,0.0,0.0,0.0,0.0,0.0,0.0,0.0,0.0,0.0,0.0,0.0,0.0,0.0,0.0,0.0,0.0,0.0,0.0,0.3125,0.0,0.0,0.0,0.0,0.125,0.0,0.507,1,1,0,0,holdout
pjxyqxbj063,男,汉族,共青团员,530000,电子工程学院,遥感科学与技术,0.0,0.0,0.0,0.0,0.0,0.0,0.0,0.0,0.0,0.0,0.0,0.0,0.0,0.0,0.0,0.0,0.0,0.0,0.0,0.0,0.0,0.0,0.0,0.0,0.0,0.0,0.0,0.0,0.0,0.0,0.0,0.0,0.0,0.0,0.0,0.0,0.0,0.0,0.0,0.0,0.0,0.0,0.0,0.507,0,0,0,0,holdout
pjxyqxbk382,男,汉族,共青团员,510000,微电子学院,集成电路设计与集成系统,0.0,0.0,0.0,0.0,0.0,0.0,0.0,4.0,0.125,0.4841229182759271,-0.005131964809384161,0.0625,-0.12903225806451613,3.872983346207417,0.0,0.0,0.0,0.0,0.0,0.0,0.0,0.0,0.0,0.0,0.0,0.0,0.0,0.0,0.0,0.0,0.0,0.0,0.0,0.0,0.0,0.0,0.125,0.0,0.0,0.0,0.0,0.0,0.0,0.507,0,0,0,0,holdout
pjxyqwbj842,男,汉族,共青团员,440000,计算机科学与技术学院,计算机科学与技术,0.0,0.0,0.0,0.0,0.0,0.0,0.0,4.0,0.125,0.4841229182759271,-0.011730205278592375,0.0625,-0.12903225806451613,3.872983346207417,345.0,10.78125,11.027619799281258,0.26447947214076234,0.8125,7.451612903225806,1.022851691527537,0.0,0.0,0.0,0.0,0.0,0.0,0.0,0.0,0.3652173913043478,11.794202898550724,0.0,0.0,0.0,0.0,0.0,-10.65625,-0.3652173913043478,0.0,0.0,2.0625,0.0,0.0,0.41007999999999994,0,0,0,0,holdout
pjxyqxbl821,男,汉族,群众,610000,通信工程学院,通信工程,0.0,0.0,0.0,0.0,0.0,0.0,0.0,0.0,0.0,0.0,0.0,0.0,0.0,0.0,81.0,2.53125,7.314302662421073,0.38947947214076245,0.21875,4.612903225806452,2.8896010518206707,0.0,0.0,0.0,0.0,0.0,0.0,0.0,0.0,0.2716049382716049,13.74074074074074,0.0,0.0,0.0,0.0,0.0,-2.53125,-0.2716049382716049,0.0,0.0,2.6875,0.0,0.0,0.4074,0,0,0,0,holdout
pjxuqwbj757,男,汉族,共青团员,500000,计算机科学与技术学院,软件工程,0.0,0.0,0.0,0.0,0.0,0.0,0.0,2.0,0.0625,0.34798527267687634,-0.006964809384164225,0.03125,-0.06451612903225806,5.5677643628300215,0.0,0.0,0.0,0.0,0.0,0.0,0.0,0.0,0.0,0.0,0.0,0.0,0.0,0.0,0.0,0.0,0.0,0.0,0.0,0.0,0.0,0.0,0.0625,0.0,0.0,0.0,0.0,0.0,0.0,0.507,1,1,0,0,holdout
pjxuqwbj470,男,满族,共青团员,220000,机电工程学院,工业设计,0.0,0.0,0.0,0.0,0.0,0.0,0.0,4.0,0.125,0.4841229182759271,-0.012463343108504395,0.0625,-0.12903225806451613,3.872983346207417,18.0,0.5625,1.7842628029525247,0.049853372434017586,0.15625,4.580645161290323,3.1720227608044884,0.0,0.0,0.0,0.0,0.0,0.0,0.0,0.0,0.3333333333333333,15.722222222222221,0.0,0.0,0.0,0.0,0.0,-0.4375,-0.3333333333333333,0.0,0.0,1.78125,0.0,0.0,0.41179999999999994,0,0,0,0,holdout
pjxyqxbk151,女,汉族,共青团员,610000,电子工程学院,电磁场与无线技术,0.0,0.0,0.0,0.0,0.0,0.0,0.0,0.0,0.0,0.0,0.0,0.0,0.0,0.0,0.0,0.0,0.0,0.0,0.0,0.0,0.0,1.0,0.03125,0.17399263633843817,-0.003115835777126099,0.03125,-0.03225806451612903,5.5677643628300215,0.0,0.0,0.0,0.0,0.0,17.0,0.0,0.0,0.0,0.0,0.0,0.0,0.0,0.0,0.0,0.507,0,0,0,0,holdout
pjxyqwbj955,男,汉族,共青团员,320000,计算机科学与技术学院,软件工程,0.0,0.0,0.0,0.0,0.0,0.0,0.0,0.0,0.0,0.0,0.0,0.0,0.0,0.0,0.0,0.0,0.0,0.0,0.0,0.0,0.0,0.0,0.0,0.0,0.0,0.0,0.0,0.0,0.0,0.0,0.0,0.0,0.0,0.0,0.0,0.0,0.0,0.0,0.0,0.0,0.0,0.0,0.0,0.507,0,0,0,0,holdout
pjvyzvfj994,女,汉族,中国共产党党员,370000,人工智能学院,人工智能（第二学士学位）,0.0,0.0,0.0,0.0,0.0,0.0,0.0,0.0,0.0,0.0,0.0,0.0,0.0,0.0,0.0,0.0,0.0,0.0,0.0,0.0,0.0,0.0,0.0,0.0,0.0,0.0,0.0,0.0,0.0,0.0,0.0,0.0,0.0,0.0,0.0,0.0,0.0,0.0,0.0,0.0,0.0,0.0,0.0,0.507,1,1,0,0,holdout
pjxyqxbl789,男,汉族,共青团员,610000,光电工程学院,电子科学与技术,0.0,0.0,0.0,0.0,0.0,0.0,0.0,6.0,0.1875,1.0439558180306292,-0.020894428152492657,0.03125,-0.1935483870967742,5.567764362830022,0.0,0.0,0.0,0.0,0.0,0.0,0.0,0.0,0.0,0.0,0.0,0.0,0.0,0.0,0.0,0.0,0.0,0.0,0.0,0.0,0.0,0.0,0.1875,0.0,0.0,0.0,0.0,0.0,0.0,0.507,0,0,0,0,holdout
pjxyqxbj280,男,汉族,共青团员,140000,电子工程学院,电子信息工程,0.0,0.0,0.0,0.0,0.0,0.0,0.0,4.0,0.125,0.4841229182759271,-0.012463343108504395,0.0625,-0.12903225806451613,3.872983346207417,16.0,0.5,1.620185174601965,0.056818181818181795,0.15625,7.741935483870968,3.24037034920393,0.0,0.0,0.0,0.0,0.0,0.0,0.0,0.0,0.375,13.5625,0.0,0.0,0.0,0.0,0.0,-0.375,-0.375,0.0,0.0,1.0625,0.0,0.0,0.41616,0,0,0,0,holdout
pjxtztbj985,男,藏族,群众,540000,物理学院,电子信息科学与技术,0.0,0.0,0.0,0.0,0.0,0.0,0.0,0.0,0.0,0.0,0.0,0.0,0.0,0.0,0.0,0.0,0.0,0.0,0.0,0.0,0.0,0.0,0.0,0.0,0.0,0.0,0.0,0.0,0.0,0.0,0.0,0.0,0.0,0.0,0.0,0.0,0.0,0.0,0.0,0.0,0.0,0.0,0.0,0.507,1,1,0,0,holdout
pjxsqxbj925,男,汉族,共青团员,620000,经济与管理学院,工商管理（理工类）,0.0,0.0,0.0,0.0,0.0,0.0,0.0,4.0,0.125,0.4841229182759271,-0.005865102639296186,0.0625,-0.12903225806451613,3.872983346207417,0.0,0.0,0.0,0.0,0.0,0.0,0.0,0.0,0.0,0.0,0.0,0.0,0.0,0.0,0.0,0.0,0.0,0.0,0.0,0.0,0.0,0.0,0.125,0.0,0.0,0.0,0.0,0.0,0.0,0.507,1,1,0,0,holdout
pjxyqwbj368,男,汉族,共青团员,340000,计算机科学与技术学院,计算机科学与技术,0.0,0.0,0.0,0.0,0.0,0.0,0.0,6.0,0.1875,0.582961190818051,-0.01722873900293255,0.09375,-0.1935483870967742,3.109126351029605,0.0,0.0,0.0,0.0,0.0,0.0,0.0,0.0,0.0,0.0,0.0,0.0,0.0,0.0,0.0,0.0,0.0,0.0,0.0,0.0,0.0,0.0,0.1875,0.0,0.0,0.0,0.0,0.0,0.0,0.507,0,0,0,0,holdout
pjxyqxbj749,男,汉族,共青团员,150000,物理学院,电子信息科学与技术,0.0,0.0,0.0,0.0,0.0,0.0,0.0,2.0,0.0625,0.34798527267687634,0.0010997067448680353,0.03125,-0.06451612903225806,5.5677643628300215,416.0,13.0,14.409198450989562,0.5788123167155426,0.71875,44.38709677419355,1.108399880845351,0.0,0.0,0.0,0.0,0.0,0.0,0.0,0.0,0.24278846153846154,14.23798076923077,0.0,0.0,0.0,0.0,0.0,-12.9375,-0.24278846153846154,0.0,0.0,5.34375,0.0,0.0,0.39971999999999996,0,0,0,0,holdout
pjxyqwbj267,男,汉族,共青团员,430000,计算机科学与技术学院,物联网工程,0.0,0.0,0.0,0.0,0.0,0.0,0.0,0.0,0.0,0.0,0.0,0.0,0.0,0.0,0.0,0.0,0.0,0.0,0.0,0.0,0.0,0.0,0.0,0.0,0.0,0.0,0.0,0.0,0.0,0.0,0.0,0.0,0.0,0.0,0.0,0.0,0.0,0.0,0.0,0.0,0.0,0.0,0.0,0.507,0,0,0,0,holdout
pjxyqwbj763,男,壮族,群众,450000,计算机科学与技术学院,软件工程,0.0,0.0,0.0,0.0,0.0,0.0,0.0,2.0,0.0625,0.34798527267687634,-0.00476539589442815,0.03125,-0.06451612903225806,5.5677643628300215,0.0,0.0,0.0,0.0,0.0,0.0,0.0,0.0,0.0,0.0,0.0,0.0,0.0,0.0,0.0,0.0,0.0,0.0,0.0,0.0,0.0,0.0,0.0625,0.0,0.0,0.0,0.0,0.0,0.0,0.507,0,0,0,0,holdout
pjxvztfj994,男,汉族,共青团员,420000,计算机科学与技术学院,软件工程（第二学士学位）,0.0,0.0,0.0,0.0,0.0,0.0,0.0,0.0,0.0,0.0,0.0,0.0,0.0,0.0,0.0,0.0,0.0,0.0,0.0,0.0,0.0,0.0,0.0,0.0,0.0,0.0,0.0,0.0,0.0,0.0,0.0,0.0,0.0,0.0,0.0,0.0,0.0,0.0,0.0,0.0,0.0,0.0,0.0,0.507,1,1,0,0,holdout
pjxyqwbj225,女,畲族,共青团员,350000,计算机科学与技术学院,计算机科学与技术,0.0,0.0,0.0,0.0,0.0,0.0,0.0,12.0,0.375,1.2686114456365274,-0.038123167155425214,0.09375,-0.3870967741935484,3.3829638550307397,0.0,0.0,0.0,0.0,0.0,0.0,0.0,0.0,0.0,0.0,0.0,0.0,0.0,0.0,0.0,0.0,0.0,0.0,0.0,0.0,0.0,0.0,0.375,0.0,0.0,0.0,0.0,0.09375,0.0,0.507,0,0,0,0,holdout
pjxyqxbk767,男,汉族,群众,510000,光电工程学院,电子科学与技术,0.0,0.0,0.0,0.0,0.0,0.0,0.0,0.0,0.0,0.0,0.0,0.0,0.0,0.0,0.0,0.0,0.0,0.0,0.0,0.0,0.0,0.0,0.0,0.0,0.0,0.0,0.0,0.0,0.0,0.0,0.0,0.0,0.0,0.0,0.0,0.0,0.0,0.0,0.0,0.0,0.0,0.0,0.0,0.507,0,0,0,0,holdout
pjxyqwbj400,男,汉族,共青团员,370000,网络与信息安全学院,网络空间安全,0.0,0.0,0.0,0.0,0.0,0.0,0.0,2.0,0.0625,0.34798527267687634,-0.006964809384164225,0.03125,-0.06451612903225806,5.5677643628300215,368.0,11.5,13.235841491949047,-0.8181818181818183,0.6875,-8.774193548387096,1.1509427384303519,0.0,0.0,0.0,0.0,0.0,0.0,0.0,0.0,0.2391304347826087,14.58695652173913,0.0,0.0,0.0,0.0,0.0,-11.4375,-0.2391304347826087,0.0,0.0,0.0625,0.03125,0.0,0.42516,0,0,0,0,holdout
pjxyqwbj811,男,汉族,共青团员,440000,计算机科学与技术学院,数字媒体技术,0.0,0.0,0.0,0.0,0.0,0.0,0.0,6.0,0.1875,0.7680128579652817,-0.019428152492668615,0.0625,-0.1935483870967742,4.096068575814836,0.0,0.0,0.0,0.0,0.0,0.0,0.0,0.0,0.0,0.0,0.0,0.0,0.0,0.0,0.0,0.0,0.0,0.0,0.0,0.0,0.0,0.0,0.1875,0.0,0.0,0.0,0.0,0.0,0.0,0.507,0,0,0,0,holdout
pjxsqxbj796,女,汉族,共青团员,610000,经济与管理学院,工程管理,0.0,0.0,0.0,0.0,0.0,0.0,0.0,8.0,0.25,1.0897247358851685,-0.026392961876832835,0.0625,-0.25806451612903225,4.358898943540674,0.0,0.0,0.0,0.0,0.0,0.0,0.0,0.0,0.0,0.0,0.0,0.0,0.0,0.0,0.0,0.0,0.0,0.0,0.0,0.0,0.0,0.0,0.25,0.0,0.0,0.0,0.0,0.0,0.0,0.507,1,1,0,0,holdout
pjxyqwbk534,男,汉族,共青团员,310000,计算机科学与技术学院,计算机科学与技术,0.0,0.0,0.0,0.0,0.0,0.0,0.0,0.0,0.0,0.0,0.0,0.0,0.0,0.0,295.0,9.21875,11.685285552244755,0.2978372434017596,0.65625,3.903225806451612,1.2675563988875667,0.0,0.0,0.0,0.0,0.0,0.0,0.0,0.0,0.3050847457627119,12.735593220338982,0.0,0.0,0.0,0.0,0.0,-9.21875,-0.3050847457627119,0.0,0.0,2.40625,0.0625,0.0,0.40884,0,0,0,0,holdout
pjxyqxbj428,男,汉族,共青团员,230000,通信工程学院,信息工程,0.0,0.0,0.0,0.0,0.0,0.0,0.0,32.0,1.0,3.0413812651491097,-0.0667155425219941,0.125,-1.032258064516129,3.0413812651491097,0.0,0.0,0.0,0.0,0.0,0.0,0.0,0.0,0.0,0.0,0.0,0.0,0.0,0.0,0.0,0.0,0.0,0.0,0.0,0.0,0.0,0.0,1.0,0.0,0.0,0.0,0.0,0.0,0.0,0.507,0,0,0,0,holdout
pjxyqwbk513,男,汉族,群众,650000,网络与信息安全学院,信息安全,0.0,0.0,0.0,0.0,0.0,0.0,0.0,6.0,0.1875,0.7680128579652817,-0.020161290322580638,0.0625,-0.1935483870967742,4.096068575814836,0.0,0.0,0.0,0.0,0.0,0.0,0.0,0.0,0.0,0.0,0.0,0.0,0.0,0.0,0.0,0.0,0.0,0.0,0.0,0.0,0.0,0.0,0.1875,0.0,0.0,0.0,0.0,0.0,0.0,0.507,0,0,0,0,holdout
pjxyqxbk549,男,汉族,共青团员,130000,电子工程学院,电子信息工程,0.0,0.0,0.0,0.0,0.0,0.0,0.0,4.0,0.125,0.6959705453537527,-0.01392961876832845,0.03125,-0.12903225806451613,5.5677643628300215,0.0,0.0,0.0,0.0,0.0,0.0,0.0,0.0,0.0,0.0,0.0,0.0,0.0,0.0,0.0,0.0,0.0,0.0,0.0,0.0,0.0,0.0,0.125,0.0,0.0,0.0,0.0,0.0,0.0,0.507,0,0,0,0,holdout
pjxyqxbj724,男,汉族,共青团员,110000,电子工程学院,电子信息工程,0.0,0.0,0.0,0.0,0.0,0.0,0.0,6.0,0.1875,0.582961190818051,-0.017961876832844573,0.09375,-0.1935483870967742,3.109126351029605,0.0,0.0,0.0,0.0,0.0,0.0,0.0,0.0,0.0,0.0,0.0,0.0,0.0,0.0,0.0,0.0,0.0,0.0,0.0,0.0,0.0,0.0,0.1875,0.0,0.0,0.0,0.0,0.0,0.0,0.507,0,0,0,0,holdout
pjxyqxbj712,男,汉族,群众,110000,通信工程学院,信息工程,0.0,0.0,0.0,0.0,0.0,0.0,0.0,2.0,0.0625,0.34798527267687634,-0.006964809384164225,0.03125,-0.06451612903225806,5.5677643628300215,0.0,0.0,0.0,0.0,0.0,0.0,0.0,0.0,0.0,0.0,0.0,0.0,0.0,0.0,0.0,0.0,0.0,0.0,0.0,0.0,0.0,0.0,0.0625,0.0,0.0,0.0,0.0,0.0625,0.0,0.507,0,0,0,0,holdout
pjxyqwbk835,女,汉族,共青团员,610000,计算机科学与技术学院,物联网工程,0.0,0.0,0.0,0.0,0.0,0.0,0.0,0.0,0.0,0.0,0.0,0.0,0.0,0.0,202.0,6.3125,10.809248065892465,0.407624633431085,0.59375,14.129032258064516,1.7123561292502916,0.0,0.0,0.0,0.0,0.0,0.0,0.0,0.0,0.21287128712871287,11.371287128712872,0.0,0.0,0.0,0.0,0.0,-6.3125,-0.21287128712871287,0.0,0.0,4.34375,0.0,0.0,0.40243999999999996,0,0,0,0,holdout
pjxyqxbj879,男,汉族,共青团员,340000,通信工程学院,通信工程,0.0,0.0,0.0,0.0,0.0,0.0,0.0,2.0,0.0625,0.34798527267687634,-0.006231671554252198,0.03125,-0.06451612903225806,5.5677643628300215,0.0,0.0,0.0,0.0,0.0,0.0,0.0,0.0,0.0,0.0,0.0,0.0,0.0,0.0,0.0,0.0,0.0,0.0,0.0,0.0,0.0,0.0,0.0625,0.0,0.0,0.0,0.0,31.78125,0.20747295968534907,0.65832,1,1,0,0,holdout
pjxuqwbj898,男,汉族,共青团员,150000,机电工程学院,电子封装技术,0.0,0.0,0.0,0.0,0.0,0.0,0.0,6.0,0.1875,0.7680128579652817,-0.019428152492668615,0.0625,-0.1935483870967742,4.096068575814836,345.0,10.78125,13.443712226818157,-0.43383431085043955,0.8125,5.387096774193548,1.246953018139655,0.0,0.0,0.0,0.0,0.0,0.0,0.0,0.0,0.2927536231884058,14.440579710144927,0.0,0.0,0.0,0.0,0.0,-10.59375,-0.2927536231884058,0.0,0.0,9.625,0.15625,0.4,0.5485599999999999,1,1,0,0,holdout
pjxyqwbj937,男,汉族,共青团员,320000,计算机科学与技术学院,软件工程,0.0,0.0,0.0,0.0,0.0,0.0,0.0,6.0,0.1875,0.7680128579652817,-0.020161290322580638,0.0625,-0.1935483870967742,4.096068575814836,0.0,0.0,0.0,0.0,0.0,0.0,0.0,0.0,0.0,0.0,0.0,0.0,0.0,0.0,0.0,0.0,0.0,0.0,0.0,0.0,0.0,0.0,0.1875,0.0,0.0,0.0,0.0,0.0,0.0,0.507,0,0,0,0,holdout
pjxyqxbj743,男,汉族,共青团员,140000,电子工程学院,信息对抗技术,0.0,0.0,0.0,0.0,0.0,0.0,0.0,8.0,0.25,0.82915619758885,-0.024193548387096767,0.09375,-0.25806451612903225,3.3166247903554,0.0,0.0,0.0,0.0,0.0,0.0,0.0,0.0,0.0,0.0,0.0,0.0,0.0,0.0,0.0,0.0,0.0,0.0,0.0,0.0,0.0,0.0,0.25,0.0,0.0,0.0,0.0,0.0,0.0,0.507,0,0,0,0,holdout
pjxsqxbj946,男,汉族,共青团员,330000,经济与管理学院,信息管理与信息系统,0.0,0.0,0.0,0.0,0.0,0.0,0.0,10.0,0.3125,1.7399263633843818,-0.034824046920821104,0.03125,-0.3225806451612903,5.5677643628300215,0.0,0.0,0.0,0.0,0.0,0.0,0.0,0.0,0.0,0.0,0.0,0.0,0.0,0.0,0.0,0.0,0.0,0.0,0.0,0.0,0.0,0.0,0.3125,0.0,0.0,0.0,0.0,0.0,0.0,0.507,1,1,0,0,holdout
pjxyqwbk870,女,汉族,共青团员,610000,人工智能学院,智能科学与技术,0.0,0.0,0.0,0.0,0.0,0.0,0.0,20.0,0.625,3.1399641717701177,-0.06818181818181818,0.0625,-0.6451612903225806,5.023942674832188,0.0,0.0,0.0,0.0,0.0,0.0,0.0,0.0,0.0,0.0,0.0,0.0,0.0,0.0,0.0,0.0,0.0,0.0,0.0,0.0,0.0,0.0,0.625,0.0,0.0,0.0,0.0,0.0,0.0,0.507,0,0,0,0,holdout
pjxyqxbk697,男,汉族,共青团员,430000,通信工程学院,信息工程,0.0,0.0,0.0,0.0,0.0,0.0,0.0,6.0,0.1875,0.582961190818051,-0.017961876832844573,0.09375,-0.1935483870967742,3.109126351029605,397.0,12.40625,24.85565752374095,1.6471774193548387,0.34375,59.45161290322581,2.0034786920899506,0.0,0.0,0.0,0.0,0.0,0.0,0.0,0.0,0.28967254408060455,12.418136020151133,0.0,0.0,0.0,0.0,0.0,-12.21875,-0.28967254408060455,0.0,0.0,16.6875,0.0,0.0,0.38883999999999996,0,0,0,0,holdout
pjxyqwbj709,男,汉族,共青团员,410000,计算机科学与技术学院,计算机科学与技术,0.0,0.0,0.0,0.0,0.0,0.0,0.0,10.0,0.3125,1.2358574958303243,-0.02895894428152491,0.0625,-0.3225806451612903,3.954743986657038,0.0,0.0,0.0,0.0,0.0,0.0,0.0,0.0,0.0,0.0,0.0,0.0,0.0,0.0,0.0,0.0,0.0,0.0,0.0,0.0,0.0,0.0,0.3125,0.0,0.0,0.0,0.0,0.0,0.0,0.507,0,0,0,0,holdout
pjxyqxbk895,男,汉族,共青团员,340000,微电子学院,微电子科学与工程,0.0,0.0,0.0,0.0,0.0,0.0,0.0,6.0,0.1875,0.7680128579652817,-0.018695014662756592,0.0625,-0.1935483870967742,4.096068575814836,0.0,0.0,0.0,0.0,0.0,0.0,0.0,0.0,0.0,0.0,0.0,0.0,0.0,0.0,0.0,0.0,0.0,0.0,0.0,0.0,0.0,0.0,0.1875,0.0,0.0,0.0,0.0,0.0,0.0,0.507,0,0,0,0,holdout
pjxyqwbj445,男,汉族,共青团员,370000,计算机科学与技术学院,计算机科学与技术,0.0,0.0,0.0,0.0,0.0,0.0,0.0,2.0,0.0625,0.34798527267687634,-0.006964809384164225,0.03125,-0.06451612903225806,5.5677643628300215,0.0,0.0,0.0,0.0,0.0,0.0,0.0,0.0,0.0,0.0,0.0,0.0,0.0,0.0,0.0,0.0,0.0,0.0,0.0,0.0,0.0,0.0,0.0625,0.0,0.0,0.0,0.0,0.125,0.0,0.507,0,0,0,0,holdout
pjxsqxbj829,男,汉族,共青团员,420000,经济与管理学院,信息管理与信息系统,0.0,0.0,0.0,0.0,0.0,0.0,0.0,14.0,0.4375,1.8529958850466992,-0.04582111436950147,0.0625,-0.45161290322580644,4.2354191658210265,395.0,12.34375,16.914508149440824,0.8194648093841642,0.65625,11.0,1.370289267802801,0.0,0.0,0.0,0.0,0.0,0.0,0.0,0.0,0.30632911392405066,13.625316455696202,0.0,0.0,0.0,0.0,0.0,-11.90625,-0.30632911392405066,0.0,0.0,6.21875,0.0,0.0,0.39763999999999994,0,0,0,0,holdout
pjxyqxbj734,男,汉族,群众,110000,通信工程学院,空间信息与数字技术,0.0,0.0,0.0,0.0,0.0,0.0,0.0,0.0,0.0,0.0,0.0,0.0,0.0,0.0,398.0,12.4375,15.890125668162602,0.4116568914956013,0.625,7.806451612903226,1.277598043671365,0.0,0.0,0.0,0.0,0.0,0.0,0.0,0.0,0.38944723618090454,15.228643216080402,0.0,0.0,0.0,0.0,0.0,-12.4375,-0.38944723618090454,0.0,0.0,14.78125,0.09375,0.0,0.38931999999999994,0,0,0,0,holdout
pjxyqwbk931,男,汉族,共青团员,610000,人工智能学院,人工智能,0.0,0.0,0.0,0.0,0.0,0.0,0.0,6.0,0.1875,1.0439558180306292,-0.020894428152492657,0.03125,-0.1935483870967742,5.567764362830022,695.0,21.71875,24.631324536806787,-0.7798753665689147,0.8125,-17.258064516129032,1.1341041513349888,0.0,0.0,0.0,0.0,0.0,0.0,0.0,0.0,0.260431654676259,14.2,0.0,0.0,0.0,0.0,0.0,-21.53125,-0.260431654676259,0.0,0.0,4.75,0.125,1.0,0.56214,1,1,0,0,holdout
pjxyqwbj452,男,汉族,共青团员,370000,计算机科学与技术学院,软件工程,0.0,0.0,0.0,0.0,0.0,0.0,0.0,6.0,0.1875,0.7680128579652817,-0.020161290322580638,0.0625,-0.1935483870967742,4.096068575814836,0.0,0.0,0.0,0.0,0.0,0.0,0.0,0.0,0.0,0.0,0.0,0.0,0.0,0.0,0.0,0.0,0.0,0.0,0.0,0.0,0.0,0.0,0.1875,0.0,0.0,0.0,0.0,0.8125,0.0,0.507,0,0,0,0,holdout
pjxyqxbj220,男,汉族,共青团员,500000,微电子学院,集成电路设计与集成系统,0.0,0.0,0.0,0.0,0.0,0.0,0.0,16.0,0.5,2.449489742783178,-0.047653958944281524,0.0625,-0.5161290322580645,4.898979485566356,0.0,0.0,0.0,0.0,0.0,0.0,0.0,0.0,0.0,0.0,0.0,0.0,0.0,0.0,0.0,0.0,0.0,0.0,0.0,0.0,0.0,0.0,0.5,0.0,0.0,0.0,0.0,0.0,0.0,0.507,0,0,0,0,holdout
pjxyqwbj253,男,汉族,共青团员,430000,网络与信息安全学院,网络空间安全,0.0,0.0,0.0,0.0,0.0,0.0,0.0,2.0,0.0625,0.34798527267687634,-0.00476539589442815,0.03125,-0.06451612903225806,5.5677643628300215,0.0,0.0,0.0,0.0,0.0,0.0,0.0,0.0,0.0,0.0,0.0,0.0,0.0,0.0,0.0,0.0,0.0,0.0,0.0,0.0,0.0,0.0,0.0625,0.0,0.0,0.0,0.0,0.0,0.0,0.507,0,0,0,0,holdout
pjxuqwbj643,男,汉族,共青团员,360000,机电工程学院,自动化,0.0,0.0,0.0,0.0,0.0,0.0,0.0,10.0,0.3125,1.2358574958303243,-0.030425219941348967,0.0625,-0.3225806451612903,3.954743986657038,0.0,0.0,0.0,0.0,0.0,0.0,0.0,0.0,0.0,0.0,0.0,0.0,0.0,0.0,0.0,0.0,0.0,0.0,0.0,0.0,0.0,0.0,0.3125,0.0,0.0,0.0,0.0,0.0,0.0,0.507,1,1,0,0,holdout
pjxyqwbk828,男,汉族,共青团员,610000,计算机科学与技术学院,软件工程,0.0,0.0,0.0,0.0,0.0,0.0,0.0,4.0,0.125,0.6959705453537527,-0.01392961876832845,0.03125,-0.12903225806451613,5.5677643628300215,0.0,0.0,0.0,0.0,0.0,0.0,0.0,0.0,0.0,0.0,0.0,0.0,0.0,0.0,0.0,0.0,0.0,0.0,0.0,0.0,0.0,0.0,0.125,0.0,0.0,0.0,0.0,0.03125,0.0,0.507,0,0,0,0,holdout
pjxuqwbj651,男,汉族,共青团员,340000,机电工程学院,机器人工程,0.0,0.0,0.0,0.0,0.0,0.0,0.0,2.0,0.0625,0.34798527267687634,-0.006964809384164225,0.03125,-0.06451612903225806,5.5677643628300215,0.0,0.0,0.0,0.0,0.0,0.0,0.0,0.0,0.0,0.0,0.0,0.0,0.0,0.0,0.0,0.0,0.0,0.0,0.0,0.0,0.0,0.0,0.0625,0.0,0.0,0.0,0.0,0.0,0.0,0.507,1,1,0,0,holdout
pjxyqwbj243,男,汉族,共青团员,350000,计算机科学与技术学院,计算机科学与技术,0.0,0.0,0.0,0.0,0.0,0.0,0.0,6.0,0.1875,0.7680128579652817,-0.01796187683284457,0.0625,-0.1935483870967742,4.096068575814836,0.0,0.0,0.0,0.0,0.0,0.0,0.0,0.0,0.0,0.0,0.0,0.0,0.0,0.0,0.0,0.0,0.0,0.0,0.0,0.0,0.0,0.0,0.1875,0.0,0.0,0.0,0.0,0.0,0.0,0.507,0,0,0,0,holdout
pjxyqxbj065,男,彝族,共青团员,530000,电子工程学院,电子信息工程,0.0,0.0,0.0,0.0,0.0,0.0,0.0,18.0,0.5625,2.511691412176265,-0.04728739002932551,0.0625,-0.5806451612903226,4.465229177202249,0.0,0.0,0.0,0.0,0.0,0.0,0.0,0.0,0.0,0.0,0.0,0.0,0.0,0.0,0.0,0.0,0.0,0.0,0.0,0.0,0.0,0.0,0.5625,0.0,0.0,0.0,0.0,0.0,0.0,0.507,0,0,0,0,holdout
pjxyqxbk565,男,汉族,共青团员,460000,微电子学院,微电子科学与工程,0.0,0.0,0.0,0.0,0.0,0.0,0.0,0.0,0.0,0.0,0.0,0.0,0.0,0.0,0.0,0.0,0.0,0.0,0.0,0.0,0.0,0.0,0.0,0.0,0.0,0.0,0.0,0.0,0.0,0.0,0.0,0.0,0.0,0.0,0.0,0.0,0.0,0.0,0.0,0.0,0.0,0.84375,0.2962962962962963,0.66084,1,1,0,0,holdout
pjxyqxbk553,男,汉族,共青团员,130000,通信工程学院,通信工程,0.0,0.0,0.0,0.0,0.0,0.0,0.0,2.0,0.0625,0.34798527267687634,0.0010997067448680353,0.03125,-0.06451612903225806,5.5677643628300215,0.0,0.0,0.0,0.0,0.0,0.0,0.0,0.0,0.0,0.0,0.0,0.0,0.0,0.0,0.0,0.0,0.0,0.0,0.0,0.0,0.0,0.0,0.0625,0.0,0.0,0.0,0.0,0.0,0.0,0.507,0,0,0,0,holdout
pjxyqxbl975,男,汉族,共青团员,610000,微电子学院,集成电路设计与集成系统,0.0,0.0,0.0,0.0,0.0,0.0,0.0,4.0,0.125,0.4841229182759271,-0.003665689149560114,0.0625,-0.12903225806451613,3.872983346207417,77.0,2.40625,5.978395348042818,0.29967008797653955,0.21875,21.258064516129032,2.4845279368489632,0.0,0.0,0.0,0.0,0.0,0.0,0.0,0.0,0.1038961038961039,10.883116883116884,0.0,0.0,0.0,0.0,0.0,-2.28125,-0.1038961038961039,0.0,0.0,8.4375,0.0625,0.0,0.39443999999999996,0,0,0,0,holdout
pjxyqwbk521,男,汉族,群众,650000,网络与信息安全学院,网络空间安全,0.0,0.0,0.0,0.0,0.0,0.0,0.0,4.0,0.125,0.4841229182759271,-0.012463343108504395,0.0625,-0.12903225806451613,3.872983346207417,0.0,0.0,0.0,0.0,0.0,0.0,0.0,0.0,0.0,0.0,0.0,0.0,0.0,0.0,0.0,0.0,0.0,0.0,0.0,0.0,0.0,0.0,0.125,0.0,0.0,0.0,0.0,0.0,0.0,0.507,0,0,0,0,holdout
pjxyqxbj490,男,汉族,共青团员,410000,微电子学院,微电子科学与工程,0.0,0.0,0.0,0.0,0.0,0.0,0.0,2.0,0.0625,0.34798527267687634,-0.006964809384164225,0.03125,-0.06451612903225806,5.5677643628300215,0.0,0.0,0.0,0.0,0.0,0.0,0.0,0.0,0.0,0.0,0.0,0.0,0.0,0.0,0.0,0.0,0.0,0.0,0.0,0.0,0.0,0.0,0.0625,0.0,0.0,0.0,0.0,0.0,0.0,0.507,0,0,0,0,holdout
pjxyqwbj072,男,汉族,共青团员,210000,网络与信息安全学院,网络空间安全,0.0,0.0,0.0,0.0,0.0,0.0,0.0,8.0,0.25,1.0897247358851685,-0.027126099706744858,0.0625,-0.25806451612903225,4.358898943540674,0.0,0.0,0.0,0.0,0.0,0.0,0.0,0.0,0.0,0.0,0.0,0.0,0.0,0.0,0.0,0.0,0.0,0.0,0.0,0.0,0.0,0.0,0.25,0.0,0.0,0.0,0.0,0.8125,0.0,0.507,0,0,0,0,holdout
pjxyqwbj100,女,汉族,共青团员,130000,网络与信息安全学院,信息安全,0.0,0.0,0.0,0.0,0.0,0.0,0.0,14.0,0.4375,1.4776988021921111,-0.037023460410557166,0.125,-0.45161290322580644,3.377597262153397,242.0,7.5625,9.905609206404218,-0.04215542521994126,0.75,-3.67741935483871,1.309832622334442,0.0,0.0,0.0,0.0,0.0,0.0,0.0,0.0,0.34710743801652894,13.181818181818182,0.0,0.0,0.0,0.0,0.0,-7.125,-0.34710743801652894,0.0,0.0,6.625,0.0,0.0,0.3972399999999999,0,0,0,0,holdout
pjxsqxbj899,女,汉族,共青团员,410000,经济与管理学院,工商管理（理工类）,0.0,0.0,0.0,0.0,0.0,0.0,0.0,12.0,0.375,1.4523687548277813,-0.03958944281524925,0.09375,-0.3870967741935484,3.8729833462074166,0.0,0.0,0.0,0.0,0.0,0.0,0.0,0.0,0.0,0.0,0.0,0.0,0.0,0.0,0.0,0.0,0.0,0.0,0.0,0.0,0.0,0.0,0.375,0.0,0.0,0.0,0.0,0.0,0.0,0.507,1,1,0,0,holdout
pjxyqwbj116,男,汉族,共青团员,130000,人工智能学院,智能科学与技术,0.0,0.0,0.0,0.0,0.0,0.0,0.0,0.0,0.0,0.0,0.0,0.0,0.0,0.0,0.0,0.0,0.0,0.0,0.0,0.0,0.0,0.0,0.0,0.0,0.0,0.0,0.0,0.0,0.0,0.0,0.0,0.0,0.0,0.0,0.0,0.0,0.0,0.0,0.0,0.0,0.0,0.0,0.0,0.507,0,0,0,0,holdout
pjxyqwbk650,女,汉族,共青团员,610000,计算机科学与技术学院,物联网工程,0.0,0.0,0.0,0.0,0.0,0.0,0.0,8.0,0.25,0.82915619758885,-0.010263929618768323,0.09375,-0.25806451612903225,3.3166247903554,0.0,0.0,0.0,0.0,0.0,0.0,0.0,0.0,0.0,0.0,0.0,0.0,0.0,0.0,0.0,0.0,0.0,0.0,0.0,0.0,0.0,0.0,0.25,0.0,0.0,0.0,0.0,0.25,0.0,0.507,0,0,0,0,holdout
pjxuqwbj591,男,汉族,共青团员,620000,通信工程学院,通信工程,0.0,0.0,0.0,0.0,0.0,0.0,0.0,34.0,1.0625,4.152841647595054,-0.09934017595307916,0.09375,-1.096774193548387,3.9085568447953447,760.0,23.75,23.60349550384434,0.8335777126099707,0.78125,30.193548387096776,0.9938313896355512,0.0,0.0,0.0,0.0,0.0,0.0,0.0,0.0,0.2644736842105263,15.210526315789474,0.0,0.0,0.0,0.0,0.0,-22.6875,-0.2644736842105263,0.0,0.0,5.25,0.0,0.0,0.39979999999999993,0,0,0,0,holdout
pjxyqwbj789,男,汉族,共青团员,450000,计算机科学与技术学院,软件工程,0.0,0.0,0.0,0.0,0.0,0.0,0.0,2.0,0.0625,0.34798527267687634,-0.006964809384164225,0.03125,-0.06451612903225806,5.5677643628300215,0.0,0.0,0.0,0.0,0.0,0.0,0.0,0.0,0.0,0.0,0.0,0.0,0.0,0.0,0.0,0.0,0.0,0.0,0.0,0.0,0.0,0.0,0.0625,0.0,0.0,0.0,0.0,0.0,0.0,0.507,0,0,0,0,holdout
pjxyqwbk729,男,汉族,群众,610000,计算机科学与技术学院,软件工程,0.0,0.0,0.0,0.0,0.0,0.0,0.0,2.0,0.0625,0.34798527267687634,-0.006964809384164225,0.03125,-0.06451612903225806,5.5677643628300215,0.0,0.0,0.0,0.0,0.0,0.0,0.0,0.0,0.0,0.0,0.0,0.0,0.0,0.0,0.0,0.0,0.0,0.0,0.0,0.0,0.0,0.0,0.0625,0.0,0.0,0.0,0.0,0.0,0.0,0.507,0,0,0,0,holdout
pjxyqxbk505,男,汉族,共青团员,130000,通信工程学院,通信工程,0.0,0.0,0.0,0.0,0.0,0.0,0.0,10.0,0.3125,1.7399263633843818,-0.023826979472140762,0.03125,-0.3225806451612903,5.5677643628300215,916.0,28.625,23.8939715200299,0.8405425219941349,0.875,8.64516129032258,0.8347238958962411,0.0,0.0,0.0,0.0,0.0,0.0,0.0,0.0,0.2521834061135371,12.842794759825328,0.0,0.0,0.0,0.0,0.0,-28.3125,-0.2521834061135371,0.0,0.0,6.0,2.375,0.039473684210526314,0.5399599999999999,1,1,0,0,holdout
pjxyqxbk969,男,汉族,共青团员,370000,通信工程学院,通信工程,0.0,0.0,0.0,0.0,0.0,0.0,0.0,14.0,0.4375,1.8529958850466992,-0.04728739002932549,0.0625,-0.45161290322580644,4.2354191658210265,0.0,0.0,0.0,0.0,0.0,0.0,0.0,0.0,0.0,0.0,0.0,0.0,0.0,0.0,0.0,0.0,0.0,0.0,0.0,0.0,0.0,0.0,0.4375,0.0,0.0,0.0,0.0,0.0,0.0,0.507,0,0,0,0,holdout
pjxxztfj982,男,汉族,共青团员,320000,通信工程学院,信息工程（第二学士学位）,0.0,0.0,0.0,0.0,0.0,0.0,0.0,0.0,0.0,0.0,0.0,0.0,0.0,0.0,0.0,0.0,0.0,0.0,0.0,0.0,0.0,0.0,0.0,0.0,0.0,0.0,0.0,0.0,0.0,0.0,0.0,0.0,0.0,0.0,0.0,0.0,0.0,0.0,0.0,0.0,0.0,0.0,0.0,0.507,0,0,0,0,holdout
pjxyqxbj279,男,汉族,共青团员,140000,通信工程学院,通信工程,0.0,0.0,0.0,0.0,0.0,0.0,0.0,10.0,0.3125,1.1301963325015703,-0.028225806451612892,0.09375,-0.3225806451612903,3.616628264005025,0.0,0.0,0.0,0.0,0.0,0.0,0.0,0.0,0.0,0.0,0.0,0.0,0.0,0.0,0.0,0.0,0.0,0.0,0.0,0.0,0.0,0.0,0.3125,0.0,0.0,0.0,0.0,0.03125,0.0,0.507,0,0,0,0,holdout
pjxyqwbk815,女,汉族,共青团员,610000,网络与信息安全学院,网络工程,0.0,0.0,0.0,0.0,0.0,0.0,0.0,10.0,0.3125,1.0135796712641785,-0.028958944281524925,0.09375,-0.3225806451612903,3.243454948045371,0.0,0.0,0.0,0.0,0.0,0.0,0.0,0.0,0.0,0.0,0.0,0.0,0.0,0.0,0.0,0.0,0.0,0.0,0.0,0.0,0.0,0.0,0.3125,0.0,0.0,0.0,0.0,0.0,0.0,0.507,0,0,0,0,holdout
pjxtztbj998,男,蒙古族,群众,150000,物理学院,电子信息科学与技术,0.0,0.0,0.0,0.0,0.0,0.0,0.0,0.0,0.0,0.0,0.0,0.0,0.0,0.0,0.0,0.0,0.0,0.0,0.0,0.0,0.0,0.0,0.0,0.0,0.0,0.0,0.0,0.0,0.0,0.0,0.0,0.0,0.0,0.0,0.0,0.0,0.0,0.0,0.0,0.0,0.0,0.0,0.0,0.507,1,1,0,0,holdout
pjxuqwbj552,男,汉族,共青团员,210000,机电工程学院,机械设计制造及其自动化,0.0,0.0,0.0,0.0,0.0,0.0,0.0,8.0,0.25,0.6614378277661477,-0.01759530791788856,0.125,-0.25806451612903225,2.6457513110645907,0.0,0.0,0.0,0.0,0.0,0.0,0.0,0.0,0.0,0.0,0.0,0.0,0.0,0.0,0.0,0.0,0.0,0.0,0.0,0.0,0.0,0.0,0.25,0.0,0.0,0.0,0.0,0.0,0.0,0.507,1,1,0,0,holdout
pjxyqxbk962,女,汉族,共青团员,370000,电子工程学院,电子信息工程,0.0,0.0,0.0,0.0,0.0,0.0,0.0,26.0,0.8125,3.835993189514288,-0.057551319648093804,0.09375,-0.8387096774193549,4.7212223870945085,0.0,0.0,0.0,0.0,0.0,0.0,0.0,0.0,0.0,0.0,0.0,0.0,0.0,0.0,0.0,0.0,0.0,0.0,0.0,0.0,0.0,0.0,0.8125,0.0,0.0,0.0,0.0,0.0,0.0,0.507,0,0,0,0,holdout
pjxyqwbj662,男,汉族,共青团员,140000,计算机科学与技术学院,计算机科学与技术,0.0,0.0,0.0,0.0,0.0,0.0,0.0,4.0,0.125,0.4841229182759271,-0.011730205278592375,0.0625,-0.12903225806451613,3.872983346207417,0.0,0.0,0.0,0.0,0.0,0.0,0.0,0.0,0.0,0.0,0.0,0.0,0.0,0.0,0.0,0.0,0.0,0.0,0.0,0.0,0.0,0.0,0.125,0.0,0.0,0.0,0.0,0.03125,0.0,0.507,0,0,0,0,holdout
pjxyqwbj552,女,汉族,共青团员,330000,计算机科学与技术学院,计算机科学与技术,0.0,0.0,0.0,0.0,0.0,0.0,0.0,18.0,0.5625,2.014595182660775,-0.055351906158357764,0.09375,-0.5806451612903226,3.5815025469524886,0.0,0.0,0.0,0.0,0.0,0.0,0.0,0.0,0.0,0.0,0.0,0.0,0.0,0.0,0.0,0.0,0.0,0.0,0.0,0.0,0.0,0.0,0.5625,0.0,0.0,0.0,0.0,0.0,0.0,0.507,0,0,0,0,holdout
pjxsqxbj966,男,汉族,群众,510000,经济与管理学院,电子商务,0.0,0.0,0.0,0.0,0.0,0.0,0.0,2.0,0.0625,0.34798527267687634,-0.006964809384164225,0.03125,-0.06451612903225806,5.5677643628300215,0.0,0.0,0.0,0.0,0.0,0.0,0.0,0.0,0.0,0.0,0.0,0.0,0.0,0.0,0.0,0.0,0.0,0.0,0.0,0.0,0.0,0.0,0.0625,0.0,0.0,0.0,0.0,0.0,0.0,0.507,1,1,0,0,holdout
pjxyqwbj802,男,汉族,共青团员,440000,计算机科学与技术学院,计算机科学与技术,0.0,0.0,0.0,0.0,0.0,0.0,0.0,4.0,0.125,0.6959705453537527,-0.01392961876832845,0.03125,-0.12903225806451613,5.5677643628300215,0.0,0.0,0.0,0.0,0.0,0.0,0.0,0.0,0.0,0.0,0.0,0.0,0.0,0.0,0.0,0.0,0.0,0.0,0.0,0.0,0.0,0.0,0.125,0.0,0.0,0.0,0.0,0.0,0.0,0.507,0,0,0,0,holdout
pjxyqwbj003,男,汉族,共青团员,420000,人工智能学院,智能科学与技术,0.0,0.0,0.0,0.0,0.0,0.0,0.0,2.0,0.0625,0.34798527267687634,-0.006964809384164225,0.03125,-0.06451612903225806,5.5677643628300215,0.0,0.0,0.0,0.0,0.0,0.0,0.0,0.0,0.0,0.0,0.0,0.0,0.0,0.0,0.0,0.0,0.0,0.0,0.0,0.0,0.0,0.0,0.0625,0.0,0.0,0.0,0.0,0.0,0.0,0.507,0,0,0,0,holdout
pjxyqxbj815,男,汉族,共青团员,510000,电子工程学院,电子信息工程,0.0,0.0,0.0,0.0,0.0,0.0,0.0,14.0,0.4375,1.3905372163304368,-0.0414222873900293,0.09375,-0.45161290322580644,3.1783707801838554,0.0,0.0,0.0,0.0,0.0,0.0,0.0,0.0,0.0,0.0,0.0,0.0,0.0,0.0,0.0,0.0,0.0,0.0,0.0,0.0,0.0,0.0,0.4375,0.0,0.0,0.0,0.0,0.0,0.0,0.507,0,0,0,0,holdout
pjxyqwbj838,男,汉族,共青团员,440000,计算机科学与技术学院,计算机科学与技术,0.0,0.0,0.0,0.0,0.0,0.0,0.0,4.0,0.125,0.4841229182759271,-0.011730205278592375,0.0625,-0.12903225806451613,3.872983346207417,542.0,16.9375,19.11631747356169,-0.14259530791788838,0.8125,12.451612903225808,1.1286386700257824,0.0,0.0,0.0,0.0,0.0,0.0,0.0,0.0,0.2988929889298893,14.392988929889299,0.0,0.0,0.0,0.0,0.0,-16.8125,-0.2988929889298893,0.0,0.0,2.0625,0.0,0.0,0.41007999999999994,0,0,0,0,holdout
pjxyqxbk681,男,汉族,共青团员,350000,通信工程学院,通信工程,0.0,0.0,0.0,0.0,0.0,0.0,0.0,12.0,0.375,1.165922381636102,-0.037390029325513184,0.09375,-0.3870967741935484,3.109126351029605,0.0,0.0,0.0,0.0,0.0,0.0,0.0,0.0,0.0,0.0,0.0,0.0,0.0,0.0,0.0,0.0,0.0,0.0,0.0,0.0,0.0,0.0,0.375,0.0,0.0,0.0,0.0,0.375,0.3333333333333333,0.66168,1,1,0,0,holdout
pjxyqxbk873,男,汉族,共青团员,340000,通信工程学院,通信工程,0.0,0.0,0.0,0.0,0.0,0.0,0.0,0.0,0.0,0.0,0.0,0.0,0.0,0.0,0.0,0.0,0.0,0.0,0.0,0.0,0.0,0.0,0.0,0.0,0.0,0.0,0.0,0.0,0.0,0.0,0.0,0.0,0.0,0.0,0.0,0.0,0.0,0.0,0.0,0.0,0.0,0.03125,0.0,0.507,0,0,0,0,holdout
pjxyqxbk331,男,汉族,共青团员,420000,微电子学院,微电子科学与工程,0.0,0.0,0.0,0.0,0.0,0.0,0.0,2.0,0.0625,0.34798527267687634,-0.00476539589442815,0.03125,-0.06451612903225806,5.5677643628300215,0.0,0.0,0.0,0.0,0.0,0.0,0.0,0.0,0.0,0.0,0.0,0.0,0.0,0.0,0.0,0.0,0.0,0.0,0.0,0.0,0.0,0.0,0.0625,0.0,0.0,0.0,0.0,2.78125,0.0,0.507,0,0,0,0,holdout
pjxyqwbj232,男,汉族,群众,350000,计算机科学与技术学院,计算机科学与技术,0.0,0.0,0.0,0.0,0.0,0.0,0.0,4.0,0.125,0.4841229182759271,-0.011730205278592375,0.0625,-0.12903225806451613,3.872983346207417,0.0,0.0,0.0,0.0,0.0,0.0,0.0,0.0,0.0,0.0,0.0,0.0,0.0,0.0,0.0,0.0,0.0,0.0,0.0,0.0,0.0,0.0,0.125,0.0,0.0,0.0,0.0,0.09375,0.0,0.507,0,0,0,0,holdout
pjxuzsfj978,男,汉族,中国共产党党员,410000,机电工程学院,电子封装技术（第二学士学位）,0.0,0.0,0.0,0.0,0.0,0.0,0.0,0.0,0.0,0.0,0.0,0.0,0.0,0.0,0.0,0.0,0.0,0.0,0.0,0.0,0.0,0.0,0.0,0.0,0.0,0.0,0.0,0.0,0.0,0.0,0.0,0.0,0.0,0.0,0.0,0.0,0.0,0.0,0.0,0.0,0.0,0.0,0.0,0.507,1,1,0,0,holdout
pjxuqwbj622,男,汉族,共青团员,520000,机电工程学院,电气工程及其自动化,0.0,0.0,0.0,0.0,0.0,0.0,0.0,4.0,0.125,0.4841229182759271,-0.013196480938416421,0.0625,-0.12903225806451613,3.872983346207417,0.0,0.0,0.0,0.0,0.0,0.0,0.0,0.0,0.0,0.0,0.0,0.0,0.0,0.0,0.0,0.0,0.0,0.0,0.0,0.0,0.0,0.0,0.125,0.0,0.0,0.0,0.0,0.0,0.0,0.507,1,1,0,0,holdout
pjxyqwbj646,男,汉族,共青团员,130000,计算机科学与技术学院,计算机科学与技术,0.0,0.0,0.0,0.0,0.0,0.0,0.0,6.0,0.1875,0.7680128579652817,-0.008431085043988264,0.0625,-0.1935483870967742,4.096068575814836,529.0,16.53125,18.756639449472285,0.6475439882697949,0.84375,45.903225806451616,1.134617131159004,0.0,0.0,0.0,0.0,0.0,0.0,0.0,0.0,0.2495274102079395,13.873345935727789,0.0,0.0,0.0,0.0,0.0,-16.34375,-0.2495274102079395,0.0,0.0,4.21875,0.0,0.0,0.40284,0,0,0,0,holdout
pjxyqxbk183,男,回族,群众,610000,电子工程学院,电子信息工程,0.0,0.0,0.0,0.0,0.0,0.0,0.0,10.0,0.3125,0.8816709987291178,-0.029692082111436948,0.125,-0.3225806451612903,2.821347195933177,0.0,0.0,0.0,0.0,0.0,0.0,0.0,0.0,0.0,0.0,0.0,0.0,0.0,0.0,0.0,0.0,0.0,0.0,0.0,0.0,0.0,0.0,0.3125,0.0,0.0,0.0,0.0,0.0,0.0,0.507,0,0,0,0,holdout
pjxyqxbj896,男,汉族,群众,320000,通信工程学院,通信工程,0.0,0.0,0.0,0.0,0.0,0.0,0.0,6.0,0.1875,0.7680128579652817,-0.018695014662756592,0.0625,-0.1935483870967742,4.096068575814836,137.0,4.28125,4.071504443998557,-0.04490469208211141,0.8125,-0.29032258064516103,0.9510083372843345,0.0,0.0,0.0,0.0,0.0,0.0,0.0,0.0,0.29927007299270075,14.832116788321168,0.0,0.0,0.0,0.0,0.0,-4.09375,-0.29927007299270075,0.0,0.0,1.1875,0.0,0.0,0.41559999999999997,0,0,0,0,holdout
pjwtqxbj998,男,汉族,共青团员,130000,光电工程学院,电子科学与技术,0.0,0.0,0.0,0.0,0.0,0.0,0.0,10.0,0.3125,1.4238482187368147,-0.02675953079178886,0.0625,-0.3225806451612903,4.556314299957807,0.0,0.0,0.0,0.0,0.0,0.0,0.0,0.0,0.0,0.0,0.0,0.0,0.0,0.0,0.0,0.0,0.0,0.0,0.0,0.0,0.0,0.0,0.3125,0.0,0.0,0.0,0.0,0.0,0.0,0.507,1,1,0,0,holdout
pjxyqxbj100,男,汉族,共青团员,150000,光电工程学院,光电信息科学与工程,0.0,0.0,0.0,0.0,0.0,0.0,0.0,0.0,0.0,0.0,0.0,0.0,0.0,0.0,0.0,0.0,0.0,0.0,0.0,0.0,0.0,0.0,0.0,0.0,0.0,0.0,0.0,0.0,0.0,0.0,0.0,0.0,0.0,0.0,0.0,0.0,0.0,0.0,0.0,0.0,0.0,0.0,0.0,0.507,0,0,0,0,holdout
pjxsqxbj752,女,回族,共青团员,650000,经济与管理学院,金融学,0.0,0.0,0.0,0.0,0.0,0.0,0.0,10.0,0.3125,1.2358574958303243,-0.03189149560117301,0.0625,-0.3225806451612903,3.954743986657038,0.0,0.0,0.0,0.0,0.0,0.0,0.0,0.0,0.0,0.0,0.0,0.0,0.0,0.0,0.0,0.0,0.0,0.0,0.0,0.0,0.0,0.0,0.3125,0.0,0.0,0.0,0.0,0.0,0.0,0.507,1,1,0,0,holdout
pjxuqwbj788,男,汉族,群众,140000,机电工程学院,机械设计制造及其自动化,0.0,0.0,0.0,0.0,0.0,0.0,0.0,2.0,0.0625,0.34798527267687634,-0.0054985337243401745,0.03125,-0.06451612903225806,5.5677643628300215,0.0,0.0,0.0,0.0,0.0,0.0,0.0,0.0,0.0,0.0,0.0,0.0,0.0,0.0,0.0,0.0,0.0,0.0,0.0,0.0,0.0,0.0,0.0625,0.0,0.0,0.0,0.0,0.0,0.0,0.507,1,1,0,0,holdout
pjxyqxbj718,男,汉族,共青团员,110000,空间科学与技术学院,飞行器设计与工程,0.0,0.0,0.0,0.0,0.0,0.0,0.0,2.0,0.0625,0.34798527267687634,-0.006964809384164225,0.03125,-0.06451612903225806,5.5677643628300215,293.0,9.15625,17.45549586627375,1.3267961876832841,0.28125,39.064516129032256,1.9064022789104438,0.0,0.0,0.0,0.0,0.0,0.0,0.0,0.0,0.3890784982935154,13.839590443686006,0.0,0.0,0.0,0.0,0.0,-9.09375,-0.3890784982935154,0.0,0.0,15.3125,0.0,0.0,0.38908,0,0,0,0,holdout
pjxyqwbj889,男,蒙古族,共青团员,150000,网络与信息安全学院,信息安全,0.0,0.0,0.0,0.0,0.0,0.0,0.0,2.0,0.0625,0.34798527267687634,-0.006964809384164225,0.03125,-0.06451612903225806,5.5677643628300215,0.0,0.0,0.0,0.0,0.0,0.0,0.0,0.0,0.0,0.0,0.0,0.0,0.0,0.0,0.0,0.0,0.0,0.0,0.0,0.0,0.0,0.0,0.0625,0.0,0.0,0.0,0.0,0.0,0.0,0.507,0,0,0,0,holdout
pjxyqxbj283,男,汉族,共青团员,140000,空间科学与技术学院,空间科学与技术,0.0,0.0,0.0,0.0,0.0,0.0,0.0,24.0,0.75,2.165063509461097,-0.06818181818181818,0.125,-0.7741935483870968,2.886751345948129,0.0,0.0,0.0,0.0,0.0,0.0,0.0,0.0,0.0,0.0,0.0,0.0,0.0,0.0,0.0,0.0,0.0,0.0,0.0,0.0,0.0,0.0,0.75,0.0,0.0,0.0,0.0,0.0,0.0,0.507,0,0,0,0,holdout
pjxyqxbj125,男,汉族,共青团员,330000,微电子学院,集成电路设计与集成系统,0.0,0.0,0.0,0.0,0.0,0.0,0.0,4.0,0.125,0.4841229182759271,-0.003665689149560114,0.0625,-0.12903225806451613,3.872983346207417,0.0,0.0,0.0,0.0,0.0,0.0,0.0,0.0,0.0,0.0,0.0,0.0,0.0,0.0,0.0,0.0,0.0,0.0,0.0,0.0,0.0,0.0,0.125,0.0,0.0,0.0,0.0,0.03125,1.0,0.66786,1,1,0,0,holdout
